system,seed,epoch,train_mean_u_ctrl,validation_mean_u_ctrl,validation_safety,best_validation_mean_u_ctrl,policy_entropy,entropy_t1,entropy_t2,entropy_t3,entropy_coefficient,gradient_norm,gradient_norm_max,policy_gradient_norm,policy_gradient_norm_max,clipping_events,advantage_mean,advantage_std,unique_sequences,dominant_sequence,dominant_sequence_fraction,terminal_cost_unique_count,terminal_cost_modal_fraction,terminal_cost_tied_fraction,potential_telescope_max_error,loss
ieee5,505,0,0.8846153846153845,0.8833333333333333,1.0,0.8833333333333333,3.364713668823242,3.4000487327575684,3.3645994663238525,3.3294928073883057,0.01,0.17147012161357061,0.4021887481212616,0.1714701226779393,0.4021887481212616,0,-0.14397600581511283,0.23888523103854126,52,11 10 4,0.019230769230769232,3.4285714285714284,0.5,0.7678571428571429,0.0,-1.377068662217685
ieee5,505,1,0.8980769230769231,,,0.8833333333333333,3.3634917736053467,3.4000473022460938,3.3627493381500244,3.32767915725708,0.00995983935742972,0.10177084963236536,0.13590240478515625,0.10177084750362805,0.13590240478515625,0,-0.00850399316718372,0.12196973097365786,52,20 26 6,0.019230769230769232,3.2857142857142856,0.5714285714285714,0.8035714285714286,0.0,-0.21094792229788645
ieee5,505,2,0.848076923076923,,,0.8833333333333333,3.362506628036499,3.400043249130249,3.3612849712371826,3.3261914253234863,0.009919678714859438,0.10328921622463635,0.13893024623394012,0.103289217289005,0.13893024623394012,0,0.001999090712230939,0.12227152348641329,52,2 25 20,0.019230769230769232,3.5714285714285716,0.44642857142857145,0.7857142857142857,0.0,-0.13151900683130538
ieee5,505,3,0.871153846153846,,,0.8833333333333333,3.361593723297119,3.400038003921509,3.3598952293395996,3.324847936630249,0.009879518072289156,0.07302853092551231,0.0974167063832283,0.07302853039332799,0.0974166989326477,0,0.003984419305827312,0.09239974225652663,52,28 14 22,0.019230769230769232,3.142857142857143,0.48214285714285715,0.8928571428571429,0.0,-0.06558139941522054
ieee5,505,4,0.8673076923076923,,,0.8833333333333333,3.3607170581817627,3.400040864944458,3.3585703372955322,3.3235394954681396,0.009839357429718877,0.11577226966619492,0.25688987970352173,0.11577226966619492,0.25688987970352173,0,-0.00023767730901734187,0.12406824522439483,52,6 10 22,0.019230769230769232,3.5714285714285716,0.48214285714285715,0.7857142857142857,0.0,-0.0033320763281413485
ieee5,505,5,0.8692307692307693,0.8750000000000001,1.0,0.8750000000000001,3.358900308609009,3.4000513553619385,3.3559205532073975,3.3207292556762695,0.009799196787148594,0.11281088526759829,0.17612099647521973,0.11281088633196694,0.17612099647521973,0,0.001607942289690702,0.12550303969612644,52,13 2 18,0.019230769230769232,3.2857142857142856,0.4107142857142857,0.7857142857142857,0.0,-0.05234090770993914
ieee5,505,6,0.8384615384615386,,,0.8750000000000001,3.3586206436157227,3.400062322616577,3.355286121368408,3.3205130100250244,0.009759036144578313,0.11992421320506505,0.1597796529531479,0.11992421746253967,0.15977966785430908,0,0.005517945833092269,0.13434809886472043,52,9 16 25,0.019230769230769232,3.5714285714285716,0.44642857142857145,0.8571428571428571,0.0,-0.010842910834721156
ieee5,505,7,0.8211538461538461,,,0.8750000000000001,3.3581371307373047,3.40006160736084,3.354685068130493,3.319664478302002,0.009718875502008032,0.11935677592243467,0.14454196393489838,0.1193567727293287,0.14454194903373718,0,-0.006824171829906005,0.13572671096183167,52,6 15 21,0.019230769230769232,4.0,0.4107142857142857,0.8035714285714286,0.0,-0.23512060514518193
ieee5,505,8,0.8730769230769231,,,0.8750000000000001,3.355964422225952,3.4000461101531982,3.351339101791382,3.3165082931518555,0.009678714859437752,0.12739961275032588,0.19322392344474792,0.12739961594343185,0.19322392344474792,0,-0.002354385438733376,0.1264597273235371,52,22 21 1,0.019230769230769232,3.142857142857143,0.5892857142857143,0.7857142857142857,0.0,-0.13909665708030974
ieee5,505,9,0.8423076923076922,,,0.8750000000000001,3.3550171852111816,3.4000306129455566,3.3501293659210205,3.3148915767669678,0.00963855421686747,0.12408770195075444,0.18975575268268585,0.12408770195075444,0.18975575268268585,0,0.0052695628714550715,0.12488476006364542,52,20 26 3,0.019230769230769232,3.857142857142857,0.375,0.8214285714285714,0.0,-0.13409966656139918
ieee5,505,10,0.8615384615384615,0.8833333333333333,1.0,0.8750000000000001,3.3529646396636963,3.400020122528076,3.346992254257202,3.311882257461548,0.009598393574297188,0.12839701771736145,0.19304169714450836,0.12839701771736145,0.19304169714450836,0,0.0005213482856141547,0.13157755076092745,52,0 1 20,0.019230769230769232,4.0,0.44642857142857145,0.6428571428571429,0.0,-0.09490297096116203
ieee5,505,11,0.8384615384615384,,,0.8750000000000001,3.351813316345215,3.400007724761963,3.3449196815490723,3.310511589050293,0.009558232931726907,0.10330397742135185,0.13119351863861084,0.1033039784857205,0.13119351863861084,0,-0.00936291688748707,0.11907309144004347,52,1 10 29,0.019230769230769232,4.142857142857143,0.4107142857142857,0.7142857142857143,0.0,-0.22328609653881618
ieee5,505,12,0.8576923076923075,,,0.8750000000000001,3.3507463932037354,3.399994373321533,3.343522548675537,3.3087222576141357,0.009518072289156626,0.1197399805699076,0.16517667472362518,0.1197399805699076,0.16517667472362518,0,0.0009391981338222439,0.12398412301247198,52,16 22 23,0.019230769230769232,4.0,0.4107142857142857,0.7321428571428571,0.0,-0.1035944830094065
ieee5,505,13,0.8230769230769232,,,0.8750000000000001,3.3495349884033203,3.399982213973999,3.341766119003296,3.306856632232666,0.009477911646586346,0.12284082174301147,0.18394750356674194,0.12284082387174879,0.18394750356674194,0,0.010888508476245288,0.1337679449370237,52,12 17 7,0.019230769230769232,3.857142857142857,0.39285714285714285,0.8214285714285714,0.0,-0.06010371446609497
ieee5,505,14,0.8980769230769231,,,0.8750000000000001,3.347191333770752,3.399975061416626,3.3381381034851074,3.303461790084839,0.009437751004016065,0.1029711344412395,0.13719455897808075,0.10297113337687083,0.13719455897808075,0,-0.016306424853750147,0.10699241116747472,52,9 3 19,0.019230769230769232,3.5714285714285716,0.4642857142857143,0.7857142857142857,0.0,-0.24329344821827753
ieee5,505,15,0.8634615384615386,0.8833333333333333,1.0,0.8750000000000001,3.346651554107666,3.3999619483947754,3.3376638889312744,3.30232834815979,0.009397590361445784,0.12246944116694587,0.23575733602046967,0.12246944116694587,0.23575733602046967,0,0.007847810836840207,0.11384905050836379,52,8 3 22,0.019230769230769232,3.857142857142857,0.42857142857142855,0.6607142857142857,0.0,0.0165349223784038
ieee5,505,16,0.846153846153846,,,0.8750000000000001,3.3400535583496094,3.3999555110931396,3.3272078037261963,3.2929978370666504,0.009357429718875501,0.11781521141529083,0.16395248472690582,0.1178152124796595,0.16395248472690582,0,0.005011028825090482,0.1297326658099973,52,1 2 20,0.019230769230769232,3.5714285714285716,0.42857142857142855,0.8571428571428571,0.0,-0.09744167008570262
ieee5,505,17,0.8615384615384615,,,0.8750000000000001,3.3296306133270264,3.399963855743408,3.311915397644043,3.277012825012207,0.009317269076305222,0.1286612461720194,0.1879441887140274,0.1286612440432821,0.1879441738128662,0,-0.013665243681036653,0.117024383678127,52,28 29 5,0.019230769230769232,3.7142857142857144,0.44642857142857145,0.7678571428571429,0.0,-0.23034992814064026
ieee5,505,18,0.8711538461538463,,,0.8750000000000001,3.3255951404571533,3.399966239929199,3.3063223361968994,3.2704968452453613,0.00927710843373494,0.14470680058002472,0.2801022529602051,0.1447067984512874,0.2801022529602051,0,0.01005883641146983,0.11297979190211688,52,24 23 5,0.019230769230769232,3.857142857142857,0.35714285714285715,0.7321428571428571,0.0,0.04708564068589892
ieee5,505,19,0.8615384615384616,,,0.8750000000000001,3.3206043243408203,3.3999674320220947,3.297795534133911,3.264049530029297,0.009236947791164659,0.11959445370095116,0.17464828491210938,0.11959445582968849,0.17464828491210938,0,0.0016451336515064423,0.10270161924124348,52,11 3 22,0.019230769230769232,3.7142857142857144,0.4642857142857143,0.7678571428571429,0.0,-0.0239847760115351
ieee5,505,20,0.8384615384615384,0.8833333333333333,1.0,0.8750000000000001,3.3123786449432373,3.399973154067993,3.285468101501465,3.2516961097717285,0.009196787148594378,0.15063107226576125,0.21263475716114044,0.15063107120139257,0.21263475716114044,0,-0.005200489254023593,0.12123173943841932,52,27 6 15,0.019230769230769232,3.7142857142857144,0.44642857142857145,0.7857142857142857,0.0,-0.23703294779573167
ieee5,505,21,0.875,,,0.8750000000000001,3.2946393489837646,3.3999686241149902,3.2590978145599365,3.224853038787842,0.009156626506024097,0.1771585707153593,0.37875503301620483,0.1771585696509906,0.37875503301620483,0,0.013554366605463795,0.12825588692018194,52,8 6 1,0.019230769230769232,3.142857142857143,0.5892857142857143,0.8214285714285714,0.0,0.18387983739376068
ieee5,505,22,0.8538461538461537,,,0.8750000000000001,3.2670326232910156,3.399954080581665,3.212693452835083,3.188451051712036,0.009116465863453816,0.18505288341215678,0.26439163088798523,0.18505288128341948,0.26439163088798523,0,-0.004626212056162051,0.12553102494579021,52,20 28 11,0.019230769230769232,4.142857142857143,0.375,0.6785714285714286,0.0,-0.14855239540338516
ieee5,505,23,0.8442307692307692,,,0.8750000000000001,3.200582981109619,3.3999407291412354,3.111837863922119,3.089970827102661,0.009076305220883533,0.22431035765579768,0.3073524236679077,0.224310359784535,0.3073524236679077,0,-0.0034231657090668497,0.12933627330095113,51,5 1 3,0.038461538461538464,4.0,0.42857142857142855,0.75,0.0,-0.08376112686736244
ieee5,505,24,0.8673076923076922,,,0.8750000000000001,3.159874677658081,3.399935722351074,3.0504701137542725,3.0292179584503174,0.009036144578313253,0.181033299437591,0.22253508865833282,0.181033299437591,0.22253510355949402,0,-0.004137201180968147,0.11634280354613129,52,16 1 11,0.019230769230769232,3.4285714285714284,0.44642857142857145,0.8392857142857143,0.0,-0.13275528805596487
ieee5,505,25,0.8403846153846153,0.8833333333333333,1.0,0.8750000000000001,3.1099703311920166,3.399923801422119,2.966536283493042,2.9634501934051514,0.008995983935742972,0.23235854719366347,0.4105166792869568,0.2323585535798754,0.4105166792869568,0,0.001899599706610808,0.12652282377178029,52,13 11 10,0.019230769230769232,4.0,0.4107142857142857,0.7857142857142857,0.0,-0.07800992046083723
ieee5,505,26,0.8711538461538461,,,0.8750000000000001,3.012155532836914,3.399921178817749,2.81673264503479,2.819812774658203,0.008955823293172691,0.20860800998551504,0.27637726068496704,0.20860800998551504,0.27637726068496704,0,-0.000561031712165389,0.1095187643453252,51,14 4 29,0.038461538461538464,3.7142857142857144,0.4642857142857143,0.7857142857142857,0.0,-0.03685017142977033
ieee5,505,27,0.8596153846153847,,,0.8750000000000001,3.13358211517334,3.399918556213379,2.996579885482788,3.0042495727539062,0.00891566265060241,0.19786592147180013,0.38164466619491577,0.19786592360053742,0.38164466619491577,0,-0.0053189386828587605,0.1015755658052906,50,27 1 11,0.038461538461538464,3.5714285714285716,0.4642857142857143,0.7857142857142857,0.0,-0.13895432225295476
ieee5,505,28,0.8576923076923075,,,0.8750000000000001,3.22598934173584,3.3999011516571045,3.1523537635803223,3.125713586807251,0.00887550200803213,0.1618930995464325,0.22796007990837097,0.16189309741769517,0.22796006500720978,0,0.013344770548148798,0.1095916337481117,52,23 19 4,0.019230769230769232,3.2857142857142856,0.5178571428571429,0.8214285714285714,0.0,0.01506881628717695
ieee5,505,29,0.8499999999999999,,,0.8750000000000001,3.238091230392456,3.3998758792877197,3.17399263381958,3.1404058933258057,0.008835341365461848,0.1357996655361993,0.1676587015390396,0.13579966447183064,0.1676587015390396,0,-0.010380103915499954,0.10050149739759187,52,18 15 5,0.019230769230769232,3.5714285714285716,0.42857142857142855,0.8035714285714286,0.0,-0.22386201364653452
ieee5,505,30,0.8557692307692307,0.8833333333333333,1.0,0.8750000000000001,3.2216572761535645,3.3998429775238037,3.1456587314605713,3.119471311569214,0.008795180722891567,0.17367265692778996,0.2796643376350403,0.17367265479905264,0.2796643376350403,0,-6.200860326106731e-05,0.11651921743980183,52,24 6 15,0.019230769230769232,3.4285714285714284,0.5,0.8035714285714286,0.0,-0.07449281960725784
ieee5,505,31,0.8615384615384616,,,0.8750000000000001,3.218409538269043,3.3998219966888428,3.1391286849975586,3.1162781715393066,0.008755020080321285,0.18139852796282088,0.21699200570583344,0.18139852796282088,0.21699200570583344,0,0.0011164465059454625,0.12530024894841865,52,26 2 23,0.019230769230769232,4.0,0.42857142857142855,0.6607142857142857,0.0,-0.057761246604578834
ieee5,505,32,0.9153846153846155,,,0.8750000000000001,3.232706308364868,3.3998186588287354,3.1600534915924072,3.138247489929199,0.008714859437751004,0.1158601540539946,0.213002547621727,0.11586015511836324,0.21300256252288818,0,-0.01017210290256816,0.08872669917794924,52,14 27 1,0.019230769230769232,3.0,0.5535714285714286,0.8928571428571429,0.0,-0.19512275074209487
ieee5,505,33,0.8576923076923075,,,0.8750000000000001,3.251126289367676,3.3998208045959473,3.1939380168914795,3.1596195697784424,0.008674698795180723,0.15116284415125847,0.21838459372520447,0.15116284734436444,0.21838460862636566,0,0.013741946438900553,0.12379763729563385,52,0 27 1,0.019230769230769232,3.5714285714285716,0.5,0.75,0.0,0.03221575915813446
ieee5,505,34,0.8615384615384616,,,0.8750000000000001,3.2361724376678467,3.399818181991577,3.174926519393921,3.133772611618042,0.008634538152610442,0.1780514270067215,0.26708802580833435,0.1780514270067215,0.26708802580833435,0,0.0018377863407994693,0.11505537444025574,52,14 12 1,0.019230769230769232,4.285714285714286,0.39285714285714285,0.625,0.0,-0.026638507843017578
ieee5,505,35,0.8480769230769233,0.8833333333333333,1.0,0.8750000000000001,3.233482837677002,3.3998219966888428,3.163646936416626,3.1369786262512207,0.008594377510040161,0.18419751631362097,0.33096012473106384,0.18419751418488367,0.33096012473106384,0,-0.0046687879725001175,0.1226231843441879,52,13 28 27,0.019230769230769232,4.0,0.4642857142857143,0.625,0.0,-0.05228293953197343
ieee5,505,36,0.8769230769230769,,,0.8750000000000001,3.2111523151397705,3.399827718734741,3.1221301555633545,3.1114988327026367,0.008554216867469879,0.15930114260741643,0.21645310521125793,0.15930114260741643,0.21645309031009674,0,-0.002707017263254294,0.11328389567165767,51,24 11 14,0.038461538461538464,3.7142857142857144,0.44642857142857145,0.8035714285714286,0.0,-0.15146223881414958
ieee5,505,37,0.8076923076923076,,,0.8750000000000001,3.2049131393432617,3.3998117446899414,3.1268274784088135,3.0881006717681885,0.0085140562248996,0.21375199939523423,0.27745527029037476,0.213751990880285,0.27745527029037476,0,0.012903639643739622,0.13553391308562565,52,26 1 11,0.019230769230769232,4.571428571428571,0.35714285714285715,0.6071428571428571,0.0,-0.029267666595322744
ieee5,505,38,0.7730769230769231,,,0.8750000000000001,3.169133424758911,3.3997864723205566,3.0699849128723145,3.0376293659210205,0.008473895582329317,0.21272849610873631,0.2559702396392822,0.212728493979999,0.2559702396392822,0,0.005639395784013546,0.13606318217722077,52,10 3 12,0.019230769230769232,4.142857142857143,0.39285714285714285,0.7321428571428571,0.0,-0.06508893519639969
ieee5,505,39,0.8576923076923078,,,0.8750000000000001,3.076481819152832,3.39975905418396,2.9151220321655273,2.914564371109009,0.008433734939759036,0.1921625988824027,0.25941386818885803,0.19216259462492807,0.25941383838653564,0,-0.017730177423520496,0.11156669686792518,52,5 21 0,0.019230769230769232,3.7142857142857144,0.42857142857142855,0.7857142857142857,0.0,-0.2069381879908698
ieee5,505,40,0.846153846153846,0.8833333333333333,1.0,0.8750000000000001,3.036284923553467,3.3997373580932617,2.8686773777008057,2.8404393196105957,0.008393574297188755,0.16386119382722036,0.24949444830417633,0.16386119702032634,0.24949444830417633,0,0.0024828415972968708,0.10633834152862742,51,27 4 1,0.038461538461538464,3.7142857142857144,0.4107142857142857,0.8571428571428571,0.0,-0.07038550291742597
ieee5,505,41,0.8346153846153845,,,0.8750000000000001,3.088844060897827,3.3997321128845215,2.934223175048828,2.932576894760132,0.008353413654618473,0.2432215575660978,0.3977642357349396,0.24322156395230973,0.3977642357349396,0,0.007975300039666204,0.12319237977139647,51,22 16 1,0.038461538461538464,4.285714285714286,0.4107142857142857,0.6071428571428571,0.0,0.05540039709636143
ieee5,505,42,0.8442307692307693,,,0.8750000000000001,3.198390007019043,3.3997340202331543,3.1147067546844482,3.0807290077209473,0.008313253012048194,0.16210030338593892,0.2234451174736023,0.1621002991284643,0.2234451174736023,0,-0.007048875881502261,0.10304965204533001,52,3 27 11,0.019230769230769232,3.2857142857142856,0.48214285714285715,0.8392857142857143,0.0,-0.16379007484231675
ieee5,505,43,0.8711538461538463,,,0.8750000000000001,3.257220983505249,3.399735689163208,3.200643301010132,3.171283721923828,0.008273092369477911,0.1755528918334416,0.2522833049297333,0.17555288757596696,0.2522833049297333,0,0.0015255381339766944,0.12090980556341785,51,16 22 1,0.038461538461538464,3.857142857142857,0.42857142857142855,0.6785714285714286,0.0,-0.028969920107296536
ieee5,505,44,0.8865384615384616,,,0.8750000000000001,3.2800064086914062,3.399747133255005,3.235942840576172,3.204329013824463,0.00823293172690763,0.11535266786813736,0.1502542942762375,0.1153526742543493,0.15025430917739868,0,-0.002425043386980318,0.09591986656806618,52,23 3 1,0.019230769230769232,3.142857142857143,0.44642857142857145,0.8392857142857143,0.0,-0.058334567717143467
ieee5,505,45,0.8903846153846153,0.8833333333333333,1.0,0.8750000000000001,3.2893340587615967,3.3997538089752197,3.2521090507507324,3.216139316558838,0.00819277108433735,0.12483677906649453,0.19928480684757233,0.12483677800212588,0.19928480684757233,0,-0.007497519856000368,0.10583332784928699,52,5 19 29,0.019230769230769232,3.5714285714285716,0.48214285714285715,0.7857142857142857,0.0,-0.1578763648867607
ieee5,505,46,0.8846153846153848,,,0.8750000000000001,3.287241220474243,3.399749755859375,3.2464027404785156,3.215571403503418,0.008152610441767068,0.14779844081827573,0.19904154539108276,0.14779844294701303,0.19904156029224396,0,0.002177508307235817,0.11463527147721203,52,23 5 4,0.019230769230769232,3.4285714285714284,0.5178571428571429,0.7857142857142857,0.0,-0.06390382030180522
ieee5,505,47,0.8557692307692307,,,0.8750000000000001,3.2952637672424316,3.399750232696533,3.258260488510132,3.22778058052063,0.008112449799196788,0.1466266331928117,0.18205159902572632,0.14662663532154901,0.1820516139268875,0,0.003732342219266754,0.12509321547381888,52,23 12 29,0.019230769230769232,3.857142857142857,0.42857142857142855,0.75,0.0,-0.06440555304288864
ieee5,505,48,0.8884615384615385,,,0.8750000000000001,3.3113605976104736,3.3997480869293213,3.2814102172851562,3.2529232501983643,0.008072289156626507,0.12310790802751269,0.21566346287727356,0.12310790909188134,0.21566346287727356,0,-0.002074925443873956,0.11101207169145817,52,27 29 3,0.019230769230769232,3.7142857142857144,0.4642857142857143,0.7678571428571429,0.0,-0.09612418179001127
ieee5,505,49,0.8749999999999999,,,0.8750000000000001,3.3207335472106934,3.3997459411621094,3.298091411590576,3.2643632888793945,0.008032128514056224,0.1276556487594332,0.20232056081295013,0.12765565088817052,0.20232056081295013,0,0.00276708170458033,0.10957833528901667,52,3 4 7,0.019230769230769232,3.5714285714285716,0.42857142857142855,0.8035714285714286,0.0,-0.02833406307867595
ieee5,505,50,0.8769230769230768,0.8833333333333333,1.0,0.8750000000000001,3.327564239501953,3.399733543395996,3.3082258701324463,3.2747323513031006,0.007991967871485943,0.10603881467665945,0.13861149549484253,0.10603881308010646,0.13861149549484253,0,-0.004317147179300753,0.11231858256039484,52,22 24 23,0.019230769230769232,3.857142857142857,0.5178571428571429,0.6964285714285714,0.0,-0.11204509756394795
ieee5,505,51,0.8461538461538463,,,0.8750000000000001,3.33880615234375,3.3997206687927246,3.324147939682007,3.2925515174865723,0.007951807228915662,0.14267020566122873,0.2136673629283905,0.14267020778996603,0.2136673778295517,0,0.007125203587258091,0.14462787830288779,52,21 20 4,0.019230769230769232,3.4285714285714284,0.4642857142857143,0.875,0.0,-0.053232302623135705
ieee5,505,52,0.8403846153846153,,,0.8750000000000001,3.344083309173584,3.3997061252593994,3.3338122367858887,3.2987325191497803,0.007911646586345382,0.13812187314033508,0.160640150308609,0.13812187101159776,0.16064013540744781,0,0.0013630924782214256,0.14150990225060106,52,1 5 7,0.019230769230769232,4.142857142857143,0.4107142857142857,0.7142857142857143,0.0,-0.012162562991891588
ieee5,505,53,0.8884615384615385,,,0.8750000000000001,3.347080707550049,3.399704933166504,3.3373589515686035,3.30417799949646,0.0078714859437751,0.10034061595797539,0.20329032838344574,0.10034061276486941,0.20329031348228455,0,-0.004663284465025824,0.10280384075107633,52,26 24 4,0.019230769230769232,3.142857142857143,0.4642857142857143,0.8571428571428571,0.0,-0.05895602809531348
ieee5,505,54,0.898076923076923,,,0.8750000000000001,3.3497040271759033,3.399709939956665,3.341513156890869,3.3078904151916504,0.00783132530120482,0.08697778305837087,0.10779515653848648,0.08697778092963356,0.10779515653848648,0,-0.0057990900710977325,0.10584276737306703,52,18 19 20,0.019230769230769232,3.5714285714285716,0.5357142857142857,0.7678571428571429,0.0,-0.14672315972191946
ieee5,505,55,0.825,0.8833333333333333,1.0,0.8750000000000001,3.3496179580688477,3.3997244834899902,3.341343879699707,3.3077845573425293,0.007791164658634539,0.11746479836957795,0.1696631759405136,0.11746479996613093,0.1696631759405136,0,0.019324996042996645,0.1276619537966218,52,20 2 18,0.019230769230769232,4.142857142857143,0.39285714285714285,0.6785714285714286,0.0,0.13964819269520895
ieee5,505,56,0.8596153846153848,,,0.8750000000000001,3.3508923053741455,3.3997244834899902,3.3430278301239014,3.309925079345703,0.007751004016064257,0.1232043206691742,0.15451225638389587,0.12320431854043688,0.15451225638389587,0,-0.011843192516467892,0.13361166748002326,52,1 29 24,0.019230769230769232,4.0,0.5,0.6785714285714286,0.0,-0.16965642039264953
ieee5,505,57,0.8576923076923078,,,0.8750000000000001,3.3529601097106934,3.3997011184692383,3.3466973304748535,3.312480926513672,0.007710843373493976,0.09584113476531846,0.13824225962162018,0.09584113689405578,0.13824225962162018,0,-0.0014901152776124387,0.1260468715599584,52,19 7 14,0.019230769230769232,3.857142857142857,0.42857142857142855,0.7678571428571429,0.0,-0.12907023834330694
ieee5,505,58,0.8519230769230769,,,0.8750000000000001,3.355149507522583,3.399681568145752,3.350388765335083,3.315377712249756,0.007670682730923695,0.1009015047124454,0.15243537724018097,0.10090150684118271,0.15243536233901978,0,0.001518225261511711,0.11814404769943711,52,25 8 11,0.019230769230769232,3.7142857142857144,0.4642857142857143,0.8035714285714286,0.0,-0.04121122828551701
ieee5,505,59,0.8519230769230769,,,0.8750000000000001,3.354229211807251,3.399686336517334,3.3481123447418213,3.3148884773254395,0.007630522088353413,0.0923219094319003,0.12707161903381348,0.09232190730316299,0.12707161903381348,0,0.0077415133307043174,0.11032958609133946,52,19 23 29,0.019230769230769232,3.857142857142857,0.5,0.7142857142857143,0.0,0.028995716146060398
ieee5,505,60,0.8615384615384615,0.8833333333333333,1.0,0.8750000000000001,3.3535070419311523,3.399702310562134,3.3466796875,3.3141379356384277,0.007590361445783133,0.1016396592770304,0.12973354756832123,0.10163965608392443,0.12973354756832123,0,-0.01623123136456483,0.12124831785068153,52,27 23 10,0.019230769230769232,3.857142857142857,0.44642857142857145,0.7142857142857143,0.0,-0.23828573312078202
ieee5,505,61,0.8788461538461537,,,0.8750000000000001,3.35379958152771,3.3997128009796143,3.3471579551696777,3.3145291805267334,0.007550200803212852,0.09016209308590208,0.11781460046768188,0.0901620898927961,0.11781460046768188,0,-0.002603249096025068,0.11156685136800991,52,12 21 6,0.019230769230769232,3.142857142857143,0.5178571428571429,0.875,0.0,-0.12981975504330226
ieee5,505,62,0.8884615384615384,,,0.8750000000000001,3.3529069423675537,3.3997151851654053,3.346730947494507,3.3122754096984863,0.00751004016064257,0.07092669552990369,0.12845055758953094,0.07092669659427234,0.12845055758953094,0,0.005822973625841909,0.0970167484293842,52,14 4 3,0.019230769230769232,3.142857142857143,0.4642857142857143,0.875,0.0,-0.019830247121197835
ieee5,505,63,0.8557692307692307,,,0.8750000000000001,3.3525750637054443,3.3997232913970947,3.345736503601074,3.3122663497924805,0.007469879518072289,0.09729820277009692,0.14671553671360016,0.09729820489883423,0.14671555161476135,0,0.008245451778818209,0.11474711010338602,52,16 26 13,0.019230769230769232,3.857142857142857,0.4107142857142857,0.7142857142857143,0.0,0.022463570748056685
ieee5,505,64,0.8500000000000001,,,0.8750000000000001,3.350848913192749,3.3997323513031006,3.344491481781006,3.308323860168457,0.007429718875502009,0.12000599929264613,0.18226273357868195,0.12000599397080285,0.18226270377635956,0,0.00530854553485719,0.12979096608002946,52,16 7 21,0.019230769230769232,4.142857142857143,0.3392857142857143,0.6964285714285714,0.0,-0.026418815766062056
ieee5,505,65,0.8903846153846153,0.8833333333333333,1.0,0.8750000000000001,3.3484551906585693,3.3997297286987305,3.3385560512542725,3.3070807456970215,0.007389558232931727,0.09060624135392052,0.10762135684490204,0.09060623922518321,0.10762134939432144,0,-0.015303555405877817,0.10781337641686622,52,22 12 13,0.019230769230769232,3.7142857142857144,0.5,0.7321428571428571,0.0,-0.23588646948337555
ieee5,505,66,0.8615384615384616,,,0.8750000000000001,3.3484175205230713,3.3997254371643066,3.3399579524993896,3.3055684566497803,0.007349397590361446,0.11319715902209282,0.1893448829650879,0.11319715955427714,0.1893448829650879,0,0.00936548427069703,0.11428831603442331,52,5 17 27,0.019230769230769232,3.857142857142857,0.4107142857142857,0.8035714285714286,0.0,-0.008461016629423414
ieee5,505,67,0.8865384615384616,,,0.8750000000000001,3.3394410610198975,3.399719476699829,3.324897289276123,3.293708324432373,0.007309236947791164,0.09282719024590083,0.19100995361804962,0.0928271934390068,0.19100996851921082,0,-0.004943324370497766,0.1057133993489232,52,27 28 26,0.019230769230769232,3.5714285714285716,0.44642857142857145,0.75,0.0,-0.010091591094221388
ieee5,505,68,0.8384615384615386,,,0.8750000000000001,3.337075710296631,3.3997182846069336,3.319234609603882,3.2922723293304443,0.007269076305220883,0.1176243903381484,0.205821692943573,0.1176243903381484,0.2058217078447342,0,0.01580046154021357,0.12291711751168255,52,1 21 11,0.019230769230769232,3.7142857142857144,0.4642857142857143,0.8035714285714286,0.0,0.1681566759943962
ieee5,505,69,0.8730769230769231,,,0.8750000000000001,3.3413102626800537,3.399724006652832,3.3303606510162354,3.2938451766967773,0.007228915662650603,0.10277866146394185,0.17066945135593414,0.10277865933520454,0.17066943645477295,0,-0.010814714993242748,0.11003423131639453,52,22 9 16,0.019230769230769232,3.857142857142857,0.4642857142857143,0.7142857142857143,0.0,-0.14311255514621735
ieee5,505,70,0.8461538461538463,0.8583333333333334,1.0,0.8583333333333334,3.339198112487793,3.3997297286987305,3.32462215423584,3.2932424545288086,0.007188755020080322,0.13232992908784322,0.19094809889793396,0.13232993015221187,0.19094809889793396,0,-0.0010953578345764142,0.13842847394193897,52,11 12 7,0.019230769230769232,3.5714285714285716,0.44642857142857145,0.7321428571428571,0.0,-0.011836023202964239
ieee5,505,71,0.8653846153846154,,,0.8583333333333334,3.342571496963501,3.3997507095336914,3.329951286315918,3.2980127334594727,0.00714859437751004,0.09092484254922185,0.12769149243831635,0.09092484361359052,0.12769149243831635,0,-0.007064484686662371,0.10120470197410404,52,27 11 16,0.019230769230769232,3.4285714285714284,0.5357142857142857,0.7857142857142857,0.0,-0.17096296378544398
ieee5,505,72,0.8576923076923078,,,0.8583333333333334,3.3454949855804443,3.3997550010681152,3.3368632793426514,3.2998671531677246,0.007108433734939759,0.10030140089137214,0.12874536216259003,0.10030140089137214,0.12874536216259003,0,0.0007428538426141201,0.11180017308720995,52,12 9 14,0.019230769230769232,3.7142857142857144,0.44642857142857145,0.8035714285714286,0.0,-0.10227675097329277
ieee5,505,73,0.875,,,0.8583333333333334,3.3463196754455566,3.399749517440796,3.3375604152679443,3.301647186279297,0.007068273092369478,0.12385105660983495,0.26867079734802246,0.12385106086730957,0.26867082715034485,0,0.009512589520734483,0.12730461364971812,52,6 12 15,0.019230769230769232,3.5714285714285716,0.5714285714285714,0.7321428571428571,0.0,0.1564896787915911
ieee5,505,74,0.8865384615384617,,,0.8583333333333334,3.345856189727783,3.399745464324951,3.3361804485321045,3.3016417026519775,0.0070281124497991974,0.11357842119676727,0.23830947279930115,0.11357842279332024,0.23830947279930115,0,-0.006241084783911132,0.10820524311488108,52,6 23 4,0.019230769230769232,3.7142857142857144,0.48214285714285715,0.6785714285714286,0.0,-0.08658421678202492
ieee5,505,75,0.8615384615384614,0.8583333333333334,1.0,0.8583333333333334,3.342893123626709,3.3997480869293213,3.3295512199401855,3.29938006401062,0.006987951807228916,0.0907938661319869,0.1249791607260704,0.0907938661319869,0.12497915327548981,0,-0.0033528819286192837,0.10445042814433511,52,24 2 9,0.019230769230769232,3.4285714285714284,0.5178571428571429,0.7857142857142857,0.0,-0.09025262934820992
ieee5,505,76,0.8730769230769232,,,0.8583333333333334,3.341785430908203,3.3997583389282227,3.3280587196350098,3.297538995742798,0.006947791164658635,0.10534140467643738,0.1521446406841278,0.10534140041896276,0.1521446257829666,0,-0.002904894922931607,0.11046666106255881,52,22 1 19,0.019230769230769232,3.4285714285714284,0.5,0.875,0.0,-0.1850951122386115
ieee5,505,77,0.8423076923076922,,,0.8583333333333334,3.345277786254883,3.3997645378112793,3.333251476287842,3.302816152572632,0.006907630522088353,0.11824338350977216,0.1345643252134323,0.11824338457414083,0.1345643252134323,0,0.008329513411109265,0.1322231506274122,52,29 15 13,0.019230769230769232,4.142857142857143,0.375,0.6785714285714286,0.0,0.012412709849221366
ieee5,505,78,0.8499999999999999,,,0.8583333333333334,3.347874641418457,3.3997650146484375,3.338153600692749,3.305706262588501,0.006867469879518072,0.12253269446747643,0.19741404056549072,0.12253270191805703,0.19741405546665192,0,-0.0009770664350631146,0.12113717531672678,52,21 3 4,0.019230769230769232,3.857142857142857,0.48214285714285715,0.75,0.0,-0.05869823907102857
ieee5,505,79,0.8499999999999999,,,0.8583333333333334,3.343637704849243,3.3997421264648438,3.331576108932495,3.299596071243286,0.006827309236947791,0.12111363134213857,0.136123925447464,0.1211136302777699,0.136123925447464,0,0.0001792588199560459,0.12620104014452688,52,13 17 11,0.019230769230769232,4.142857142857143,0.42857142857142855,0.6785714285714286,0.0,-0.07505333210740771
ieee5,505,80,0.8730769230769231,0.8583333333333334,1.0,0.8583333333333334,3.332911968231201,3.3997280597686768,3.3165807723999023,3.282426595687866,0.0067871485943775105,0.10570620213236127,0.1461954265832901,0.10570620106799263,0.1461954265832901,0,-0.00994638754771306,0.10573404461798806,52,14 21 20,0.019230769230769232,3.142857142857143,0.5,0.8928571428571429,0.0,-0.2106774683509554
ieee5,505,81,0.8596153846153847,,,0.8583333333333334,3.331190347671509,3.399722099304199,3.311753511428833,3.282095432281494,0.006746987951807229,0.1348362841776439,0.21165625751018524,0.13483627779143198,0.21165624260902405,0,0.012425951341776034,0.12412106323810003,52,19 6 14,0.019230769230769232,3.857142857142857,0.42857142857142855,0.7321428571428571,0.0,0.08395846613815852
ieee5,505,82,0.8596153846153846,,,0.8583333333333334,3.3312158584594727,3.3997175693511963,3.3117191791534424,3.282210111618042,0.006706827309236948,0.1439621618815831,0.16813702881336212,0.14396215975284576,0.16813702881336212,0,-0.01070010383913401,0.13141843137169773,52,10 22 28,0.019230769230769232,3.7142857142857144,0.48214285714285715,0.7678571428571429,0.0,-0.2206937883581434
ieee5,505,83,0.8788461538461537,,,0.8583333333333334,3.339691162109375,3.3997251987457275,3.3257203102111816,3.2936272621154785,0.006666666666666668,0.09002223610877991,0.12044710665941238,0.09002223557659558,0.12044711410999298,0,-0.00073064388128002,0.10045651742457566,52,28 22 10,0.019230769230769232,3.5714285714285716,0.5,0.75,0.0,-0.09061826126916069
ieee5,505,84,0.8576923076923075,,,0.8583333333333334,3.3436145782470703,3.3997206687927246,3.3332502841949463,3.2978732585906982,0.006626506024096386,0.11621833699090141,0.1513136327266693,0.11621833699090141,0.1513136327266693,0,0.005289913774154579,0.12292949451203114,52,7 3 19,0.019230769230769232,4.142857142857143,0.39285714285714285,0.75,0.0,-0.07040217838117055
ieee5,505,85,0.8711538461538463,0.8583333333333334,1.0,0.8583333333333334,3.3338615894317627,3.3997128009796143,3.3186731338500977,3.2831995487213135,0.0065863453815261045,0.11711484087365014,0.17871615290641785,0.1171148419380188,0.17871615290641785,0,-0.00027866866618681414,0.11227181011934652,52,18 27 6,0.019230769230769232,3.4285714285714284,0.44642857142857145,0.8214285714285714,0.0,-0.05329863727092743
ieee5,505,86,0.8692307692307691,,,0.8583333333333334,3.332315683364868,3.3997209072113037,3.315565347671509,3.281660795211792,0.006546184738955823,0.14778873111520494,0.3047078549861908,0.1477887300508363,0.3047078549861908,0,0.003598114833808862,0.13732699180528662,52,17 1 28,0.019230769230769232,3.142857142857143,0.5535714285714286,0.8035714285714286,0.0,0.04709630885294506
ieee5,505,87,0.851923076923077,,,0.8583333333333334,3.326496124267578,3.3997395038604736,3.3038125038146973,3.275937080383301,0.006506024096385542,0.11093200211014066,0.16215106844902039,0.11093200423887797,0.16215108335018158,0,0.00010675930668814824,0.09450683943541983,52,17 20 25,0.019230769230769232,3.2857142857142856,0.5178571428571429,0.8214285714285714,0.0,-0.0893849294100489
ieee5,505,88,0.8346153846153844,,,0.8583333333333334,3.324230432510376,3.3997507095336914,3.295095682144165,3.2778468132019043,0.006465863453815262,0.11697593863521304,0.1707221418619156,0.11697593437773841,0.1707221269607544,0,0.0029022377163458327,0.11903957586278746,52,27 15 13,0.019230769230769232,4.142857142857143,0.44642857142857145,0.6785714285714286,0.0,-0.07319301579679761
ieee5,505,89,0.8730769230769231,,,0.8583333333333334,3.3260083198547363,3.3997387886047363,3.297424077987671,3.280862331390381,0.00642570281124498,0.12301370927265712,0.188516765832901,0.12301370607955116,0.188516765832901,0,-0.0029116432359352564,0.110793221205925,52,8 6 19,0.019230769230769232,3.7142857142857144,0.48214285714285715,0.7321428571428571,0.0,-0.12581203026430948
ieee5,505,90,0.8692307692307691,0.8583333333333334,1.0,0.8583333333333334,3.324347972869873,3.3997225761413574,3.3054263591766357,3.267895221710205,0.0063855421686746985,0.12608774219240462,0.19291141629219055,0.12608774432114192,0.19291141629219055,0,0.0023045831789764073,0.11798247787267381,52,27 11 29,0.019230769230769232,3.4285714285714284,0.4642857142857143,0.7321428571428571,0.0,-0.03513337565319879
ieee5,505,91,0.8769230769230769,,,0.8583333333333334,3.328265905380249,3.3997230529785156,3.301271915435791,3.2838032245635986,0.006345381526104418,0.1302304927791868,0.27816489338874817,0.13023049384355545,0.27816489338874817,0,0.0035623221987267383,0.11419133961875491,52,11 5 29,0.019230769230769232,3.4285714285714284,0.48214285714285715,0.7857142857142857,0.0,0.10317720259938921
ieee5,505,92,0.8442307692307692,,,0.8583333333333334,3.338836193084717,3.3997321128845215,3.325260639190674,3.2915167808532715,0.006305220883534138,0.1315927505493164,0.20652548968791962,0.13159274948494776,0.20652548968791962,0,-0.009075832768128468,0.13879460524463952,52,18 13 22,0.019230769230769232,4.142857142857143,0.4642857142857143,0.6964285714285714,0.0,-0.1780983635357448
ieee5,505,93,0.8538461538461537,,,0.8583333333333334,3.3465278148651123,3.3997297286987305,3.338742256164551,3.301111936569214,0.006265060240963856,0.11409149531807218,0.15223819017410278,0.11409149638244084,0.15223819017410278,0,0.004106858387016333,0.12381976616297137,52,11 1 10,0.019230769230769232,3.7142857142857144,0.44642857142857145,0.7857142857142857,0.0,-0.04967173082487924
ieee5,505,94,0.8711538461538463,,,0.8583333333333334,3.33666729927063,3.3997156620025635,3.3206236362457275,3.289663076400757,0.006224899598393574,0.09897156379052571,0.14295920729637146,0.09897156325834137,0.14295920729637146,0,-0.0032213646694659614,0.1070668739671363,52,24 4 5,0.019230769230769232,3.5714285714285716,0.42857142857142855,0.7857142857142857,0.0,-0.04779324308037758
ieee5,505,95,0.8365384615384615,0.8833333333333333,1.0,0.8583333333333334,3.346674680709839,3.3996782302856445,3.3359055519104004,3.3044397830963135,0.006184738955823292,0.11173515021800995,0.1328919231891632,0.11173515234674726,0.1328919231891632,0,0.0027420993607777814,0.1305479960491232,52,22 8 20,0.019230769230769232,4.428571428571429,0.375,0.6964285714285714,0.0,-0.0727705183838095
ieee5,505,96,0.8730769230769229,,,0.8583333333333334,3.3445701599121094,3.399644136428833,3.334564685821533,3.299501657485962,0.006144578313253012,0.09538534443293299,0.14478011429309845,0.09538534230419568,0.14478011429309845,0,-0.003722405920808132,0.11832905022861977,52,29 3 14,0.019230769230769232,3.5714285714285716,0.48214285714285715,0.8035714285714286,0.0,-0.1297530835228307
ieee5,505,97,0.8615384615384615,,,0.8583333333333334,3.347623348236084,3.3996212482452393,3.3369901180267334,3.306257963180542,0.006104417670682732,0.08562164860112327,0.13213591277599335,0.08562164753675461,0.13213591277599335,0,0.0071140758943958925,0.10168191566446616,52,29 6 0,0.019230769230769232,3.2857142857142856,0.5,0.8392857142857143,0.0,0.05449475347995758
ieee5,505,98,0.8750000000000001,,,0.8583333333333334,3.345087766647339,3.3996126651763916,3.3310792446136475,3.3045716285705566,0.00606425702811245,0.09757518129689353,0.14486649632453918,0.09757518236126218,0.14486649632453918,0,4.466853211992062e-05,0.10392423884863948,52,2 25 7,0.019230769230769232,3.5714285714285716,0.48214285714285715,0.75,0.0,-0.029626373733792986
ieee5,505,99,0.9038461538461537,,,0.8583333333333334,3.3475286960601807,3.3996171951293945,3.338139533996582,3.304831027984619,0.006024096385542168,0.07890323230198451,0.1322694718837738,0.07890323070543152,0.1322694718837738,0,-0.01270364486397459,0.09801725274856851,51,28 20 15,0.038461538461538464,3.142857142857143,0.5535714285714286,0.8214285714285714,0.0,-0.1905094858791147
ieee5,505,100,0.8596153846153846,0.8833333333333333,1.0,0.8583333333333334,3.3461084365844727,3.399627447128296,3.3355066776275635,3.303189277648926,0.005983935742971888,0.11342177859374455,0.1827753633260727,0.11342177646500724,0.1827753633260727,0,0.00828171639631574,0.1315521167608808,52,11 3 0,0.019230769230769232,3.7142857142857144,0.42857142857142855,0.7142857142857143,0.0,0.04576277307101658
ieee5,505,101,0.8500000000000001,,,0.8583333333333334,3.348008394241333,3.3996291160583496,3.337515115737915,3.3068809509277344,0.005943775100401607,0.11722305257405553,0.17750999331474304,0.11722305097750255,0.17751000821590424,0,0.007948140900295515,0.12281168778696906,51,16 12 20,0.038461538461538464,3.7142857142857144,0.48214285714285715,0.75,0.0,0.046249471072639735
ieee5,505,102,0.8615384615384614,,,0.8583333333333334,3.3489363193511963,3.3996317386627197,3.340310573577881,3.30686616897583,0.0059036144578313255,0.10032706441623825,0.14146944880485535,0.10032706654497556,0.14146946370601654,0,-0.009314898500004066,0.12438782715603403,52,22 14 24,0.019230769230769232,3.4285714285714284,0.5,0.7857142857142857,0.0,-0.14711141799177443
ieee5,505,103,0.8576923076923075,,,0.8583333333333334,3.352125883102417,3.399632692337036,3.3457016944885254,3.311042547225952,0.005863453815261044,0.07359914002673966,0.10035116970539093,0.07359913949455534,0.10035116970539093,0,0.0031259623400938627,0.09641264549671474,52,29 8 4,0.019230769230769232,3.5714285714285716,0.44642857142857145,0.8214285714285714,0.0,-0.044070854783058167
ieee5,505,104,0.8269230769230769,,,0.8583333333333334,3.352870464324951,3.3996317386627197,3.345863103866577,3.3131163120269775,0.005823293172690764,0.1026198033775602,0.1360481232404709,0.1026198033775602,0.1360481232404709,0,-0.006470699508029681,0.1275280180841224,52,13 22 10,0.019230769230769232,3.857142857142857,0.4107142857142857,0.8035714285714286,0.0,-0.1709385205592428
ieee5,505,105,0.8249999999999998,0.8833333333333333,1.0,0.8583333333333334,3.3509302139282227,3.3996405601501465,3.342940092086792,3.310209035873413,0.005783132530120482,0.09709197495664869,0.11700177937746048,0.09709197548883301,0.11700178682804108,0,0.0015928703002058542,0.12747653496282127,52,14 3 1,0.019230769230769232,3.857142857142857,0.48214285714285715,0.6964285714285714,0.0,-0.0648623960358756
ieee5,505,106,0.8711538461538463,,,0.8583333333333334,3.3532018661499023,3.3996529579162598,3.3491201400756836,3.3108327388763428,0.005742971887550201,0.10668850690126419,0.12969502806663513,0.10668850583689553,0.12969502806663513,0,0.0008888387994654925,0.12985237579270043,52,19 21 29,0.019230769230769232,3.5714285714285716,0.44642857142857145,0.8392857142857143,0.0,-0.1334244225706373
ieee5,505,107,0.846153846153846,,,0.8583333333333334,3.349724769592285,3.399648427963257,3.33931565284729,3.310210704803467,0.0057028112449799195,0.1132910315479551,0.15503253042697906,0.11329103261232376,0.15503253042697906,0,0.007995720491565477,0.13691805289305445,52,12 14 13,0.019230769230769232,3.7142857142857144,0.4642857142857143,0.75,0.0,0.024165954973016466
ieee5,505,108,0.8653846153846154,,,0.8583333333333334,3.3522515296936035,3.3996288776397705,3.345439910888672,3.3116848468780518,0.005662650602409638,0.11134663171001843,0.22164466977119446,0.11134663277438708,0.22164466977119446,0,-0.0052649810946045015,0.12228796659047142,52,4 18 25,0.019230769230769232,3.7142857142857144,0.48214285714285715,0.7857142857142857,0.0,-0.06771723713193621
ieee5,505,109,0.848076923076923,,,0.8583333333333334,3.3480169773101807,3.3996150493621826,3.3383004665374756,3.306135892868042,0.005622489959839358,0.11551690314497266,0.15668363869190216,0.11551690314497266,0.15668363869190216,0,0.0023234991285090265,0.12701766811520634,52,26 29 17,0.019230769230769232,3.7142857142857144,0.42857142857142855,0.7678571428571429,0.0,-0.0918237433901855
ieee5,505,110,0.8653846153846152,0.8916666666666666,1.0,0.8583333333333334,3.348682165145874,3.399624824523926,3.3380284309387207,3.308394432067871,0.005582329317269077,0.09523567344461169,0.12355003505945206,0.095235675573349,0.12355003505945206,0,8.116502767034735e-05,0.11307703687562519,52,16 13 8,0.019230769230769232,3.5714285714285716,0.4642857142857143,0.8035714285714286,0.0,-0.023261989865984236
ieee5,505,111,0.8807692307692307,,,0.8583333333333334,3.3470458984375,3.3996262550354004,3.3348379135131836,3.3066728115081787,0.005542168674698795,0.1232908655490194,0.19543243944644928,0.12329086448465075,0.19543243944644928,0,-0.006240693986630783,0.13899153238535383,52,10 17 13,0.019230769230769232,3.5714285714285716,0.5,0.7678571428571429,0.0,-0.10417913539069039
ieee5,505,112,0.8826923076923077,,,0.8583333333333334,3.3420307636260986,3.3996212482452393,3.3262791633605957,3.3001935482025146,0.0055020080321285135,0.12365976933922086,0.2276567965745926,0.12365976721048355,0.2276567965745926,0,0.0007739061010607446,0.11981679741483148,52,9 25 15,0.019230769230769232,3.857142857142857,0.4642857142857143,0.7321428571428571,0.0,-0.04099132865667343
ieee5,505,113,0.8634615384615384,,,0.8583333333333334,3.338834285736084,3.399596929550171,3.32027006149292,3.296635866165161,0.0054618473895582335,0.10970306236829076,0.16480615735054016,0.10970306290047509,0.16480615735054016,0,0.00775349996267603,0.10901960199902364,52,27 16 26,0.019230769230769232,4.142857142857143,0.42857142857142855,0.625,0.0,0.03253191922392164
ieee5,505,114,0.8846153846153846,,,0.8583333333333334,3.333803653717041,3.39957332611084,3.3125224113464355,3.2893166542053223,0.005421686746987953,0.09524149979863848,0.14358165860176086,0.09524149660553251,0.14358165860176086,0,-0.009379450804912128,0.10424237441151787,52,27 18 6,0.019230769230769232,3.5714285714285716,0.44642857142857145,0.7321428571428571,0.0,-0.1095627588885171
ieee5,505,115,0.8634615384615383,0.8916666666666666,1.0,0.8583333333333334,3.3415191173553467,3.399567127227783,3.3279356956481934,3.297055244445801,0.005381526104417671,0.1048273252589362,0.12980124354362488,0.10482732419456754,0.12980124354362488,0,-0.0006567540963610205,0.11725803543068869,52,24 17 16,0.019230769230769232,3.7142857142857144,0.4642857142857143,0.7678571428571429,0.0,-0.11323997271912438
ieee5,505,116,0.8461538461538461,,,0.8583333333333334,3.33955979347229,3.399556875228882,3.3236277103424072,3.2954936027526855,0.005341365461847389,0.10747860691377095,0.13622497022151947,0.10747860478503364,0.13622495532035828,0,0.0016617479447561961,0.12023237778620595,52,24 1 18,0.019230769230769232,3.7142857142857144,0.4107142857142857,0.8392857142857143,0.0,-0.04983821564487049
ieee5,505,117,0.8500000000000002,,,0.8583333333333334,3.3390307426452637,3.399526357650757,3.3266704082489014,3.290895938873291,0.005301204819277107,0.11254312949521202,0.1622491329908371,0.11254312630210604,0.1622491180896759,0,0.00712534481219616,0.12917963218559256,51,3 27 13,0.038461538461538464,3.857142857142857,0.4107142857142857,0.7857142857142857,0.0,-0.031228171927588328
ieee5,505,118,0.848076923076923,,,0.8583333333333334,3.3400464057922363,3.399517059326172,3.3218295574188232,3.298793315887451,0.005261044176706827,0.11049579403230123,0.15740561485290527,0.11049579509666987,0.15740561485290527,0,-0.0019518790336755605,0.12515718562148298,52,24 0 16,0.019230769230769232,3.7142857142857144,0.4107142857142857,0.8035714285714286,0.0,-0.11210152879357338
ieee5,505,119,0.8826923076923076,,,0.8583333333333334,3.3486194610595703,3.399510383605957,3.3382785320281982,3.308070659637451,0.005220883534136547,0.10225499740668706,0.16837377846240997,0.10225499847105571,0.16837377846240997,0,-0.005041365921407795,0.11364211184123564,52,9 12 7,0.019230769230769232,3.5714285714285716,0.48214285714285715,0.7857142857142857,0.0,-0.12263014912605286
ieee5,505,120,0.8519230769230769,0.8916666666666666,1.0,0.8583333333333334,3.3438806533813477,3.3994882106781006,3.3303723335266113,3.301780939102173,0.005180722891566265,0.10725246582712446,0.16084113717079163,0.10725247008459908,0.16084115207195282,0,-0.002143550467175933,0.1119265773838268,52,23 25 7,0.019230769230769232,3.5714285714285716,0.5,0.8214285714285714,0.0,-0.15241437192474092
ieee5,505,121,0.8750000000000001,,,0.8583333333333334,3.3410894870758057,3.399472236633301,3.332510232925415,3.2912867069244385,0.005140562248995984,0.1036522707768849,0.1845100373029709,0.10365227184125356,0.1845100373029709,0,0.008654044296305913,0.1058562654960249,52,10 27 6,0.019230769230769232,3.857142857142857,0.42857142857142855,0.6964285714285714,0.0,0.07000143080949783
ieee5,505,122,0.8692307692307691,,,0.8583333333333334,3.316688060760498,3.399446964263916,3.2797088623046875,3.2709078788757324,0.005100401606425703,0.11677610235554832,0.1575096845626831,0.11677610448428563,0.1575096845626831,0,-0.0014903571931287074,0.09746474453629804,52,6 12 29,0.019230769230769232,3.4285714285714284,0.4642857142857143,0.7857142857142857,0.0,-0.028996299420084273
ieee5,505,123,0.8461538461538461,,,0.8583333333333334,3.3297877311706543,3.3994178771972656,3.314730167388916,3.2752153873443604,0.005060240963855422,0.137568755873612,0.1999499797821045,0.13756875480924333,0.1999499797821045,0,-0.00023928338375229103,0.13708180446933568,52,7 22 11,0.019230769230769232,3.5714285714285716,0.5,0.7678571428571429,0.0,-0.07586784022194999
ieee5,505,124,0.8442307692307691,,,0.8583333333333334,3.3217854499816895,3.3993887901306152,3.291473150253296,3.2744953632354736,0.0050200803212851405,0.1078151666692325,0.15013021230697632,0.10781517092670713,0.15013021230697632,0,-0.0017480931531351346,0.10499192233130933,52,11 7 3,0.019230769230769232,4.285714285714286,0.4107142857142857,0.6785714285714286,0.0,-0.10241946950554848
ieee5,505,125,0.8384615384615384,0.8916666666666666,1.0,0.8583333333333334,3.30428147315979,3.399383544921875,3.262913942337036,3.2505481243133545,0.00497991967871486,0.1259898506104946,0.17241661250591278,0.12598984582083567,0.17241661250591278,0,0.001787054746483381,0.125748932260752,52,16 17 13,0.019230769230769232,3.4285714285714284,0.5,0.8571428571428571,0.0,-0.08329552305596215
ieee5,505,126,0.8634615384615384,,,0.8583333333333334,3.285808801651001,3.3993821144104004,3.232433557510376,3.2256112098693848,0.004939759036144579,0.14471193828753062,0.19579598307609558,0.14471194254500525,0.19579598307609558,0,0.0015618697328206438,0.1218802561409091,52,27 23 20,0.019230769230769232,3.5714285714285716,0.48214285714285715,0.7857142857142857,0.0,-0.05552099858011518
ieee5,505,127,0.8211538461538461,,,0.8583333333333334,3.244163990020752,3.399376392364502,3.181096315383911,3.1520185470581055,0.004899598393574297,0.18464023832763946,0.26724478602409363,0.18464023619890213,0.26724478602409363,0,0.005282853456894652,0.13098946307205975,52,29 6 24,0.019230769230769232,3.857142857142857,0.48214285714285715,0.7321428571428571,0.0,-0.015446335609470094
ieee5,505,128,0.8615384615384615,,,0.8583333333333334,3.237236499786377,3.3993616104125977,3.1476285457611084,3.164719820022583,0.004859437751004016,0.16717121856553213,0.24448299407958984,0.1671712196299008,0.24448299407958984,0,-0.0020910194501853907,0.13179210646603506,52,16 7 29,0.019230769230769232,3.7142857142857144,0.5,0.7857142857142857,0.0,-0.0021450924021857126
ieee5,505,129,0.8499999999999998,,,0.8583333333333334,3.2239387035369873,3.3993470668792725,3.1432900428771973,3.1291792392730713,0.004819277108433735,0.16614067128726415,0.21109527349472046,0.16614066702978952,0.21109525859355927,0,-0.008513249123307805,0.11808345701050843,52,2 8 15,0.019230769230769232,3.5714285714285716,0.375,0.8928571428571429,0.0,-0.13237369060516357
ieee5,505,130,0.8499999999999998,0.8916666666666666,1.0,0.8583333333333334,3.133030891418457,3.3993427753448486,2.969377040863037,3.0303735733032227,0.004779116465863454,0.1959861410515649,0.25422537326812744,0.19598613040787832,0.25422534346580505,0,0.0046418953973513385,0.11736139417081208,50,5 1 13,0.038461538461538464,3.7142857142857144,0.39285714285714285,0.8571428571428571,0.0,-0.03055015206336975
ieee5,505,131,0.8769230769230769,,,0.8583333333333334,3.1641626358032227,3.399350881576538,3.0322773456573486,3.0608601570129395,0.004738955823293173,0.1836679513965334,0.23165486752986908,0.1836679545896394,0.23165488243103027,0,0.0017554570496521103,0.11191958638140531,52,15 22 29,0.019230769230769232,3.4285714285714284,0.48214285714285715,0.8035714285714286,0.0,-0.010885053447314672
ieee5,505,132,0.8423076923076922,,,0.8583333333333334,3.053187131881714,3.3993606567382812,2.8727102279663086,2.8874902725219727,0.004698795180722891,0.19237405061721802,0.2640663981437683,0.19237405061721802,0.2640663981437683,0,0.0006032409146428108,0.11903600159194505,51,0 1 6,0.038461538461538464,3.7142857142857144,0.42857142857142855,0.8035714285714286,0.0,-0.0211436642067773
ieee5,505,133,0.8692307692307691,,,0.8583333333333334,3.048243284225464,3.399360418319702,2.874044895172119,2.871324300765991,0.004658634538152611,0.1744131041424615,0.21907314658164978,0.1744131041424615,0.21907314658164978,0,-0.009672595890991103,0.12236809233450267,52,26 28 9,0.019230769230769232,4.0,0.4642857142857143,0.7142857142857143,0.0,-0.1286226739840848
ieee5,505,134,0.8211538461538462,,,0.8583333333333334,2.9455277919769287,3.3993630409240723,2.6531691551208496,2.784050464630127,0.004618473895582329,0.20925247137035644,0.34492847323417664,0.20925247775656836,0.34492847323417664,0,0.007166692266764585,0.12295216869235182,51,27 6 1,0.038461538461538464,3.857142857142857,0.5,0.6785714285714286,0.0,0.0337433431829725
ieee5,505,135,0.8634615384615383,0.8833333333333333,1.0,0.8583333333333334,3.025871753692627,3.3993875980377197,2.829813241958618,2.8484151363372803,0.0045783132530120485,0.21724726046834672,0.30074113607406616,0.21724724982466018,0.3007411062717438,0,-0.0038763896848719856,0.11878975929448646,52,9 6 21,0.019230769230769232,3.4285714285714284,0.44642857142857145,0.8392857142857143,0.0,-0.08853230093206678
ieee5,505,136,0.8519230769230769,,,0.8583333333333334,3.0867059230804443,3.39939546585083,2.9043493270874023,2.956373453140259,0.004538152610441767,0.19862023102385656,0.31448689103126526,0.19862023208822524,0.31448689103126526,0,0.005394580671026443,0.12357372195661875,50,25 1 6,0.038461538461538464,3.5714285714285716,0.44642857142857145,0.8214285714285714,0.0,-0.03815794629710061
ieee5,505,137,0.8461538461538461,,,0.8583333333333334,3.0756022930145264,3.3993895053863525,2.8409368991851807,2.986481189727783,0.004497991967871487,0.17813423488821303,0.21924647688865662,0.17813423701695033,0.2192464917898178,0,0.00051795976021542,0.12146177709928005,52,12 26 3,0.019230769230769232,4.285714285714286,0.375,0.7142857142857143,0.0,-0.06765694277627128
ieee5,505,138,0.8615384615384616,,,0.8583333333333334,2.9702253341674805,3.3993756771087646,2.7075653076171875,2.8037354946136475,0.004457831325301205,0.2639008568865912,0.3965519368648529,0.2639008568865912,0.3965519666671753,0,0.002541836558241182,0.1272148327761412,52,4 26 6,0.019230769230769232,3.857142857142857,0.5178571428571429,0.6071428571428571,0.0,-0.025972968765667508
ieee5,505,139,0.8538461538461538,,,0.8583333333333334,2.866424083709717,3.3993754386901855,2.5637221336364746,2.6361753940582275,0.004417670682730924,0.24951122488294328,0.39842134714126587,0.24951122062546865,0.39842134714126587,0,-0.005948594815541023,0.12349172332114462,51,14 26 6,0.038461538461538464,3.7142857142857144,0.42857142857142855,0.8392857142857143,0.0,-0.17501008297715867
ieee5,505,140,0.8673076923076922,0.8916666666666666,1.0,0.8583333333333334,2.860896110534668,3.3993868827819824,2.4155595302581787,2.7677419185638428,0.004377510040160642,0.2546468015227999,0.5155600309371948,0.2546467993940626,0.5155600309371948,0,-0.0001833274862012611,0.12689263237857884,52,26 5 1,0.019230769230769232,3.5714285714285716,0.48214285714285715,0.7142857142857143,0.0,-0.016938939690589905
ieee5,505,141,0.875,,,0.8583333333333334,2.764434337615967,3.399387836456299,2.3244645595550537,2.5694503784179688,0.004337349397590361,0.21747772076300212,0.39103177189826965,0.21747772289173944,0.39103180170059204,0,-0.0017315724936242287,0.11449250787553103,50,24 1 26,0.038461538461538464,3.0,0.5178571428571429,0.9285714285714286,0.0,-0.059525784637246816
ieee5,505,142,0.8519230769230769,,,0.8583333333333334,2.953073263168335,3.3993868827819824,2.695324182510376,2.7645089626312256,0.004297188755020081,0.2125596638236727,0.29727429151535034,0.21255966595241002,0.29727429151535034,0,-0.0017075742720268094,0.12507248966864265,52,22 1 26,0.019230769230769232,3.7142857142857144,0.42857142857142855,0.8035714285714286,0.0,-0.1019445141511304
ieee5,505,143,0.8269230769230769,,,0.8583333333333334,2.954927921295166,3.399386167526245,2.611793279647827,2.8536038398742676,0.004257028112449799,0.24426930504185812,0.36386752128601074,0.24426930929933274,0.36386752128601074,0,0.01281252632347437,0.12585410553189236,50,22 1 26,0.038461538461538464,3.857142857142857,0.39285714285714285,0.8214285714285714,0.0,0.10009491337197167
ieee5,505,144,0.8576923076923078,,,0.8583333333333334,2.9815123081207275,3.399393320083618,2.6518731117248535,2.8932697772979736,0.004216867469879518,0.2431258452790124,0.40275126695632935,0.24312584102153778,0.40275126695632935,0,-0.009317841483817365,0.12982790131867267,52,5 14 1,0.019230769230769232,3.857142857142857,0.5,0.6964285714285714,0.0,-0.0591815034193652
ieee5,505,145,0.8692307692307691,0.8916666666666666,1.0,0.8583333333333334,3.0211167335510254,3.3993964195251465,2.888827085494995,2.7751264572143555,0.004176706827309236,0.23157047480344772,0.445799320936203,0.23157046628849848,0.4457992911338806,0,-0.0019319317294642902,0.12129076201672392,51,20 27 1,0.038461538461538464,3.4285714285714284,0.4642857142857143,0.7857142857142857,0.0,-0.0003287111009870257
ieee5,505,146,0.8653846153846152,,,0.8583333333333334,2.9781196117401123,3.39939022064209,2.776059627532959,2.7589094638824463,0.004136546184738956,0.1886947751045227,0.32463008165359497,0.1886947751045227,0.32463008165359497,0,0.003581253798284496,0.114325563802394,51,27 1 6,0.038461538461538464,3.7142857142857144,0.48214285714285715,0.7857142857142857,0.0,-0.07772831565567426
ieee5,505,147,0.825,,,0.8583333333333334,3.0573618412017822,3.3993730545043945,2.9028589725494385,2.8698537349700928,0.004096385542168675,0.20010538612093245,0.3988623023033142,0.20010539037840708,0.3988623321056366,0,0.007774410254429453,0.10743197437581042,52,27 1 11,0.019230769230769232,3.7142857142857144,0.42857142857142855,0.8035714285714286,0.0,0.05928865766951016
ieee5,505,148,0.8365384615384616,,,0.8583333333333334,2.9286084175109863,3.3993780612945557,2.5737392902374268,2.8127081394195557,0.004056224899598394,0.2584121014390673,0.4752248525619507,0.2584120971815927,0.4752248525619507,0,-0.004377779156829302,0.13450207898972447,51,17 6 13,0.038461538461538464,4.142857142857143,0.39285714285714285,0.6785714285714286,0.0,-0.02812143095902034
ieee5,505,149,0.8346153846153845,,,0.8583333333333334,3.0601775646209717,3.3993897438049316,2.778975486755371,3.002167224884033,0.004016064257028112,0.20108992287090846,0.4233197569847107,0.20108992287090846,0.4233197569847107,0,0.0059271260666159484,0.1307309700514829,51,14 1 26,0.038461538461538464,4.142857142857143,0.4107142857142857,0.6428571428571429,0.0,0.04846883884498051
ieee5,505,150,0.8576923076923074,0.8916666666666666,1.0,0.8583333333333334,3.1612870693206787,3.3994038105010986,3.0303890705108643,3.0540685653686523,0.003975903614457831,0.1752516446369035,0.2589246928691864,0.17525163825069154,0.2589246928691864,0,-0.010592295949418958,0.11935406399640852,52,15 17 1,0.019230769230769232,3.5714285714285716,0.44642857142857145,0.8392857142857143,0.0,-0.08606938166277749
ieee5,505,151,0.8442307692307692,,,0.8583333333333334,3.1190881729125977,3.3993935585021973,2.9631893634796143,2.9946820735931396,0.00393574297188755,0.1626176110335759,0.21553844213485718,0.16261760890483856,0.21553844213485718,0,0.006040110324437802,0.12800431745902285,51,20 28 26,0.038461538461538464,3.857142857142857,0.4107142857142857,0.75,0.0,0.032797906015600474
ieee5,505,152,0.8519230769230769,,,0.8583333333333334,3.0986948013305664,3.3993682861328125,2.854247570037842,3.042468786239624,0.0038955823293172686,0.17942303206239427,0.20662109553813934,0.17942303206239427,0.20662109553813934,0,-0.005947292099545638,0.12770906010619962,52,8 14 1,0.019230769230769232,3.5714285714285716,0.4642857142857143,0.7857142857142857,0.0,-0.1170144144977842
ieee5,505,153,0.875,,,0.8583333333333334,3.077423572540283,3.3993442058563232,2.86704683303833,2.9658796787261963,0.003855421686746988,0.16132571016039168,0.315456748008728,0.1613257144178663,0.3154567778110504,0,-0.005089175144138818,0.10695943216453635,52,0 1 27,0.019230769230769232,3.7142857142857144,0.42857142857142855,0.7142857142857143,0.0,-0.057952343353203366
ieee5,505,154,0.8442307692307692,,,0.8583333333333334,3.0631918907165527,3.3993449211120605,2.777548313140869,3.012683868408203,0.0038152610441767065,0.18413218217236654,0.35974574089050293,0.1841321811079979,0.35974574089050293,0,0.0001014781524785436,0.11896568728519735,52,23 6 26,0.019230769230769232,3.4285714285714284,0.5357142857142857,0.7857142857142857,0.0,-0.07631119234221322
ieee5,505,155,0.875,0.8916666666666666,1.0,0.8583333333333334,3.027019500732422,3.399348258972168,2.710840940475464,2.9708683490753174,0.003775100401606426,0.2017198641385351,0.4961368143558502,0.20171985455921718,0.49613678455352783,0,-0.007791812549560116,0.12019867205544366,52,25 5 18,0.019230769230769232,3.5714285714285716,0.5357142857142857,0.7678571428571429,0.0,-0.10380109346338681
ieee5,505,156,0.8346153846153843,,,0.8583333333333334,3.148751974105835,3.3993492126464844,2.908947229385376,3.13796067237854,0.0037349397590361443,0.18658142856189183,0.4419524371623993,0.1865814243044172,0.4419524371623993,0,0.012899312544434976,0.12579657324012702,52,14 3 15,0.019230769230769232,3.857142857142857,0.42857142857142855,0.8035714285714286,0.0,0.0758395791053772
ieee5,505,157,0.8576923076923078,,,0.8583333333333334,3.2301697731018066,3.3993418216705322,3.093660593032837,3.19750714302063,0.003694779116465864,0.13793822058609553,0.16798052191734314,0.13793821419988359,0.16798050701618195,0,0.000789122542930552,0.1237968391440146,52,0 26 1,0.019230769230769232,3.2857142857142856,0.4642857142857143,0.9107142857142857,0.0,0.026120834052562714
ieee5,505,158,0.8480769230769228,,,0.8583333333333334,3.16171932220459,3.3993287086486816,2.9531235694885254,3.1327059268951416,0.003654618473895582,0.13461652185235704,0.20052635669708252,0.1346165207879884,0.20052635669708252,0,-0.00575351352409388,0.11064338316405634,51,24 1 6,0.038461538461538464,4.0,0.42857142857142855,0.7142857142857143,0.0,-0.09987303401742663
ieee5,505,159,0.8653846153846154,,,0.8583333333333334,3.266481637954712,3.399310827255249,3.1775412559509277,3.2225940227508545,0.0036144578313253017,0.12817966299397604,0.19831016659736633,0.12817966618708201,0.19831018149852753,0,0.0042119288342431765,0.11128131234255619,52,6 28 14,0.019230769230769232,3.857142857142857,0.4107142857142857,0.7142857142857143,0.0,0.038221516247306554
ieee5,505,160,0.8576923076923078,0.8916666666666666,1.0,0.8583333333333334,3.207152843475342,3.399294376373291,3.0129430294036865,3.209221839904785,0.00357429718875502,0.1789448463491031,0.3030458688735962,0.17894485060657775,0.3030458688735962,0,0.010227419319562614,0.12400301954003978,52,14 22 19,0.019230769230769232,3.5714285714285716,0.5,0.75,0.0,0.037769162229129245
ieee5,505,161,0.7961538461538461,,,0.8583333333333334,3.1954681873321533,3.399277687072754,2.9849460124969482,3.202181339263916,0.0035341365461847387,0.17401792321886336,0.2299451231956482,0.17401792109012604,0.2299451380968094,0,0.0035087767856356758,0.1343929201286245,52,21 6 1,0.019230769230769232,3.7142857142857144,0.5178571428571429,0.7321428571428571,0.0,-0.03699154087475368
ieee5,505,162,0.8615384615384616,,,0.8583333333333334,3.17970871925354,3.3992559909820557,3.0179331302642822,3.1219372749328613,0.003493975903614458,0.22299749191318238,0.40227946639060974,0.22299749510628836,0.40227949619293213,0,-0.018916571978479624,0.1334644407988443,52,29 3 1,0.019230769230769232,3.7142857142857144,0.5357142857142857,0.6964285714285714,0.0,-0.24634007258074625
ieee5,505,163,0.8288461538461539,,,0.8583333333333334,3.1363911628723145,3.3992397785186768,2.9149699211120605,3.094964027404785,0.0034538152610441766,0.16162702973399842,0.22232583165168762,0.16162702760526113,0.22232583165168762,0,0.0046772554980214825,0.12274339657924671,52,3 22 7,0.019230769230769232,3.857142857142857,0.39285714285714285,0.8571428571428571,0.0,-0.055053651865039556
ieee5,505,164,0.8596153846153847,,,0.8583333333333334,2.9385337829589844,3.3992598056793213,2.522148370742798,2.894192934036255,0.0034136546184738957,0.1758254702602114,0.24817858636379242,0.1758254702602114,0.24817858636379242,0,0.007236538454890251,0.11859509080805271,52,18 12 16,0.019230769230769232,4.142857142857143,0.4642857142857143,0.6785714285714286,0.0,0.13341362907418183
ieee5,505,165,0.8442307692307692,0.8916666666666666,1.0,0.8583333333333334,2.9987940788269043,3.3992764949798584,2.728011131286621,2.8690946102142334,0.0033734939759036144,0.1961183100938797,0.3187614977359772,0.19611831860882895,0.3187614977359772,0,-0.009908038290002598,0.11689421994202844,52,21 1 9,0.019230769230769232,4.0,0.39285714285714285,0.8035714285714286,0.0,-0.1679536984967334
ieee5,505,166,0.8576923076923078,,,0.8583333333333334,2.8412110805511475,3.399289131164551,2.251591920852661,2.8727519512176514,0.003333333333333334,0.1631668210029602,0.21448563039302826,0.16316681780985423,0.21448563039302826,0,-0.0005436820524314848,0.09778148607569803,51,29 1 11,0.038461538461538464,3.7142857142857144,0.42857142857142855,0.7857142857142857,0.0,-0.04660167385424886
ieee5,505,167,0.8499999999999999,,,0.8583333333333334,2.906383514404297,3.3993029594421387,2.4384846687316895,2.881361961364746,0.0032931726907630523,0.19876358551638468,0.40081092715263367,0.19876358551638468,0.40081092715263367,0,0.0032587484904349996,0.12494544925869734,51,28 1 4,0.038461538461538464,3.7142857142857144,0.44642857142857145,0.7857142857142857,0.0,0.010973668524197169
ieee5,505,168,0.8615384615384615,,,0.8583333333333334,2.851274251937866,3.399322986602783,2.311937093734741,2.8425612449645996,0.003253012048192772,0.19281526442084992,0.2925398647785187,0.19281526867832458,0.2925398647785187,0,-0.0002732530545192556,0.11432342979762891,50,4 1 11,0.038461538461538464,3.7142857142857144,0.39285714285714285,0.8214285714285714,0.0,-0.05323643955801215
ieee5,505,169,0.8307692307692307,,,0.8583333333333334,2.737934112548828,3.3993148803710938,1.94558846950531,2.8689000606536865,0.00321285140562249,0.20589381882122584,0.2511626183986664,0.20589381882122584,0.2511626183986664,0,0.014854747157257337,0.13436329104565534,51,22 1 6,0.038461538461538464,3.857142857142857,0.44642857142857145,0.7678571428571429,0.0,0.08139810019305774
ieee5,505,170,0.8557692307692307,0.8666666666666667,1.0,0.8583333333333334,2.8548834323883057,3.3992860317230225,2.493039131164551,2.6723246574401855,0.0031726907630522084,0.21044299857957022,0.2866215705871582,0.21044300070830754,0.2866215705871582,0,-0.017191307198327895,0.1317136507605958,51,24 1 11,0.038461538461538464,3.857142857142857,0.42857142857142855,0.7678571428571429,0.0,-0.1277731859258243
ieee5,505,171,0.8711538461538463,,,0.8583333333333334,2.770765542984009,3.3992536067962646,2.1715385913848877,2.7415049076080322,0.003132530120481928,0.23865979058401926,0.3808717727661133,0.23865979377712523,0.3808717727661133,0,0.002850421740172001,0.1185276155043335,51,0 1 3,0.038461538461538464,3.4285714285714284,0.48214285714285715,0.8035714285714286,0.0,-0.012221631460956164
ieee5,505,172,0.8346153846153845,,,0.8583333333333334,2.675992488861084,3.399217128753662,2.1917338371276855,2.4370267391204834,0.003092369477911646,0.2589366542441504,0.3591764271259308,0.25893664360046387,0.3591764271259308,0,0.007178365344701048,0.13571436745728643,51,28 1 3,0.038461538461538464,4.428571428571429,0.35714285714285715,0.6428571428571429,0.0,-0.0465869986053024
ieee5,505,173,0.848076923076923,,,0.8583333333333334,2.5998363494873047,3.399174928665161,2.1896846294403076,2.2106494903564453,0.003052208835341366,0.24800230988434382,0.30576229095458984,0.24800231201308115,0.30576229095458984,0,-0.006659021708541191,0.11898407870997864,50,4 1 11,0.038461538461538464,3.857142857142857,0.4642857142857143,0.7857142857142857,0.0,-0.13472032334123338
ieee5,505,174,0.8403846153846154,,,0.8583333333333334,2.471688747406006,3.3991305828094482,1.8859614133834839,2.129974126815796,0.003012048192771084,0.25340754432337625,0.32463133335113525,0.25340754645211355,0.32463136315345764,0,0.009502845180507462,0.11927330472235055,47,29 1 11,0.057692307692307696,4.0,0.42857142857142855,0.75,0.0,0.06899998017719813
ieee5,505,175,0.8673076923076923,0.8666666666666667,1.0,0.8583333333333334,2.6317474842071533,3.3991148471832275,2.278672933578491,2.2174556255340576,0.0029718875502008036,0.3239453115633556,0.5890172123908997,0.3239453264645168,0.5890172719955444,0,-0.011363210606549937,0.1211641149393849,52,4 3 11,0.019230769230769232,3.5714285714285716,0.42857142857142855,0.8392857142857143,0.0,-0.1405002772808075
ieee5,505,176,0.8173076923076924,,,0.8583333333333334,2.5118765830993652,3.399120569229126,1.9913382530212402,2.1451704502105713,0.002931726907630522,0.27281466339315685,0.6337698698043823,0.2728146548782076,0.6337698101997375,0,0.01542774743687075,0.11925433257357532,46,14 1 11,0.07692307692307693,3.7142857142857144,0.4107142857142857,0.8035714285714286,0.0,0.099878905074937
ieee5,505,177,0.8500000000000001,,,0.8583333333333334,2.578166961669922,3.3991281986236572,2.19102144241333,2.1443514823913574,0.0028915662650602415,0.3054610469511577,0.6200492978096008,0.3054610405649458,0.6200492978096008,0,-0.012554616219579028,0.1223873534274007,50,28 1 11,0.038461538461538464,4.0,0.42857142857142855,0.7321428571428571,0.0,-0.12079451126711709
ieee5,505,178,0.8346153846153845,,,0.8583333333333334,2.653757333755493,3.399138927459717,2.324277400970459,2.2378556728363037,0.0028514056224899598,0.3133507136787687,0.5230613350868225,0.31335070729255676,0.5230613350868225,0,0.0035240683489694046,0.11935545872445329,52,3 1 14,0.019230769230769232,3.5714285714285716,0.48214285714285715,0.7678571428571429,0.0,0.022246341087988446
ieee5,505,179,0.8596153846153846,,,0.8583333333333334,2.4075684547424316,3.3991358280181885,1.9176762104034424,1.9058932065963745,0.0028112449799196793,0.2931946622473853,0.4126541018486023,0.2931946558611734,0.4126541018486023,0,-0.008360523766336532,0.11933237465398781,48,22 1 3,0.038461538461538464,3.857142857142857,0.44642857142857145,0.75,0.0,-0.08380949257739953
ieee5,505,180,0.8384615384615385,0.8583333333333334,1.0,0.8583333333333334,2.6035335063934326,3.39913010597229,2.1428771018981934,2.268594264984131,0.0027710843373493976,0.2103408021586282,0.2876514196395874,0.21034080322299684,0.2876514196395874,0,0.006121667567640543,0.10005367974669717,51,14 3 11,0.038461538461538464,3.857142857142857,0.4107142857142857,0.6964285714285714,0.0,0.04145771398075989
ieee5,505,181,0.8269230769230769,,,0.8583333333333334,2.506451368331909,3.3991189002990723,2.059842586517334,2.060392379760742,0.002730923694779116,0.21860466045992716,0.31593379378318787,0.21860466258866446,0.31593382358551025,0,0.005468380709107106,0.12618154560304318,49,20 0 3,0.038461538461538464,4.428571428571429,0.375,0.6964285714285714,0.0,0.04292866002236094
ieee5,505,182,0.8384615384615385,,,0.8583333333333334,2.6641767024993896,3.3990964889526367,2.2459218502044678,2.3475115299224854,0.0026907630522088354,0.2851973559175219,0.42251211404800415,0.2851973580462592,0.42251211404800415,0,0.0006423003058164165,0.13564914076156867,50,27 3 11,0.038461538461538464,3.857142857142857,0.42857142857142855,0.7678571428571429,0.0,0.03670741404805865
ieee5,505,183,0.8826923076923078,,,0.8583333333333334,2.635993719100952,3.3990819454193115,2.2609784603118896,2.2479214668273926,0.0026506024096385537,0.20781478605100087,0.3463766276836395,0.20781478392226355,0.34637659788131714,0,-0.00794028533653965,0.1110124096577451,50,14 3 1,0.038461538461538464,3.5714285714285716,0.42857142857142855,0.7321428571428571,0.0,-0.06345702282020024
ieee5,505,184,0.8250000000000001,,,0.8583333333333334,2.5108869075775146,3.3990654945373535,2.068016290664673,2.065579652786255,0.0026104417670682733,0.2655045560428074,0.4091346859931946,0.2655045624290194,0.40913471579551697,0,0.009873015656082246,0.12807614020491662,49,14 3 11,0.057692307692307696,4.0,0.39285714285714285,0.7678571428571429,0.0,0.105805226202522
ieee5,505,185,0.8269230769230771,0.8666666666666667,1.0,0.8583333333333334,2.593195676803589,3.399059534072876,2.198572874069214,2.1819541454315186,0.002570281124497992,0.2750727129834039,0.461597740650177,0.27507270659719196,0.4615977108478546,0,-0.0030967115716731106,0.12116342434774227,50,22 11 3,0.057692307692307696,4.0,0.42857142857142855,0.6964285714285714,0.0,0.03278771016214575
ieee5,505,186,0.8634615384615386,,,0.8583333333333334,2.623164176940918,3.3990674018859863,2.177798271179199,2.29262638092041,0.002530120481927711,0.29033706869397846,0.44998806715011597,0.2903370644365038,0.44998806715011597,0,-0.011580334903555922,0.1307660402338775,49,13 0 11,0.038461538461538464,3.7142857142857144,0.48214285714285715,0.75,0.0,-0.13201793070350373
ieee5,505,187,0.8115384615384613,,,0.8583333333333334,2.42433500289917,3.399069309234619,1.830138087272644,2.043797492980957,0.00248995983935743,0.2914675346442631,0.4404970705509186,0.29146755060979296,0.4404970705509186,0,0.006769831569936986,0.12807931945355383,48,29 11 1,0.038461538461538464,3.857142857142857,0.4107142857142857,0.8035714285714286,0.0,0.061060621802295954
ieee5,505,188,0.8346153846153844,,,0.8583333333333334,2.6101224422454834,3.3990731239318848,2.180384635925293,2.2509093284606934,0.002449799196787149,0.24791250910077775,0.40477097034454346,0.24791251122951508,0.40477097034454346,0,0.005387750633347493,0.11306081286994353,52,17 1 7,0.019230769230769232,4.0,0.44642857142857145,0.7321428571428571,0.0,-0.06481409764715604
ieee5,505,189,0.8711538461538461,,,0.8583333333333334,2.7154533863067627,3.3990912437438965,2.4293153285980225,2.3179526329040527,0.0024096385542168677,0.29222178033420015,0.43603184819221497,0.29222177394798826,0.43603184819221497,0,-0.009145782627456356,0.12679887670015919,52,22 11 1,0.019230769230769232,3.5714285714285716,0.48214285714285715,0.7678571428571429,0.0,-0.11519577407411166
ieee5,505,190,0.8692307692307693,0.875,1.0,0.8583333333333334,2.6994714736938477,3.39910888671875,2.3196821212768555,2.3796236515045166,0.002369477911646586,0.22643853830439703,0.31787148118019104,0.22643853724002838,0.31787148118019104,0,0.003843217667263861,0.10447939698668801,52,0 1 11,0.019230769230769232,3.7142857142857144,0.5357142857142857,0.7142857142857143,0.0,0.04105116107634136
ieee5,505,191,0.8403846153846153,,,0.8583333333333334,2.875762462615967,3.3991212844848633,2.53617262840271,2.691993236541748,0.0023293172690763055,0.26525002079350607,0.39532262086868286,0.26525002079350607,0.39532262086868286,0,0.0003725150913501588,0.12945312618349025,51,12 1 3,0.038461538461538464,3.857142857142857,0.4107142857142857,0.7857142857142857,0.0,0.006565180208001818
ieee5,505,192,0.8346153846153848,,,0.8583333333333334,2.8488457202911377,3.399125099182129,2.4681413173675537,2.6792702674865723,0.002289156626506024,0.23470966943672725,0.3676944375038147,0.23470967262983322,0.3676944375038147,0,0.00010337524760801058,0.11773998807388214,52,24 1 17,0.019230769230769232,3.7142857142857144,0.42857142857142855,0.8035714285714286,0.0,-0.11530008087200778
ieee5,505,193,0.8269230769230769,,,0.8583333333333334,2.92992901802063,3.3991200923919678,2.622398614883423,2.768268346786499,0.0022489959839357434,0.26531469183308737,0.36752188205718994,0.2653146982192993,0.36752185225486755,0,0.004348787953718924,0.12607602975400928,52,19 13 7,0.019230769230769232,4.142857142857143,0.32142857142857145,0.75,0.0,0.04765647037753037
ieee5,505,194,0.8538461538461538,,,0.8583333333333334,2.8254640102386475,3.39910888671875,2.509441614151001,2.5678417682647705,0.0022088353413654616,0.2547243610024452,0.42002809047698975,0.2547243556806019,0.42002809047698975,0,-0.008090977915204488,0.11178848452384177,50,22 3 11,0.038461538461538464,3.7142857142857144,0.39285714285714285,0.8392857142857143,0.0,-0.17703996811594283
ieee5,505,195,0.8653846153846152,0.8916666666666666,1.0,0.8583333333333334,2.7985687255859375,3.3990888595581055,2.442171573638916,2.55444598197937,0.0021686746987951812,0.21015373404536927,0.31956204771995544,0.21015373723847525,0.31956207752227783,0,-0.0004520418767172557,0.12297940951128894,49,22 1 3,0.038461538461538464,3.7142857142857144,0.44642857142857145,0.7678571428571429,0.0,0.013287154691559928
ieee5,505,196,0.8384615384615384,,,0.8583333333333334,2.711622953414917,3.3990836143493652,2.306838035583496,2.4289469718933105,0.0021285140562248995,0.2539127128464835,0.3637884259223938,0.2539127213614328,0.3637884259223938,0,0.007080998450804215,0.12231912431987073,50,27 3 11,0.057692307692307696,4.142857142857143,0.42857142857142855,0.7142857142857143,0.0,0.041011885340724676
ieee5,505,197,0.8769230769230768,,,0.8583333333333334,2.862224817276001,3.3990843296051025,2.505767822265625,2.6818222999572754,0.002088353413654619,0.29042622447013855,0.5740600824356079,0.29042622447013855,0.5740600824356079,0,-0.014941673040784035,0.11601683925721519,51,22 11 3,0.038461538461538464,3.857142857142857,0.42857142857142855,0.8035714285714286,0.0,-0.1202487793884107
ieee5,505,198,0.8576923076923075,,,0.8583333333333334,2.924675226211548,3.3990743160247803,2.5842642784118652,2.790687322616577,0.0020481927710843373,0.20585911827428,0.25787273049354553,0.20585912040301732,0.25787273049354553,0,0.004304642970405089,0.12642348833873118,51,12 11 3,0.038461538461538464,3.5714285714285716,0.44642857142857145,0.8392857142857143,0.0,-0.026182599365711212
ieee5,505,199,0.8653846153846154,,,0.8583333333333334,2.794881582260132,3.399050712585449,2.411928176879883,2.5736656188964844,0.002008032128514057,0.21014206537178584,0.29577481746673584,0.21014206537178584,0.29577481746673584,0,0.005578681373803052,0.11415234662389838,48,28 11 1,0.038461538461538464,3.857142857142857,0.39285714285714285,0.8035714285714286,0.0,-0.020435175725391934
ieee5,505,200,0.8442307692307693,0.8666666666666667,1.0,0.8583333333333334,2.9396846294403076,3.399050712585449,2.6435060501098633,2.7764973640441895,0.001967871485943775,0.20772608050278255,0.481563925743103,0.20772608050278255,0.481563925743103,0,0.0018975890707224607,0.11404238821035281,52,26 1 25,0.019230769230769232,4.0,0.39285714285714285,0.6964285714285714,0.0,0.02787992571081434
ieee5,505,201,0.8461538461538461,,,0.8583333333333334,2.9931480884552,3.3990423679351807,2.7624828815460205,2.8179192543029785,0.0019277108433734937,0.21476275793143682,0.2850426137447357,0.2147627558026995,0.2850426137447357,0,-0.003197530678545053,0.12028601811064146,50,24 1 11,0.038461538461538464,4.0,0.39285714285714285,0.75,0.0,-0.08277396431991033
ieee5,505,202,0.8288461538461539,,,0.8583333333333334,3.0312860012054443,3.3990519046783447,2.7981038093566895,2.896702289581299,0.001887550200803213,0.24398958895887649,0.38820454478263855,0.24398958683013916,0.38820454478263855,0,0.007146314502908633,0.1397154701261554,51,12 11 3,0.038461538461538464,4.428571428571429,0.35714285714285715,0.6428571428571429,0.0,0.10824697784015111
ieee5,505,203,0.8346153846153845,,,0.8583333333333334,2.9810991287231445,3.3990626335144043,2.7300801277160645,2.8141541481018066,0.0018473895582329315,0.20014402270317078,0.25953516364097595,0.20014402057443345,0.25953516364097595,0,-0.005283744020674091,0.12780569466551497,52,2 6 15,0.019230769230769232,4.0,0.44642857142857145,0.7678571428571429,0.0,-0.07443658262491226
ieee5,505,204,0.8769230769230769,,,0.8583333333333334,3.0018274784088135,3.3990557193756104,2.809852361679077,2.7965738773345947,0.0018072289156626509,0.1758912993328912,0.34595537185668945,0.17589130039725984,0.34595537185668945,0,-0.006355822910196506,0.10120176479923666,50,22 3 11,0.057692307692307696,3.4285714285714284,0.5,0.8035714285714286,0.0,-0.1169860280518021
ieee5,505,205,0.851923076923077,0.875,1.0,0.8583333333333334,3.0008132457733154,3.3990368843078613,2.740247964859009,2.863154411315918,0.0017670682730923694,0.22952367258923395,0.3879898190498352,0.22952367258923395,0.3879898190498352,0,0.002705500264150592,0.12644409357559577,52,12 21 11,0.019230769230769232,3.5714285714285716,0.5,0.8035714285714286,0.0,0.03543406192745481
ieee5,505,206,0.8576923076923075,,,0.8583333333333334,2.98079776763916,3.399034023284912,2.728346347808838,2.8150126934051514,0.0017269076305220887,0.21036546783787863,0.30259400606155396,0.21036546996661595,0.30259400606155396,0,-0.004508490960758466,0.12518215211886072,51,27 3 29,0.038461538461538464,3.7142857142857144,0.4107142857142857,0.8571428571428571,0.0,-0.10763883590698242
ieee5,505,207,0.8384615384615385,,,0.8583333333333334,3.111182928085327,3.3990695476531982,2.93031907081604,3.0041613578796387,0.0016867469879518072,0.2109109408089093,0.31746360659599304,0.21091094506638391,0.31746360659599304,0,0.01419012413400476,0.1287652431454291,50,22 1 11,0.038461538461538464,4.285714285714286,0.39285714285714285,0.625,0.0,0.1381820791534015
ieee5,505,208,0.851923076923077,,,0.8583333333333334,3.03796124458313,3.3990976810455322,2.7962586879730225,2.9185266494750977,0.0016465863453815266,0.1983679085969925,0.2833183705806732,0.19836791072572982,0.2833183705806732,0,-0.00946795999054582,0.11881970059221397,50,22 11 1,0.057692307692307696,4.142857142857143,0.4107142857142857,0.6964285714285714,0.0,-0.16496813084397996
ieee5,505,209,0.8807692307692307,,,0.8583333333333334,3.1540091037750244,3.39910888671875,3.027681589126587,3.035236358642578,0.001606425702811245,0.17680093113865172,0.29402315616607666,0.17680093007428305,0.29402315616607666,0,0.0009949096800902714,0.12209582103985214,52,23 28 1,0.019230769230769232,3.7142857142857144,0.39285714285714285,0.7142857142857143,0.0,0.05499096853392465
ieee5,505,210,0.8500000000000001,0.8916666666666666,1.0,0.8583333333333334,3.022390604019165,3.3990893363952637,2.7404773235321045,2.9276041984558105,0.0015662650602409633,0.24846622134957994,0.39808258414268494,0.24846622347831726,0.39808258414268494,0,-3.8156679903085416e-05,0.12991727610750675,52,2 8 10,0.019230769230769232,3.7142857142857144,0.48214285714285715,0.75,0.0,0.032555262957300456
ieee5,505,211,0.8634615384615384,,,0.8583333333333334,3.1195576190948486,3.399080514907837,2.93735671043396,3.02223539352417,0.001526104417670683,0.17870064611945832,0.33990317583084106,0.1787006418619837,0.33990317583084106,0,-0.0031933946749911858,0.11972134888681947,52,28 29 1,0.019230769230769232,3.7142857142857144,0.42857142857142855,0.8035714285714286,0.0,-0.04646418589566435
ieee5,505,212,0.8807692307692309,,,0.8583333333333334,3.102149724960327,3.399085760116577,2.8297040462493896,3.077659845352173,0.0014859437751004012,0.17040488017456873,0.2782129943370819,0.17040488017456873,0.2782129943370819,0,0.008083674287123498,0.11015448929392974,50,22 1 3,0.038461538461538464,3.4285714285714284,0.5178571428571429,0.7678571428571429,0.0,0.1517299615911075
ieee5,505,213,0.8576923076923078,,,0.8583333333333334,3.1326406002044678,3.39908504486084,2.9642486572265625,3.034588098526001,0.0014457831325301207,0.15277076831885747,0.23250915110111237,0.15277076619012014,0.23250915110111237,0,-0.0045064117383355135,0.12046479126341983,52,15 21 8,0.019230769230769232,3.857142857142857,0.48214285714285715,0.6428571428571429,0.0,-0.059860980936459134
ieee5,505,214,0.8673076923076922,,,0.8583333333333334,3.1396665573120117,3.399075746536255,2.921132802963257,3.0987918376922607,0.001405622489959839,0.17267972230911255,0.35650965571403503,0.17267972550221852,0.3565096855163574,0,-0.005178276536753401,0.11357564820718523,50,12 1 22,0.038461538461538464,3.2857142857142856,0.5,0.75,0.0,-0.04765143139021737
ieee5,505,215,0.8596153846153847,0.8916666666666666,1.0,0.8583333333333334,3.113886833190918,3.3990871906280518,2.89254093170166,3.050032615661621,0.0013654618473895586,0.16292990105492727,0.2036927491426468,0.16292989466871535,0.2036927342414856,0,0.00973240540882286,0.11749366299540491,52,4 21 11,0.019230769230769232,3.857142857142857,0.44642857142857145,0.7678571428571429,0.0,0.06524856707879476
ieee5,505,216,0.8884615384615384,,,0.8583333333333334,3.1322808265686035,3.399101495742798,3.056455373764038,2.9412856101989746,0.0013253012048192769,0.1374188688184534,0.22591349482536316,0.13741886615753174,0.22591347992420197,0,-0.01020493053455049,0.10939206507138081,52,26 8 0,0.019230769230769232,3.857142857142857,0.5,0.6785714285714286,0.0,-0.1208958737552166
ieee5,505,217,0.8500000000000002,,,0.8583333333333334,2.9619977474212646,3.399099826812744,2.6276907920837402,2.8592019081115723,0.0012851405622489964,0.1354134859783309,0.17864300310611725,0.1354134881070682,0.17864300310611725,0,0.015421160506845739,0.10734293483724057,51,22 1 11,0.038461538461538464,3.142857142857143,0.5,0.8571428571428571,0.0,0.1423039170248168
ieee5,505,218,0.8826923076923078,,,0.8583333333333334,3.0194475650787354,3.399104118347168,2.701246976852417,2.957991123199463,0.001244979919678715,0.16837093021188462,0.24993285536766052,0.16837093234062195,0.24993284046649933,0,-0.022295647511222903,0.10776570911356548,52,25 8 27,0.019230769230769232,3.4285714285714284,0.5714285714285714,0.8035714285714286,0.0,-0.24241612266216958
ieee5,505,219,0.8730769230769231,,,0.8583333333333334,2.9814343452453613,3.399113655090332,2.643608570098877,2.901580333709717,0.0012048192771084343,0.17687557957002095,0.2840293347835541,0.17687558169875825,0.28402936458587646,0,0.013000320543841763,0.12386415600160687,51,24 1 8,0.038461538461538464,3.5714285714285716,0.48214285714285715,0.7678571428571429,0.0,0.1386427336505481
ieee5,505,220,0.8519230769230769,0.8916666666666666,1.0,0.8583333333333334,3.0508737564086914,3.3990936279296875,2.7642288208007812,2.9892992973327637,0.0011646586345381528,0.17964602474655425,0.27625176310539246,0.17964601942471095,0.27625173330307007,0,-0.0062030160154860755,0.11083919532546264,52,23 16 3,0.019230769230769232,3.857142857142857,0.42857142857142855,0.8035714285714286,0.0,-0.18398497187133347
ieee5,505,221,0.8692307692307693,,,0.8583333333333334,2.8913471698760986,3.399070978164673,2.441734552383423,2.833235740661621,0.001124497991967871,0.21639205089637212,0.38080722093582153,0.2163920487676348,0.3808072507381439,0,0.0078179941046983,0.12307534831289269,50,28 3 1,0.038461538461538464,3.7142857142857144,0.4642857142857143,0.7678571428571429,0.0,0.0731338347707476
ieee5,505,222,0.8461538461538463,,,0.8583333333333334,2.940958261489868,3.3990578651428223,2.686659812927246,2.7371573448181152,0.0010843373493975906,0.15561015478202275,0.2076912373304367,0.15561015478202275,0.2076912522315979,0,0.005617111791462566,0.1095587703561754,51,22 1 3,0.038461538461538464,4.0,0.39285714285714285,0.6964285714285714,0.0,-0.013524012374026435
ieee5,505,223,0.8865384615384616,,,0.8583333333333334,2.992067813873291,3.3990530967712402,2.803095817565918,2.7740538120269775,0.0010441767068273089,0.13836960600955145,0.18647629022598267,0.13836960600955145,0.18647629022598267,0,-0.013472004865224544,0.1082226278503383,50,29 1 3,0.038461538461538464,3.5714285714285716,0.4642857142857143,0.7857142857142857,0.0,-0.12270418980291911
ieee5,505,224,0.8673076923076921,,,0.8583333333333334,2.7236297130584717,3.399061918258667,2.228410243988037,2.54341721534729,0.0010040160642570285,0.2425746832575117,0.5098862051963806,0.24257468751498631,0.5098862051963806,0,0.003720345781542934,0.11597829616000278,48,22 1 3,0.07692307692307693,3.5714285714285716,0.48214285714285715,0.7857142857142857,0.0,-0.06830155077789511
ieee5,505,225,0.8269230769230769,0.8833333333333333,1.0,0.8583333333333334,2.8403351306915283,3.3990719318389893,2.592278003692627,2.5296552181243896,0.0009638554216867468,0.18096997908183507,0.2384452521800995,0.18096998121057237,0.23844526708126068,0,0.0078437513528535,0.1255661479574784,49,11 0 1,0.038461538461538464,4.0,0.375,0.75,0.0,0.059424110289130895
ieee5,505,226,0.8596153846153846,,,0.8583333333333334,2.9941139221191406,3.3990771770477295,2.750072956085205,2.8331923484802246,0.0009236947791164663,0.17670987333570207,0.2718489170074463,0.17670986907822744,0.2718488872051239,0,-0.00828989978449849,0.12575791716566886,50,14 1 3,0.038461538461538464,3.7142857142857144,0.4107142857142857,0.8035714285714286,0.0,-0.049476338284356255
ieee5,505,227,0.8346153846153845,,,0.8583333333333334,2.825040102005005,3.399064064025879,2.3557541370391846,2.7203025817871094,0.0008835341365461847,0.20335379242897034,0.29357782006263733,0.20335379242897034,0.29357782006263733,0,0.005132015239304075,0.1304350188145715,48,22 1 3,0.057692307692307696,3.857142857142857,0.48214285714285715,0.7321428571428571,0.0,0.034732575927461894
ieee5,505,228,0.8403846153846153,,,0.8583333333333334,2.8225998878479004,3.3990554809570312,2.397627115249634,2.6711175441741943,0.0008433734939759041,0.17816479291234696,0.3851303458213806,0.1781647950410843,0.3851303458213806,0,0.005909777277758202,0.12029425267310262,48,29 1 3,0.07692307692307693,4.0,0.39285714285714285,0.7321428571428571,0.0,-0.02736220828124455
ieee5,505,229,0.8442307692307692,,,0.8583333333333334,2.9043893814086914,3.3990437984466553,2.434450149536133,2.879673480987549,0.0008032128514056225,0.16416868567466736,0.25899383425712585,0.16416868248156138,0.25899383425712585,0,-0.007455382782679338,0.11992207763058918,49,27 1 11,0.057692307692307696,3.7142857142857144,0.48214285714285715,0.7857142857142857,0.0,-0.14091464770691736
ieee5,505,230,0.8519230769230768,0.8916666666666666,1.0,0.8583333333333334,2.912353515625,3.399035930633545,2.519202709197998,2.8188226222991943,0.0007630522088353409,0.15985586174896785,0.19566023349761963,0.15985586174896785,0.19566021859645844,0,-0.0019141258985305636,0.11202167773749942,52,24 1 3,0.019230769230769232,3.7142857142857144,0.4107142857142857,0.8035714285714286,0.0,-0.08472531554954392
ieee5,505,231,0.8538461538461538,,,0.8583333333333334,2.80440092086792,3.399019718170166,2.310990333557129,2.703193426132202,0.0007228915662650604,0.2017081720488412,0.32182741165161133,0.20170817630631582,0.32182741165161133,0,0.006503972518168246,0.1263933610196127,49,24 1 3,0.038461538461538464,3.5714285714285716,0.5178571428571429,0.7678571428571429,0.0,0.1543516106903553
ieee5,505,232,0.8365384615384617,,,0.8583333333333334,2.9515693187713623,3.399010181427002,2.6551692485809326,2.8005270957946777,0.0006827309236947788,0.2193267238991601,0.48302653431892395,0.2193267238991601,0.48302653431892395,0,0.0077019772993830535,0.13851679961073238,51,14 1 3,0.038461538461538464,4.0,0.4642857142857143,0.75,0.0,0.16915905315961158
ieee5,505,233,0.848076923076923,,,0.8583333333333334,2.8549275398254395,3.399012565612793,2.261218786239624,2.9045522212982178,0.0006425702811244982,0.19526155505861556,0.30198001861572266,0.19526155718735286,0.30198001861572266,0,-0.015162059372344699,0.11265956798731615,50,29 1 6,0.057692307692307696,3.5714285714285716,0.48214285714285715,0.8035714285714286,0.0,-0.1442942563444376
ieee5,505,234,0.8500000000000001,,,0.8583333333333334,2.7626075744628906,3.3990118503570557,2.222698926925659,2.666112184524536,0.0006024096385542166,0.2112618386745453,0.39881041646003723,0.21126182909522737,0.39881038665771484,0,0.007984010099719923,0.12968084055632792,50,27 1 3,0.038461538461538464,4.0,0.4107142857142857,0.6785714285714286,0.0,0.08238988263266427
ieee5,505,235,0.8384615384615384,0.8916666666666666,1.0,0.8583333333333334,2.748605489730835,3.3990120887756348,2.1089131832122803,2.737891912460327,0.0005622489959839361,0.18480513777051652,0.2704266607761383,0.18480513564177922,0.2704266607761383,0,-0.01241810235212772,0.12076865047807485,51,24 1 3,0.038461538461538464,3.7142857142857144,0.5,0.75,0.0,-0.1380286259310586
ieee5,505,236,0.8365384615384617,,,0.8583333333333334,2.6907660961151123,3.399017810821533,2.150163412094116,2.5231170654296875,0.0005220883534136544,0.22025338666779654,0.33774885535240173,0.2202533951827458,0.3377488851547241,0,0.010124232881935313,0.12764029040298056,50,2 27 1,0.038461538461538464,3.7142857142857144,0.4642857142857143,0.75,0.0,0.071920903931771
ieee5,505,237,0.8403846153846154,,,0.8583333333333334,2.8082408905029297,3.3990352153778076,2.1978464126586914,2.8278415203094482,0.00048192771084337396,0.22593054601124354,0.5079648494720459,0.22593054920434952,0.5079649090766907,0,-0.0030535236896517184,0.1131927042274767,48,27 1 26,0.038461538461538464,3.857142857142857,0.35714285714285715,0.75,0.0,-0.04552553381238665
ieee5,505,238,0.8384615384615385,,,0.8583333333333334,2.5879039764404297,3.3990559577941895,1.7124271392822266,2.652228355407715,0.00044176706827309234,0.24033427451338088,0.4378659129142761,0.24033427238464355,0.4378659129142761,0,0.0074949499461441655,0.12482404515887988,48,24 1 4,0.057692307692307696,4.285714285714286,0.35714285714285715,0.6607142857142857,0.0,0.07728415088994163
ieee5,505,239,0.8442307692307692,,,0.8583333333333334,2.6352715492248535,3.399073600769043,1.9316781759262085,2.5750622749328613,0.0004016064257028118,0.2431903247322355,0.31210920214653015,0.24319032260349818,0.31210920214653015,0,0.0028065686078312304,0.1273118627589452,50,1 24 11,0.038461538461538464,3.7142857142857144,0.48214285714285715,0.7321428571428571,0.0,0.027266094727175578
ieee5,505,240,0.8615384615384615,0.8833333333333333,1.0,0.8583333333333334,2.5115251541137695,3.399073600769043,1.604193925857544,2.5313072204589844,0.0003614457831325302,0.24041313358715602,0.3817797303199768,0.24041313784463064,0.3817797303199768,0,-0.010128120166392853,0.10889572517710025,50,12 1 27,0.038461538461538464,3.5714285714285716,0.48214285714285715,0.7857142857142857,0.0,-0.05078325314181192
ieee5,505,241,0.8692307692307693,,,0.8583333333333334,2.4788599014282227,3.399075508117676,1.741818904876709,2.2956857681274414,0.00032128514056224857,0.2517460456916264,0.3608391284942627,0.25174605207783834,0.3608391582965851,0,0.0011688275419426365,0.121080618793388,47,22 1 3,0.057692307692307696,3.7142857142857144,0.42857142857142855,0.8035714285714286,0.0,-0.08958794279689235
ieee5,505,242,0.8480769230769231,,,0.8583333333333334,2.1464357376098633,3.3991100788116455,0.9062612056732178,2.1339354515075684,0.00028112449799196803,0.3170012597526823,0.9036917686462402,0.317001257623945,0.9036917686462402,0,0.001149074174463749,0.1202657358806499,47,24 1 3,0.07692307692307693,3.857142857142857,0.4642857142857143,0.75,0.0,0.00436151134116309
ieee5,505,243,0.8461538461538461,,,0.8583333333333334,2.2574410438537598,3.3991382122039795,1.1493738889694214,2.2238101959228516,0.0002409638554216864,0.2729879596403667,0.3821331262588501,0.27298795325415476,0.3821331262588501,0,0.005480998903154754,0.11827324670369754,47,28 1 3,0.038461538461538464,3.2857142857142856,0.5357142857142857,0.8214285714285714,0.0,0.04957977469478335
ieee5,505,244,0.8461538461538461,,,0.8583333333333334,2.161207675933838,3.3991482257843018,1.2641409635543823,1.82033371925354,0.0002008032128514059,0.2978604372058596,0.46390435099601746,0.2978604521070208,0.46390438079833984,0,-0.005363266816577659,0.11134201102079652,48,22 1 3,0.057692307692307696,3.4285714285714284,0.5357142857142857,0.8035714285714286,0.0,-0.06250998484236854
ieee5,505,245,0.8538461538461539,0.8666666666666667,1.0,0.8583333333333334,1.9313651323318481,3.3991622924804688,0.5528155565261841,1.8421179056167603,0.00016064257028112428,0.3211242748158319,0.6188047528266907,0.3211242748158319,0.6188047528266907,0,-0.00018279952032921405,0.13467792176382753,46,0 1 3,0.057692307692307696,4.0,0.44642857142857145,0.7142857142857143,0.0,-0.049025406794888635
ieee5,505,246,0.825,,,0.8583333333333334,1.631015658378601,3.3991658687591553,0.4619555175304413,1.0319260358810425,0.00012048192771084376,0.23692107945680618,0.38001957535743713,0.2369210837142808,0.3800196051597595,0,0.0022035782816461646,0.11793066488882371,36,0 1 3,0.11538461538461539,3.857142857142857,0.42857142857142855,0.8214285714285714,0.0,0.02249613723584584
ieee5,505,247,0.851923076923077,,,0.8583333333333334,1.4855347871780396,3.399162530899048,0.2573840320110321,0.8000583648681641,8.032128514056214e-05,0.19875227606722287,0.38523349165916443,0.19875227606722287,0.38523349165916443,0,-0.009545699675352527,0.1145475425698751,31,10 1 3,0.07692307692307693,3.7142857142857144,0.5,0.75,0.0,-0.08731237373181752
ieee5,505,248,0.8557692307692307,,,0.8583333333333334,1.4829620122909546,3.3991646766662598,0.43297910690307617,0.6167423725128174,4.0160642570281626e-05,0.15671308764389583,0.21640323102474213,0.15671308764389583,0.21640323102474213,0,-0.0007720239496288392,0.1169131560432125,31,15 1 3,0.09615384615384616,3.7142857142857144,0.44642857142857145,0.8035714285714286,0.0,-0.01430463740169736
ieee5,505,249,0.8423076923076924,0.8666666666666667,1.0,0.8583333333333334,1.43793785572052,3.3991639614105225,0.3392472267150879,0.5754019021987915,0.0,0.20347802128110612,0.3266848027706146,0.20347802340984344,0.3266848027706146,0,0.009866042393976105,0.12450028268985132,33,5 1 3,0.07692307692307693,4.0,0.44642857142857145,0.7142857142857143,0.0,0.06276482343673706
