system,history_id,history_step,bus,A_star,J_star,second_amplitude,gap_best_second
ieee9,-1,0,0,0.15,0.9625000000000001,0.2,0.011249999999999982
ieee9,-1,0,1,0.05,0.9850000000000001,0.3,0.006250000000000089
ieee9,-1,0,2,0.3,1.1125000000000003,0.05,0.0012499999999997513
ieee9,-1,0,3,0.3,0.9187500000000002,0.1,0.011249999999999982
ieee9,-1,0,4,0.075,1.0462500000000001,0.2,0.0012499999999999734
ieee9,-1,0,5,0.2,0.9850000000000001,0.15,0.023749999999999938
ieee9,-1,0,6,0.05,0.9675000000000001,0.075,0.0
ieee9,-1,0,7,0.2,0.9987500000000001,0.15,0.036250000000000004
ieee9,-1,0,8,0.15,1.0600000000000003,0.2,0.0
ieee9,0,1,0,0.075,0.9000000000000001,0.1,0.0
ieee9,0,1,1,0.05,0.9000000000000001,0.075,0.0
ieee9,0,1,2,0.05,0.9000000000000001,0.075,0.0
ieee9,0,1,3,0.05,0.9000000000000001,0.075,0.0
ieee9,0,1,4,0.05,0.9000000000000001,0.075,0.0
ieee9,0,1,5,0.05,0.9000000000000001,0.075,0.0
ieee9,0,1,6,0.05,0.9000000000000001,0.075,0.0
ieee9,0,1,7,0.05,0.9000000000000001,0.075,0.0
ieee9,0,1,8,0.05,0.9000000000000001,0.075,0.0
ieee9,1,1,0,0.15,0.9162500000000001,0.2,1.1102230246251565e-16
ieee9,1,1,1,0.05,0.9062500000000002,0.075,0.0
ieee9,1,1,2,0.05,0.9162500000000001,0.075,0.0
ieee9,1,1,3,0.05,0.90375,0.075,0.0
ieee9,1,1,4,0.05,0.9287500000000002,0.075,0.0
ieee9,1,1,5,0.3,0.9100000000000001,0.05,0.00374999999999992
ieee9,1,1,6,0.05,0.9462500000000001,0.075,0.0
ieee9,1,1,7,0.15,0.9237500000000001,0.075,0.0012500000000000844
ieee9,1,1,8,0.3,0.9250000000000002,0.05,0.0012499999999999734
ieee9,2,1,0,0.3,0.9087500000000002,0.2,0.007500000000000062
ieee9,2,1,1,0.2,0.9237500000000001,0.1,0.0012500000000000844
ieee9,2,1,2,0.075,0.9250000000000002,0.1,0.0
ieee9,2,1,3,0.05,0.9062500000000001,0.075,0.0
ieee9,2,1,4,0.075,0.9325000000000002,0.1,0.0
ieee9,2,1,5,0.3,0.9137500000000001,0.05,0.015000000000000124
ieee9,2,1,6,0.05,0.9512500000000002,0.075,0.0024999999999999467
ieee9,2,1,7,0.3,0.9262500000000002,0.2,0.03125
ieee9,2,1,8,0.05,0.9125000000000001,0.3,0.0
ieee9,3,1,0,0.075,0.9000000000000001,0.1,0.0
ieee9,3,1,1,0.05,0.9000000000000001,0.075,0.0
ieee9,3,1,2,0.05,0.9000000000000001,0.075,0.0
ieee9,3,1,3,0.05,0.9000000000000001,0.075,0.0
ieee9,3,1,4,0.05,0.9000000000000001,0.075,0.0
ieee9,3,1,5,0.05,0.9000000000000001,0.075,0.0
ieee9,3,1,6,0.05,0.9000000000000001,0.075,0.0
ieee9,3,1,7,0.05,0.9000000000000001,0.075,0.0
ieee9,3,1,8,0.05,0.9000000000000001,0.075,0.0
ieee9,4,1,0,0.075,0.9000000000000001,0.1,0.0
ieee9,4,1,1,0.05,0.9000000000000001,0.075,0.0
ieee9,4,1,2,0.05,0.9000000000000001,0.075,0.0
ieee9,4,1,3,0.05,0.9000000000000001,0.075,0.0
ieee9,4,1,4,0.05,0.9000000000000001,0.075,0.0
ieee9,4,1,5,0.05,0.9000000000000001,0.075,0.0
ieee9,4,1,6,0.05,0.9000000000000001,0.075,0.0
ieee9,4,1,7,0.05,0.9000000000000001,0.075,0.0
ieee9,4,1,8,0.05,0.9000000000000001,0.075,0.0
ieee9,5,1,0,0.3,1.0162500000000003,0.2,0.01750000000000007
ieee9,5,1,1,0.2,0.9437500000000001,0.3,0.0
ieee9,5,1,2,0.15,0.9450000000000002,0.2,0.0
ieee9,5,1,3,0.1,0.9262500000000002,0.15,0.0
ieee9,5,1,4,0.05,0.9900000000000002,0.075,0.0
ieee9,5,1,5,0.3,1.0000000000000002,0.05,0.014999999999999902
ieee9,5,1,6,0.05,0.9850000000000002,0.1,0.0
ieee9,5,1,7,0.3,0.9750000000000002,0.2,0.028749999999999942
ieee9,5,1,8,0.3,0.9862500000000003,0.075,0.0012499999999999734
ieee9,6,1,0,0.075,0.9000000000000001,0.1,0.0
ieee9,6,1,1,0.05,0.9000000000000001,0.075,0.0
ieee9,6,1,2,0.05,0.9000000000000001,0.075,0.0
ieee9,6,1,3,0.05,0.9000000000000001,0.075,0.0
ieee9,6,1,4,0.05,0.9000000000000001,0.075,0.0
ieee9,6,1,5,0.05,0.9000000000000001,0.075,0.0
ieee9,6,1,6,0.05,0.9000000000000001,0.075,0.0
ieee9,6,1,7,0.05,0.9000000000000001,0.075,0.0
ieee9,6,1,8,0.05,0.9000000000000001,0.075,0.0
ieee9,7,1,0,0.075,0.9100000000000001,0.1,0.0012499999999999734
ieee9,7,1,1,0.05,0.90375,0.075,0.0
ieee9,7,1,2,0.05,0.9212500000000001,0.075,0.0
ieee9,7,1,3,0.05,0.9000000000000001,0.075,0.0
ieee9,7,1,4,0.2,0.9237500000000001,0.3,0.0
ieee9,7,1,5,0.1,0.9100000000000001,0.3,0.0
ieee9,7,1,6,0.3,0.9225000000000002,0.075,0.008749999999999925
ieee9,7,1,7,0.05,0.9175000000000002,0.075,0.0
ieee9,7,1,8,0.075,0.9200000000000002,0.05,0.0024999999999999467
ieee9,8,1,0,0.3,1.0275000000000003,0.2,0.01750000000000007
ieee9,8,1,1,0.3,0.9387500000000002,0.15,0.00374999999999992
ieee9,8,1,2,0.3,0.9425000000000001,0.15,0.0012499999999999734
ieee9,8,1,3,0.15,0.9387500000000002,0.05,0.0024999999999999467
ieee9,8,1,4,0.05,1.0087500000000003,0.075,0.0
ieee9,8,1,5,0.3,1.0200000000000002,0.15,0.007500000000000062
ieee9,8,1,6,0.05,0.9975000000000003,0.075,0.0012499999999999734
ieee9,8,1,7,0.3,0.9787500000000002,0.2,0.027499999999999858
ieee9,8,1,8,0.3,0.9925000000000002,0.2,0.0012499999999999734
ieee9,9,1,0,0.075,0.9000000000000001,0.1,0.0
ieee9,9,1,1,0.05,0.9000000000000001,0.075,0.0
ieee9,9,1,2,0.05,0.9000000000000001,0.075,0.0
ieee9,9,1,3,0.05,0.9000000000000001,0.075,0.0
ieee9,9,1,4,0.05,0.9000000000000001,0.075,0.0
ieee9,9,1,5,0.05,0.9000000000000001,0.075,0.0
ieee9,9,1,6,0.05,0.9000000000000001,0.075,0.0
ieee9,9,1,7,0.05,0.9000000000000001,0.075,0.0
ieee9,9,1,8,0.05,0.9000000000000001,0.075,0.0
ieee9,10,1,0,0.075,0.9000000000000001,0.1,0.0
ieee9,10,1,1,0.05,0.9000000000000001,0.075,0.0
ieee9,10,1,2,0.05,0.9000000000000001,0.075,0.0
ieee9,10,1,3,0.05,0.9000000000000001,0.075,0.0
ieee9,10,1,4,0.05,0.9000000000000001,0.075,0.0
ieee9,10,1,5,0.05,0.9000000000000001,0.075,0.0
ieee9,10,1,6,0.05,0.9000000000000001,0.075,0.0
ieee9,10,1,7,0.05,0.9000000000000001,0.075,0.0
ieee9,10,1,8,0.05,0.9000000000000001,0.075,0.0
ieee9,11,1,0,0.075,0.9000000000000001,0.1,0.0
ieee9,11,1,1,0.05,0.9000000000000001,0.075,0.0
ieee9,11,1,2,0.05,0.9000000000000001,0.075,0.0
ieee9,11,1,3,0.05,0.9000000000000001,0.075,0.0
ieee9,11,1,4,0.05,0.9000000000000001,0.075,0.0
ieee9,11,1,5,0.05,0.9000000000000001,0.075,0.0
ieee9,11,1,6,0.05,0.9000000000000001,0.075,0.0
ieee9,11,1,7,0.05,0.9000000000000001,0.075,0.0
ieee9,11,1,8,0.05,0.9000000000000001,0.075,0.0
ieee9,12,1,0,0.075,0.9000000000000001,0.1,0.0
ieee9,12,1,1,0.05,0.9000000000000001,0.075,0.0
ieee9,12,1,2,0.05,0.9000000000000001,0.075,0.0
ieee9,12,1,3,0.05,0.9000000000000001,0.075,0.0
ieee9,12,1,4,0.05,0.9000000000000001,0.075,0.0
ieee9,12,1,5,0.05,0.9000000000000001,0.075,0.0
ieee9,12,1,6,0.05,0.9000000000000001,0.075,0.0
ieee9,12,1,7,0.05,0.9000000000000001,0.075,0.0
ieee9,12,1,8,0.05,0.9000000000000001,0.075,0.0
ieee9,13,1,0,0.075,0.9000000000000001,0.1,0.0
ieee9,13,1,1,0.05,0.9000000000000001,0.075,0.0
ieee9,13,1,2,0.05,0.9000000000000001,0.075,0.0
ieee9,13,1,3,0.05,0.9000000000000001,0.075,0.0
ieee9,13,1,4,0.05,0.9000000000000001,0.075,0.0
ieee9,13,1,5,0.05,0.9000000000000001,0.075,0.0
ieee9,13,1,6,0.05,0.9000000000000001,0.075,0.0
ieee9,13,1,7,0.05,0.9000000000000001,0.075,0.0
ieee9,13,1,8,0.05,0.9000000000000001,0.075,0.0
ieee9,14,1,0,0.075,0.9000000000000001,0.1,0.0
ieee9,14,1,1,0.05,0.9000000000000001,0.075,0.0
ieee9,14,1,2,0.05,0.9000000000000001,0.075,0.0
ieee9,14,1,3,0.05,0.9000000000000001,0.075,0.0
ieee9,14,1,4,0.05,0.9000000000000001,0.075,0.0
ieee9,14,1,5,0.05,0.9000000000000001,0.075,0.0
ieee9,14,1,6,0.05,0.9000000000000001,0.075,0.0
ieee9,14,1,7,0.05,0.9000000000000001,0.075,0.0
ieee9,14,1,8,0.05,0.9000000000000001,0.075,0.0
ieee9,15,1,0,0.075,0.9000000000000001,0.1,0.0
ieee9,15,1,1,0.05,0.9000000000000001,0.075,0.0
ieee9,15,1,2,0.05,0.9000000000000001,0.075,0.0
ieee9,15,1,3,0.05,0.9000000000000001,0.075,0.0
ieee9,15,1,4,0.05,0.9000000000000001,0.075,0.0
ieee9,15,1,5,0.05,0.9000000000000001,0.075,0.0
ieee9,15,1,6,0.05,0.9000000000000001,0.075,0.0
ieee9,15,1,7,0.05,0.9000000000000001,0.075,0.0
ieee9,15,1,8,0.05,0.9000000000000001,0.075,0.0
ieee9,16,1,0,0.075,0.9000000000000001,0.1,0.0
ieee9,16,1,1,0.05,0.9000000000000001,0.075,0.0
ieee9,16,1,2,0.05,0.9000000000000001,0.075,0.0
ieee9,16,1,3,0.05,0.9000000000000001,0.075,0.0
ieee9,16,1,4,0.05,0.9000000000000001,0.075,0.0
ieee9,16,1,5,0.05,0.9000000000000001,0.075,0.0
ieee9,16,1,6,0.05,0.9000000000000001,0.075,0.0
ieee9,16,1,7,0.05,0.9000000000000001,0.075,0.0
ieee9,16,1,8,0.05,0.9000000000000001,0.075,0.0
ieee9,17,1,0,0.3,0.9000000000000001,0.2,0.006249999999999978
ieee9,17,1,1,0.05,0.9112500000000001,0.075,0.0
ieee9,17,1,2,0.05,0.9000000000000001,0.075,0.0
ieee9,17,1,3,0.05,0.9012500000000001,0.075,0.0
ieee9,17,1,4,0.05,0.9050000000000001,0.075,0.0
ieee9,17,1,5,0.15,0.9000000000000001,0.1,0.007499999999999951
ieee9,17,1,6,0.3,0.9000000000000001,0.2,0.0024999999999999467
ieee9,17,1,7,0.05,0.9000000000000001,0.075,0.0
ieee9,17,1,8,0.05,0.9000000000000001,0.075,0.0
ieee9,18,1,0,0.075,0.9000000000000001,0.1,0.0
ieee9,18,1,1,0.05,0.9000000000000001,0.075,0.0
ieee9,18,1,2,0.05,0.9000000000000001,0.075,0.0
ieee9,18,1,3,0.05,0.9000000000000001,0.075,0.0
ieee9,18,1,4,0.05,0.9000000000000001,0.075,0.0
ieee9,18,1,5,0.05,0.9000000000000001,0.075,0.0
ieee9,18,1,6,0.05,0.9000000000000001,0.075,0.0
ieee9,18,1,7,0.05,0.9000000000000001,0.075,0.0
ieee9,18,1,8,0.05,0.9000000000000001,0.075,0.0
ieee9,19,1,0,0.075,0.9000000000000001,0.1,0.0
ieee9,19,1,1,0.05,0.9000000000000001,0.075,0.0
ieee9,19,1,2,0.05,0.9000000000000001,0.075,0.0
ieee9,19,1,3,0.05,0.9000000000000001,0.075,0.0
ieee9,19,1,4,0.05,0.9000000000000001,0.075,0.0
ieee9,19,1,5,0.05,0.9000000000000001,0.075,0.0
ieee9,19,1,6,0.05,0.9000000000000001,0.075,0.0
ieee9,19,1,7,0.05,0.9000000000000001,0.075,0.0
ieee9,19,1,8,0.05,0.9000000000000001,0.075,0.0
ieee9,20,1,0,0.2,0.9225000000000001,0.15,0.0050000000000001155
ieee9,20,1,1,0.15,0.9137500000000001,0.2,0.0
ieee9,20,1,2,0.05,0.9200000000000002,0.075,0.0
ieee9,20,1,3,0.05,0.9087500000000002,0.075,0.0
ieee9,20,1,4,0.05,0.9337500000000002,0.075,0.0
ieee9,20,1,5,0.3,0.9137500000000001,0.05,0.010000000000000009
ieee9,20,1,6,0.05,0.9537500000000001,0.075,1.1102230246251565e-16
ieee9,20,1,7,0.3,0.9300000000000002,0.075,0.0012499999999999734
ieee9,20,1,8,0.05,0.9300000000000002,0.075,0.0024999999999999467
ieee9,21,1,0,0.075,0.9000000000000001,0.1,0.0
ieee9,21,1,1,0.05,0.9000000000000001,0.075,0.0
ieee9,21,1,2,0.05,0.9000000000000001,0.075,0.0
ieee9,21,1,3,0.05,0.9000000000000001,0.075,0.0
ieee9,21,1,4,0.05,0.9000000000000001,0.075,0.0
ieee9,21,1,5,0.05,0.9000000000000001,0.075,0.0
ieee9,21,1,6,0.05,0.9000000000000001,0.075,0.0
ieee9,21,1,7,0.05,0.9000000000000001,0.075,0.0
ieee9,21,1,8,0.05,0.9000000000000001,0.075,0.0
ieee9,22,1,0,0.3,0.9987500000000002,0.2,0.007500000000000062
ieee9,22,1,1,0.3,0.9712500000000002,0.2,0.0050000000000000044
ieee9,22,1,2,0.3,1.0150000000000001,0.2,0.011249999999999982
ieee9,22,1,3,0.2,0.9237500000000001,0.3,0.0012499999999999734
ieee9,22,1,4,0.05,1.025,0.075,0.0
ieee9,22,1,5,0.3,0.9850000000000001,0.05,0.0025000000000000577
ieee9,22,1,6,0.05,1.0075000000000003,0.075,0.0
ieee9,22,1,7,0.3,0.9687500000000002,0.1,0.06125000000000003
ieee9,22,1,8,0.075,0.9700000000000002,0.1,0.0
ieee9,23,1,0,0.075,0.9000000000000001,0.1,0.0
ieee9,23,1,1,0.05,0.9000000000000001,0.075,0.0
ieee9,23,1,2,0.05,0.9000000000000001,0.075,0.0
ieee9,23,1,3,0.05,0.9000000000000001,0.075,0.0
ieee9,23,1,4,0.05,0.9000000000000001,0.075,0.0
ieee9,23,1,5,0.05,0.9000000000000001,0.075,0.0
ieee9,23,1,6,0.05,0.9000000000000001,0.075,0.0
ieee9,23,1,7,0.05,0.9000000000000001,0.075,0.0
ieee9,23,1,8,0.05,0.9000000000000001,0.075,0.0
ieee9,24,1,0,0.075,0.9000000000000001,0.1,0.0
ieee9,24,1,1,0.05,0.9000000000000001,0.075,0.0
ieee9,24,1,2,0.05,0.9000000000000001,0.075,0.0
ieee9,24,1,3,0.05,0.9000000000000001,0.075,0.0
ieee9,24,1,4,0.05,0.9000000000000001,0.075,0.0
ieee9,24,1,5,0.05,0.9000000000000001,0.075,0.0
ieee9,24,1,6,0.05,0.9000000000000001,0.075,0.0
ieee9,24,1,7,0.05,0.9000000000000001,0.075,0.0
ieee9,24,1,8,0.05,0.9000000000000001,0.075,0.0
ieee9,25,1,0,0.15,0.9225000000000002,0.2,0.0024999999999999467
ieee9,25,1,1,0.1,0.9125000000000002,0.15,0.0
ieee9,25,1,2,0.05,0.9150000000000001,0.075,0.0
ieee9,25,1,3,0.05,0.9075000000000002,0.075,0.0
ieee9,25,1,4,0.05,0.9312500000000001,0.075,0.0
ieee9,25,1,5,0.3,0.9150000000000001,0.05,0.007499999999999951
ieee9,25,1,6,0.05,0.9575000000000002,0.075,0.0012499999999999734
ieee9,25,1,7,0.3,0.9225000000000001,0.05,0.003750000000000142
ieee9,25,1,8,0.05,0.9350000000000002,0.2,0.0025000000000000577
ieee9,26,1,0,0.2,0.9125000000000001,0.15,0.0012500000000000844
ieee9,26,1,1,0.2,0.9262500000000002,0.3,0.0
ieee9,26,1,2,0.3,0.9212500000000001,0.05,0.0012499999999999734
ieee9,26,1,3,0.05,0.9100000000000001,0.075,0.0
ieee9,26,1,4,0.05,0.9387500000000002,0.075,0.0
ieee9,26,1,5,0.3,0.9162500000000001,0.2,0.010000000000000009
ieee9,26,1,6,0.05,0.9387500000000002,0.075,0.0024999999999999467
ieee9,26,1,7,0.3,0.9287500000000002,0.2,0.016249999999999987
ieee9,26,1,8,0.15,0.9212500000000001,0.2,0.0
ieee9,27,1,0,0.075,0.9000000000000001,0.1,0.0
ieee9,27,1,1,0.05,0.9000000000000001,0.075,0.0
ieee9,27,1,2,0.05,0.9000000000000001,0.075,0.0
ieee9,27,1,3,0.05,0.9012500000000001,0.075,0.0
ieee9,27,1,4,0.05,0.9000000000000001,0.075,0.0
ieee9,27,1,5,0.05,0.9000000000000001,0.075,0.0
ieee9,27,1,6,0.05,0.9000000000000001,0.075,0.0
ieee9,27,1,7,0.05,0.9000000000000001,0.075,0.0
ieee9,27,1,8,0.05,0.9000000000000001,0.075,0.0
ieee9,28,1,0,0.3,1.0000000000000002,0.2,0.17500000000000004
ieee9,28,1,1,0.1,1.2125000000000001,0.15,0.0
ieee9,28,1,2,0.15,0.9875000000000002,0.2,0.0
ieee9,28,1,3,0.05,0.9875000000000002,0.075,0.0
ieee9,28,1,4,0.05,1.0625000000000002,0.075,0.0
ieee9,28,1,5,0.2,1.0750000000000002,0.05,0.012500000000000178
ieee9,28,1,6,0.05,1.2625000000000002,0.075,0.0
ieee9,28,1,7,0.3,1.0875000000000001,0.05,0.03749999999999987
ieee9,28,1,8,0.05,1.425,0.075,0.0
ieee9,29,1,0,0.2,1.06875,0.3,0.0625
ieee9,29,1,1,0.05,0.9625000000000001,0.075,0.0
ieee9,29,1,2,0.3,1.06875,0.2,0.03125
ieee9,29,1,3,0.05,0.9562500000000002,0.075,0.0
ieee9,29,1,4,0.075,1.05,0.1,0.0
ieee9,29,1,5,0.3,1.09375,0.2,0.05625000000000013
ieee9,29,1,6,0.05,0.9875000000000002,0.075,0.0
ieee9,29,1,7,0.05,0.9812500000000001,0.075,0.0
ieee9,29,1,8,0.05,0.9612500000000002,0.075,0.0
ieee9,30,1,0,0.075,0.9000000000000001,0.1,0.0
ieee9,30,1,1,0.05,0.9000000000000001,0.075,0.0
ieee9,30,1,2,0.05,0.9000000000000001,0.075,0.0
ieee9,30,1,3,0.05,0.9000000000000001,0.075,0.0
ieee9,30,1,4,0.05,0.9000000000000001,0.075,0.0
ieee9,30,1,5,0.05,0.9000000000000001,0.075,0.0
ieee9,30,1,6,0.05,0.9000000000000001,0.075,0.0
ieee9,30,1,7,0.05,0.9000000000000001,0.075,0.0
ieee9,30,1,8,0.05,0.9000000000000001,0.075,0.0
ieee9,31,1,0,0.2,0.9275000000000002,0.15,0.0012499999999999734
ieee9,31,1,1,0.3,0.9200000000000002,0.05,0.0012499999999999734
ieee9,31,1,2,0.05,0.9187500000000002,0.075,0.0
ieee9,31,1,3,0.05,0.9150000000000001,0.075,0.0
ieee9,31,1,4,0.05,0.9425000000000001,0.075,0.0
ieee9,31,1,5,0.3,0.9187500000000002,0.2,0.008750000000000036
ieee9,31,1,6,0.05,0.9600000000000002,0.075,0.0024999999999999467
ieee9,31,1,7,0.3,0.9362500000000002,0.05,0.0024999999999999467
ieee9,31,1,8,0.05,0.9325000000000001,0.15,0.0025000000000000577
ieee9,32,1,0,0.075,0.9212500000000001,0.1,0.0024999999999999467
ieee9,32,1,1,0.05,0.9162500000000001,0.075,0.0
ieee9,32,1,2,0.3,0.9250000000000002,0.15,0.0024999999999999467
ieee9,32,1,3,0.3,0.9150000000000001,0.15,0.010000000000000009
ieee9,32,1,4,0.1,0.9512500000000002,0.15,0.0
ieee9,32,1,5,0.3,0.9262500000000001,0.15,0.008750000000000036
ieee9,32,1,6,0.05,0.9412500000000001,0.075,0.0012499999999999734
ieee9,32,1,7,0.05,0.9337500000000002,0.075,0.0024999999999999467
ieee9,32,1,8,0.075,0.9437500000000001,0.1,0.0
ieee9,33,1,0,0.075,0.9000000000000001,0.1,0.0
ieee9,33,1,1,0.05,0.9000000000000001,0.075,0.0
ieee9,33,1,2,0.05,0.9000000000000001,0.075,0.0
ieee9,33,1,3,0.05,0.9000000000000001,0.075,0.0
ieee9,33,1,4,0.05,0.9000000000000001,0.075,0.0
ieee9,33,1,5,0.05,0.9000000000000001,0.075,0.0
ieee9,33,1,6,0.05,0.9000000000000001,0.075,0.0
ieee9,33,1,7,0.05,0.9000000000000001,0.075,0.0
ieee9,33,1,8,0.05,0.9000000000000001,0.075,0.0
ieee9,34,1,0,0.075,0.9000000000000001,0.1,0.0
ieee9,34,1,1,0.05,0.9000000000000001,0.075,0.0
ieee9,34,1,2,0.05,0.9000000000000001,0.075,0.0
ieee9,34,1,3,0.05,0.9000000000000001,0.075,0.0
ieee9,34,1,4,0.05,0.9000000000000001,0.075,0.0
ieee9,34,1,5,0.05,0.9000000000000001,0.075,0.0
ieee9,34,1,6,0.05,0.9000000000000001,0.075,0.0
ieee9,34,1,7,0.05,0.9000000000000001,0.075,0.0
ieee9,34,1,8,0.05,0.9000000000000001,0.075,0.0
ieee9,35,1,0,0.075,0.9000000000000001,0.1,0.0
ieee9,35,1,1,0.05,0.9000000000000001,0.075,0.0
ieee9,35,1,2,0.05,0.9000000000000001,0.075,0.0
ieee9,35,1,3,0.05,0.9000000000000001,0.075,0.0
ieee9,35,1,4,0.05,0.9000000000000001,0.075,0.0
ieee9,35,1,5,0.05,0.9000000000000001,0.075,0.0
ieee9,35,1,6,0.05,0.9000000000000001,0.075,0.0
ieee9,35,1,7,0.05,0.9000000000000001,0.075,0.0
ieee9,35,1,8,0.05,0.9000000000000001,0.075,0.0
ieee9,36,1,0,0.15,0.9000000000000001,0.2,0.0
ieee9,36,1,1,0.05,0.9000000000000001,0.075,0.0
ieee9,36,1,2,0.05,0.9000000000000001,0.075,0.0
ieee9,36,1,3,0.05,0.9000000000000001,0.075,0.0
ieee9,36,1,4,0.05,0.9000000000000001,0.075,0.0
ieee9,36,1,5,0.05,0.9000000000000001,0.075,0.0
ieee9,36,1,6,0.05,0.9000000000000001,0.075,0.0
ieee9,36,1,7,0.05,0.9000000000000001,0.075,0.0
ieee9,36,1,8,0.05,0.9000000000000001,0.075,0.0
ieee9,37,1,0,0.075,0.9000000000000001,0.1,0.0
ieee9,37,1,1,0.05,0.9000000000000001,0.075,0.0
ieee9,37,1,2,0.05,0.9000000000000001,0.075,0.0
ieee9,37,1,3,0.05,0.9000000000000001,0.075,0.0
ieee9,37,1,4,0.05,0.9000000000000001,0.075,0.0
ieee9,37,1,5,0.05,0.9000000000000001,0.075,0.0
ieee9,37,1,6,0.05,0.9000000000000001,0.075,0.0
ieee9,37,1,7,0.05,0.9000000000000001,0.075,0.0
ieee9,37,1,8,0.05,0.9000000000000001,0.075,0.0
ieee9,38,1,0,0.075,0.9000000000000001,0.1,0.0
ieee9,38,1,1,0.05,0.9000000000000001,0.075,0.0
ieee9,38,1,2,0.05,0.9000000000000001,0.075,0.0
ieee9,38,1,3,0.05,0.9000000000000001,0.075,0.0
ieee9,38,1,4,0.05,0.9000000000000001,0.075,0.0
ieee9,38,1,5,0.05,0.9000000000000001,0.075,0.0
ieee9,38,1,6,0.05,0.9000000000000001,0.075,0.0
ieee9,38,1,7,0.05,0.9000000000000001,0.075,0.0
ieee9,38,1,8,0.05,0.9000000000000001,0.075,0.0
ieee9,39,1,0,0.075,0.9000000000000001,0.1,0.0
ieee9,39,1,1,0.05,0.9000000000000001,0.075,0.0
ieee9,39,1,2,0.05,0.9000000000000001,0.075,0.0
ieee9,39,1,3,0.05,0.9000000000000001,0.075,0.0
ieee9,39,1,4,0.05,0.9000000000000001,0.075,0.0
ieee9,39,1,5,0.05,0.9000000000000001,0.075,0.0
ieee9,39,1,6,0.05,0.9000000000000001,0.075,0.0
ieee9,39,1,7,0.05,0.9000000000000001,0.075,0.0
ieee9,39,1,8,0.05,0.9000000000000001,0.075,0.0
ieee9,40,1,0,0.075,0.9000000000000001,0.1,0.0
ieee9,40,1,1,0.05,0.9000000000000001,0.075,0.0
ieee9,40,1,2,0.05,0.9000000000000001,0.075,0.0
ieee9,40,1,3,0.05,0.9000000000000001,0.075,0.0
ieee9,40,1,4,0.05,0.9000000000000001,0.075,0.0
ieee9,40,1,5,0.05,0.9000000000000001,0.075,0.0
ieee9,40,1,6,0.05,0.9000000000000001,0.075,0.0
ieee9,40,1,7,0.05,0.9000000000000001,0.075,0.0
ieee9,40,1,8,0.05,0.9000000000000001,0.075,0.0
ieee9,41,1,0,0.3,0.9000000000000001,0.075,0.006250000000000089
ieee9,41,1,1,0.05,0.9062500000000001,0.075,0.0
ieee9,41,1,2,0.05,0.9025000000000001,0.075,0.0
ieee9,41,1,3,0.05,0.9012500000000001,0.075,0.0
ieee9,41,1,4,0.05,0.9087500000000002,0.075,0.0
ieee9,41,1,5,0.15,0.9000000000000001,0.2,0.0050000000000000044
ieee9,41,1,6,0.3,0.9000000000000001,0.05,0.0024999999999999467
ieee9,41,1,7,0.05,0.9000000000000001,0.075,0.0
ieee9,41,1,8,0.05,0.9000000000000001,0.075,0.0
ieee9,42,1,0,0.075,0.9000000000000001,0.1,0.0
ieee9,42,1,1,0.05,0.9000000000000001,0.075,0.0
ieee9,42,1,2,0.05,0.9000000000000001,0.075,0.0
ieee9,42,1,3,0.05,0.9000000000000001,0.075,0.0
ieee9,42,1,4,0.05,0.9000000000000001,0.075,0.0
ieee9,42,1,5,0.05,0.9000000000000001,0.075,0.0
ieee9,42,1,6,0.05,0.9000000000000001,0.075,0.0
ieee9,42,1,7,0.05,0.9000000000000001,0.075,0.0
ieee9,42,1,8,0.05,0.9000000000000001,0.075,0.0
ieee9,43,1,0,0.2,0.9312500000000001,0.3,0.018749999999999933
ieee9,43,1,1,0.05,0.9750000000000001,0.075,0.0
ieee9,43,1,2,0.05,0.9812500000000001,0.075,0.0
ieee9,43,1,3,0.05,0.9125000000000001,0.075,0.0
ieee9,43,1,4,0.3,0.9437500000000002,0.2,0.006249999999999978
ieee9,43,1,5,0.3,1.0187500000000003,0.2,0.006249999999999867
ieee9,43,1,6,0.05,0.9500000000000002,0.075,0.018750000000000044
ieee9,43,1,7,0.1,0.9375000000000001,0.05,0.006249999999999978
ieee9,43,1,8,0.05,0.9125000000000001,0.075,0.0
ieee9,44,1,0,0.15,0.9000000000000001,0.2,0.0
ieee9,44,1,1,0.05,0.9012500000000001,0.075,0.0
ieee9,44,1,2,0.05,0.9000000000000001,0.075,0.0
ieee9,44,1,3,0.05,0.9012500000000001,0.075,0.0
ieee9,44,1,4,0.05,0.9000000000000001,0.075,0.0
ieee9,44,1,5,0.15,0.9000000000000001,0.2,0.0
ieee9,44,1,6,0.05,0.9000000000000001,0.075,0.0
ieee9,44,1,7,0.05,0.9000000000000001,0.075,0.0
ieee9,44,1,8,0.05,0.9000000000000001,0.075,0.0
ieee9,45,1,0,0.075,0.9000000000000001,0.1,0.0
ieee9,45,1,1,0.05,0.9000000000000001,0.075,0.0
ieee9,45,1,2,0.05,0.9000000000000001,0.075,0.0
ieee9,45,1,3,0.05,0.9000000000000001,0.075,0.0
ieee9,45,1,4,0.05,0.9000000000000001,0.075,0.0
ieee9,45,1,5,0.05,0.9000000000000001,0.075,0.0
ieee9,45,1,6,0.05,0.9000000000000001,0.075,0.0
ieee9,45,1,7,0.05,0.9000000000000001,0.075,0.0
ieee9,45,1,8,0.05,0.9000000000000001,0.075,0.0
ieee9,46,1,0,0.2,1.0050000000000003,0.3,0.004999999999999893
ieee9,46,1,1,0.2,0.9425000000000001,0.3,0.0
ieee9,46,1,2,0.3,0.9787500000000001,0.2,0.003750000000000031
ieee9,46,1,3,0.05,0.9175000000000002,0.075,0.0
ieee9,46,1,4,0.3,1.01625,0.05,0.0012499999999999734
ieee9,46,1,5,0.05,1.0112500000000002,0.075,0.0
ieee9,46,1,6,0.05,0.9800000000000002,0.075,0.0012499999999999734
ieee9,46,1,7,0.3,0.9575000000000002,0.2,0.06374999999999997
ieee9,46,1,8,0.1,0.9800000000000002,0.075,0.0012499999999999734
ieee9,47,1,0,0.075,0.9000000000000001,0.1,0.0
ieee9,47,1,1,0.05,0.9000000000000001,0.075,0.0
ieee9,47,1,2,0.05,0.9000000000000001,0.075,0.0
ieee9,47,1,3,0.05,0.9000000000000001,0.075,0.0
ieee9,47,1,4,0.05,0.9000000000000001,0.075,0.0
ieee9,47,1,5,0.05,0.9000000000000001,0.075,0.0
ieee9,47,1,6,0.05,0.9000000000000001,0.075,0.0
ieee9,47,1,7,0.05,0.9000000000000001,0.075,0.0
ieee9,47,1,8,0.05,0.9000000000000001,0.075,0.0
ieee9,48,1,0,0.075,0.9000000000000001,0.1,0.0
ieee9,48,1,1,0.05,0.9000000000000001,0.075,0.0
ieee9,48,1,2,0.05,0.9000000000000001,0.075,0.0
ieee9,48,1,3,0.05,0.9000000000000001,0.075,0.0
ieee9,48,1,4,0.05,0.9000000000000001,0.075,0.0
ieee9,48,1,5,0.05,0.9000000000000001,0.075,0.0
ieee9,48,1,6,0.05,0.9000000000000001,0.075,0.0
ieee9,48,1,7,0.05,0.9000000000000001,0.075,0.0
ieee9,48,1,8,0.05,0.9000000000000001,0.075,0.0
ieee9,49,1,0,0.15,0.9000000000000001,0.2,0.0
ieee9,49,1,1,0.05,0.9000000000000001,0.075,0.0
ieee9,49,1,2,0.05,0.9000000000000001,0.075,0.0
ieee9,49,1,3,0.05,0.9000000000000001,0.075,0.0
ieee9,49,1,4,0.05,0.9000000000000001,0.075,0.0
ieee9,49,1,5,0.05,0.9000000000000001,0.075,0.0
ieee9,49,1,6,0.05,0.9000000000000001,0.075,0.0
ieee9,49,1,7,0.05,0.9000000000000001,0.075,0.0
ieee9,49,1,8,0.05,0.9000000000000001,0.075,0.0
ieee9,50,1,0,0.15,0.9050000000000001,0.2,0.0
ieee9,50,1,1,0.05,0.9137500000000002,0.075,0.0
ieee9,50,1,2,0.3,0.9112500000000001,0.15,0.0012499999999999734
ieee9,50,1,3,0.05,0.9050000000000001,0.075,0.0
ieee9,50,1,4,0.2,0.9150000000000001,0.3,0.0
ieee9,50,1,5,0.3,0.9075000000000001,0.2,0.0012500000000000844
ieee9,50,1,6,0.05,0.9000000000000001,0.075,0.0
ieee9,50,1,7,0.05,0.9000000000000001,0.075,0.0
ieee9,50,1,8,0.05,0.9125000000000001,0.1,0.0025000000000000577
ieee9,51,1,0,0.075,0.9000000000000001,0.1,0.0
ieee9,51,1,1,0.05,0.9000000000000001,0.075,0.0
ieee9,51,1,2,0.05,0.9000000000000001,0.075,0.0
ieee9,51,1,3,0.05,0.9000000000000001,0.075,0.0
ieee9,51,1,4,0.05,0.9000000000000001,0.075,0.0
ieee9,51,1,5,0.05,0.9000000000000001,0.075,0.0
ieee9,51,1,6,0.05,0.9000000000000001,0.075,0.0
ieee9,51,1,7,0.05,0.9000000000000001,0.075,0.0
ieee9,51,1,8,0.05,0.9000000000000001,0.075,0.0
ieee9,52,1,0,0.3,1.0,0.2,0.12500000000000022
ieee9,52,1,1,0.3,1.3375000000000001,0.2,0.02499999999999991
ieee9,52,1,2,0.3,1.0000000000000002,0.2,0.012499999999999956
ieee9,52,1,3,0.05,0.9500000000000002,0.075,0.0
ieee9,52,1,4,0.05,1.0250000000000001,0.075,0.0
ieee9,52,1,5,0.05,1.0500000000000003,0.075,0.0
ieee9,52,1,6,0.05,1.2375000000000003,0.075,0.0
ieee9,52,1,7,0.05,1.0250000000000001,0.075,0.0
ieee9,52,1,8,0.05,1.2125000000000001,0.075,0.0
ieee9,53,1,0,0.15,1.1862500000000002,0.2,0.016249999999999876
ieee9,53,1,1,0.3,0.9712500000000001,0.2,0.0025000000000000577
ieee9,53,1,2,0.3,1.09125,0.2,0.02499999999999991
ieee9,53,1,3,0.05,0.96125,0.075,0.0
ieee9,53,1,4,0.05,1.02625,0.075,0.0
ieee9,53,1,5,0.3,1.1075,0.2,0.006250000000000089
ieee9,53,1,6,0.05,1.02875,0.075,0.0
ieee9,53,1,7,0.3,1.0212500000000002,0.1,0.013749999999999929
ieee9,53,1,8,0.05,0.9775,0.075,0.0
ieee9,54,1,0,0.075,0.9000000000000001,0.1,0.0
ieee9,54,1,1,0.05,0.9000000000000001,0.075,0.0
ieee9,54,1,2,0.05,0.9000000000000001,0.075,0.0
ieee9,54,1,3,0.05,0.9000000000000001,0.075,0.0
ieee9,54,1,4,0.05,0.9000000000000001,0.075,0.0
ieee9,54,1,5,0.05,0.9000000000000001,0.075,0.0
ieee9,54,1,6,0.05,0.9000000000000001,0.075,0.0
ieee9,54,1,7,0.05,0.9000000000000001,0.075,0.0
ieee9,54,1,8,0.05,0.9000000000000001,0.075,0.0
ieee9,55,1,0,0.3,0.9150000000000001,0.15,0.012500000000000067
ieee9,55,1,1,0.15,0.9237500000000002,0.2,0.0
ieee9,55,1,2,0.05,0.9087500000000002,0.075,0.0
ieee9,55,1,3,0.05,0.9087500000000002,0.075,0.0
ieee9,55,1,4,0.05,0.9500000000000002,0.075,0.0
ieee9,55,1,5,0.3,0.9162500000000002,0.05,0.022499999999999964
ieee9,55,1,6,0.05,0.9562500000000003,0.075,0.0012499999999999734
ieee9,55,1,7,0.3,0.9462500000000003,0.2,0.008749999999999925
ieee9,55,1,8,0.05,0.9200000000000002,0.15,0.006249999999999978
ieee9,56,1,0,0.075,0.9187500000000002,0.1,0.0
ieee9,56,1,1,0.15,0.9175000000000001,0.2,0.0012500000000000844
ieee9,56,1,2,0.05,0.9162500000000001,0.075,0.0
ieee9,56,1,3,0.3,0.9112500000000001,0.2,0.0050000000000001155
ieee9,56,1,4,0.05,0.9262500000000002,0.075,0.0
ieee9,56,1,5,0.2,0.9175000000000002,0.3,0.0
ieee9,56,1,6,0.05,0.9250000000000002,0.075,0.0012500000000000844
ieee9,56,1,7,0.15,0.9275000000000002,0.05,0.004999999999999893
ieee9,56,1,8,0.3,0.9237500000000002,0.05,0.0024999999999999467
ieee9,57,1,0,0.075,0.9000000000000001,0.1,0.0
ieee9,57,1,1,0.05,0.9000000000000001,0.075,0.0
ieee9,57,1,2,0.05,0.9000000000000001,0.075,0.0
ieee9,57,1,3,0.05,0.9000000000000001,0.075,0.0
ieee9,57,1,4,0.05,0.9000000000000001,0.075,0.0
ieee9,57,1,5,0.05,0.9000000000000001,0.075,0.0
ieee9,57,1,6,0.05,0.9000000000000001,0.075,0.0
ieee9,57,1,7,0.05,0.9000000000000001,0.075,0.0
ieee9,57,1,8,0.05,0.9000000000000001,0.075,0.0
ieee9,58,1,0,0.075,0.9000000000000001,0.1,0.0
ieee9,58,1,1,0.05,0.9000000000000001,0.075,0.0
ieee9,58,1,2,0.05,0.9000000000000001,0.075,0.0
ieee9,58,1,3,0.05,0.9000000000000001,0.075,0.0
ieee9,58,1,4,0.05,0.9000000000000001,0.075,0.0
ieee9,58,1,5,0.05,0.9000000000000001,0.075,0.0
ieee9,58,1,6,0.05,0.9000000000000001,0.075,0.0
ieee9,58,1,7,0.05,0.9000000000000001,0.075,0.0
ieee9,58,1,8,0.05,0.9000000000000001,0.075,0.0
ieee9,59,1,0,0.075,0.9000000000000001,0.1,0.0
ieee9,59,1,1,0.05,0.9000000000000001,0.075,0.0
ieee9,59,1,2,0.05,0.9000000000000001,0.075,0.0
ieee9,59,1,3,0.05,0.9000000000000001,0.075,0.0
ieee9,59,1,4,0.05,0.9000000000000001,0.075,0.0
ieee9,59,1,5,0.05,0.9000000000000001,0.075,0.0
ieee9,59,1,6,0.05,0.9000000000000001,0.075,0.0
ieee9,59,1,7,0.05,0.9000000000000001,0.075,0.0
ieee9,59,1,8,0.05,0.9000000000000001,0.075,0.0
ieee9,60,1,0,0.075,0.9000000000000001,0.1,0.0
ieee9,60,1,1,0.05,0.9000000000000001,0.075,0.0
ieee9,60,1,2,0.05,0.9000000000000001,0.075,0.0
ieee9,60,1,3,0.05,0.9000000000000001,0.075,0.0
ieee9,60,1,4,0.05,0.9000000000000001,0.075,0.0
ieee9,60,1,5,0.05,0.9000000000000001,0.075,0.0
ieee9,60,1,6,0.05,0.9000000000000001,0.075,0.0
ieee9,60,1,7,0.05,0.9000000000000001,0.075,0.0
ieee9,60,1,8,0.05,0.9000000000000001,0.075,0.0
ieee9,61,1,0,0.075,0.9000000000000001,0.1,0.0
ieee9,61,1,1,0.05,0.9000000000000001,0.075,0.0
ieee9,61,1,2,0.05,0.9000000000000001,0.075,0.0
ieee9,61,1,3,0.05,0.9000000000000001,0.075,0.0
ieee9,61,1,4,0.05,0.9000000000000001,0.075,0.0
ieee9,61,1,5,0.05,0.9000000000000001,0.075,0.0
ieee9,61,1,6,0.05,0.9000000000000001,0.075,0.0
ieee9,61,1,7,0.05,0.9000000000000001,0.075,0.0
ieee9,61,1,8,0.05,0.9000000000000001,0.075,0.0
ieee9,62,1,0,0.075,0.9000000000000001,0.1,0.0
ieee9,62,1,1,0.05,0.9000000000000001,0.075,0.0
ieee9,62,1,2,0.05,0.9000000000000001,0.075,0.0
ieee9,62,1,3,0.05,0.9000000000000001,0.075,0.0
ieee9,62,1,4,0.05,0.9000000000000001,0.075,0.0
ieee9,62,1,5,0.05,0.9000000000000001,0.075,0.0
ieee9,62,1,6,0.05,0.9000000000000001,0.075,0.0
ieee9,62,1,7,0.05,0.9000000000000001,0.075,0.0
ieee9,62,1,8,0.05,0.9000000000000001,0.075,0.0
ieee9,63,1,0,0.075,0.9000000000000001,0.1,0.0
ieee9,63,1,1,0.05,0.9000000000000001,0.075,0.0
ieee9,63,1,2,0.05,0.9000000000000001,0.075,0.0
ieee9,63,1,3,0.05,0.9000000000000001,0.075,0.0
ieee9,63,1,4,0.05,0.9000000000000001,0.075,0.0
ieee9,63,1,5,0.05,0.9000000000000001,0.075,0.0
ieee9,63,1,6,0.05,0.9000000000000001,0.075,0.0
ieee9,63,1,7,0.05,0.9000000000000001,0.075,0.0
ieee9,63,1,8,0.05,0.9000000000000001,0.075,0.0
ieee9,64,1,0,0.075,0.9000000000000001,0.1,0.0
ieee9,64,1,1,0.05,0.9000000000000001,0.075,0.0
ieee9,64,1,2,0.05,0.9000000000000001,0.075,0.0
ieee9,64,1,3,0.05,0.9000000000000001,0.075,0.0
ieee9,64,1,4,0.05,0.9000000000000001,0.075,0.0
ieee9,64,1,5,0.05,0.9000000000000001,0.075,0.0
ieee9,64,1,6,0.05,0.9000000000000001,0.075,0.0
ieee9,64,1,7,0.05,0.9000000000000001,0.075,0.0
ieee9,64,1,8,0.05,0.9000000000000001,0.075,0.0
ieee9,65,1,0,0.075,0.9000000000000001,0.1,0.0
ieee9,65,1,1,0.05,0.9000000000000001,0.075,0.0
ieee9,65,1,2,0.05,0.9000000000000001,0.075,0.0
ieee9,65,1,3,0.05,0.9000000000000001,0.075,0.0
ieee9,65,1,4,0.05,0.9000000000000001,0.075,0.0
ieee9,65,1,5,0.05,0.9000000000000001,0.075,0.0
ieee9,65,1,6,0.05,0.9000000000000001,0.075,0.0
ieee9,65,1,7,0.05,0.9000000000000001,0.075,0.0
ieee9,65,1,8,0.05,0.9000000000000001,0.075,0.0
ieee9,66,1,0,0.075,0.9000000000000001,0.1,0.0
ieee9,66,1,1,0.05,0.9000000000000001,0.075,0.0
ieee9,66,1,2,0.05,0.9000000000000001,0.075,0.0
ieee9,66,1,3,0.05,0.9000000000000001,0.075,0.0
ieee9,66,1,4,0.05,0.9000000000000001,0.075,0.0
ieee9,66,1,5,0.05,0.9000000000000001,0.075,0.0
ieee9,66,1,6,0.05,0.9000000000000001,0.075,0.0
ieee9,66,1,7,0.05,0.9000000000000001,0.075,0.0
ieee9,66,1,8,0.05,0.9000000000000001,0.075,0.0
ieee9,67,1,0,0.2,1.06875,0.3,0.03750000000000009
ieee9,67,1,1,0.05,0.9875,0.075,0.0
ieee9,67,1,2,0.3,1.09375,0.2,0.012499999999999956
ieee9,67,1,3,0.05,0.9875,0.075,0.0
ieee9,67,1,4,0.05,1.0125000000000002,0.075,0.0
ieee9,67,1,5,0.3,1.06875,0.05,0.05624999999999991
ieee9,67,1,6,0.05,1.00625,0.075,0.0
ieee9,67,1,7,0.05,1.00625,0.075,0.0
ieee9,67,1,8,0.05,0.9875,0.075,0.0
ieee9,68,1,0,0.15,0.9000000000000001,0.2,0.0
ieee9,68,1,1,0.05,0.9000000000000001,0.075,0.0
ieee9,68,1,2,0.05,0.9000000000000001,0.075,0.0
ieee9,68,1,3,0.05,0.9000000000000001,0.075,0.0
ieee9,68,1,4,0.05,0.9000000000000001,0.075,0.0
ieee9,68,1,5,0.05,0.9000000000000001,0.075,0.0
ieee9,68,1,6,0.05,0.9000000000000001,0.075,0.0
ieee9,68,1,7,0.05,0.9000000000000001,0.075,0.0
ieee9,68,1,8,0.05,0.9000000000000001,0.075,0.0
ieee9,69,1,0,0.075,0.9000000000000001,0.1,0.0
ieee9,69,1,1,0.05,0.9000000000000001,0.075,0.0
ieee9,69,1,2,0.05,0.9000000000000001,0.075,0.0
ieee9,69,1,3,0.05,0.9000000000000001,0.075,0.0
ieee9,69,1,4,0.05,0.9000000000000001,0.075,0.0
ieee9,69,1,5,0.05,0.9000000000000001,0.075,0.0
ieee9,69,1,6,0.05,0.9000000000000001,0.075,0.0
ieee9,69,1,7,0.05,0.9000000000000001,0.075,0.0
ieee9,69,1,8,0.05,0.9000000000000001,0.075,0.0
ieee9,70,1,0,0.2,1.0137500000000002,0.3,0.006250000000000089
ieee9,70,1,1,0.3,0.9625000000000001,0.2,0.006250000000000089
ieee9,70,1,2,0.3,1.0075000000000003,0.2,0.0012499999999999734
ieee9,70,1,3,0.05,0.9312500000000001,0.075,0.0
ieee9,70,1,4,0.3,1.0012500000000002,0.15,0.0012499999999999734
ieee9,70,1,5,0.3,0.9775000000000003,0.2,0.019999999999999907
ieee9,70,1,6,0.3,0.9962500000000002,0.05,0.01375000000000004
ieee9,70,1,7,0.3,0.9875,0.05,0.036250000000000115
ieee9,70,1,8,0.05,0.9825000000000002,0.075,0.0
ieee9,71,1,0,0.075,0.9000000000000001,0.1,0.0
ieee9,71,1,1,0.05,0.9000000000000001,0.075,0.0
ieee9,71,1,2,0.05,0.9000000000000001,0.075,0.0
ieee9,71,1,3,0.05,0.9000000000000001,0.075,0.0
ieee9,71,1,4,0.05,0.9000000000000001,0.075,0.0
ieee9,71,1,5,0.05,0.9000000000000001,0.075,0.0
ieee9,71,1,6,0.05,0.9000000000000001,0.075,0.0
ieee9,71,1,7,0.05,0.9000000000000001,0.075,0.0
ieee9,71,1,8,0.05,0.9000000000000001,0.075,0.0
ieee9,72,1,0,0.075,0.9000000000000001,0.1,0.0
ieee9,72,1,1,0.05,0.9000000000000001,0.075,0.0
ieee9,72,1,2,0.05,0.9000000000000001,0.075,0.0
ieee9,72,1,3,0.05,0.9000000000000001,0.075,0.0
ieee9,72,1,4,0.05,0.9000000000000001,0.075,0.0
ieee9,72,1,5,0.05,0.9000000000000001,0.075,0.0
ieee9,72,1,6,0.05,0.9000000000000001,0.075,0.0
ieee9,72,1,7,0.05,0.9000000000000001,0.075,0.0
ieee9,72,1,8,0.05,0.9000000000000001,0.075,0.0
ieee9,73,1,0,0.1,0.9000000000000001,0.15,0.0
ieee9,73,1,1,0.05,0.9000000000000001,0.075,0.0
ieee9,73,1,2,0.05,0.9000000000000001,0.075,0.0
ieee9,73,1,3,0.05,0.9000000000000001,0.075,0.0
ieee9,73,1,4,0.05,0.9000000000000001,0.075,0.0
ieee9,73,1,5,0.05,0.9000000000000001,0.075,0.0
ieee9,73,1,6,0.05,0.9000000000000001,0.075,0.0
ieee9,73,1,7,0.05,0.9000000000000001,0.075,0.0
ieee9,73,1,8,0.05,0.9000000000000001,0.075,0.0
ieee9,74,1,0,0.15,0.9087500000000002,0.2,0.0
ieee9,74,1,1,0.3,0.9200000000000002,0.2,0.0024999999999999467
ieee9,74,1,2,0.2,0.9212500000000001,0.3,0.0
ieee9,74,1,3,0.05,0.9050000000000001,0.075,0.0
ieee9,74,1,4,0.05,0.9162500000000001,0.075,0.0
ieee9,74,1,5,0.3,0.9100000000000001,0.2,0.015000000000000013
ieee9,74,1,6,0.15,0.9387500000000002,0.05,0.0024999999999999467
ieee9,74,1,7,0.3,0.9187500000000002,0.05,0.020000000000000018
ieee9,74,1,8,0.15,0.9125000000000002,0.2,0.0
ieee9,75,1,0,0.075,0.9000000000000001,0.1,0.0
ieee9,75,1,1,0.05,0.9000000000000001,0.075,0.0
ieee9,75,1,2,0.05,0.9000000000000001,0.075,0.0
ieee9,75,1,3,0.05,0.9000000000000001,0.075,0.0
ieee9,75,1,4,0.05,0.9000000000000001,0.075,0.0
ieee9,75,1,5,0.05,0.9000000000000001,0.075,0.0
ieee9,75,1,6,0.05,0.9000000000000001,0.075,0.0
ieee9,75,1,7,0.05,0.9000000000000001,0.075,0.0
ieee9,75,1,8,0.05,0.9000000000000001,0.075,0.0
ieee9,76,1,0,0.1,0.9000000000000001,0.15,0.0
ieee9,76,1,1,0.05,0.9000000000000001,0.075,0.0
ieee9,76,1,2,0.3,0.9750000000000001,0.05,0.012500000000000067
ieee9,76,1,3,0.05,0.9125000000000001,0.075,0.0
ieee9,76,1,4,0.05,1.0,0.075,0.0
ieee9,76,1,5,0.05,0.9375,0.075,0.0
ieee9,76,1,6,0.2,0.9000000000000001,0.3,0.0
ieee9,76,1,7,0.15,0.9875,0.05,1.1102230246251565e-16
ieee9,76,1,8,0.3,0.9500000000000002,0.2,0.012499999999999956
ieee9,77,1,0,0.2,1.13125,0.3,0.0625
ieee9,77,1,1,0.05,0.9712500000000002,0.075,0.0
ieee9,77,1,2,0.3,1.0900000000000003,0.15,0.016249999999999876
ieee9,77,1,3,0.05,0.9687500000000001,0.075,0.0
ieee9,77,1,4,0.075,0.99375,0.1,0.0
ieee9,77,1,5,0.3,1.1125,0.05,0.03749999999999987
ieee9,77,1,6,0.05,1.0150000000000001,0.075,0.0
ieee9,77,1,7,0.075,0.9775000000000001,0.1,0.0
ieee9,77,1,8,0.05,0.9750000000000001,0.075,0.0
ieee9,78,1,0,0.075,0.9000000000000001,0.1,0.0
ieee9,78,1,1,0.05,0.9000000000000001,0.075,0.0
ieee9,78,1,2,0.05,0.9000000000000001,0.075,0.0
ieee9,78,1,3,0.05,0.9000000000000001,0.075,0.0
ieee9,78,1,4,0.05,0.9000000000000001,0.075,0.0
ieee9,78,1,5,0.05,0.9000000000000001,0.075,0.0
ieee9,78,1,6,0.05,0.9000000000000001,0.075,0.0
ieee9,78,1,7,0.05,0.9000000000000001,0.075,0.0
ieee9,78,1,8,0.05,0.9000000000000001,0.075,0.0
ieee9,79,1,0,0.15,0.9250000000000002,0.2,0.010000000000000009
ieee9,79,1,1,0.3,0.9162500000000001,0.05,0.0012499999999999734
ieee9,79,1,2,0.05,0.9125000000000002,0.075,0.0
ieee9,79,1,3,0.05,0.9100000000000001,0.075,0.0
ieee9,79,1,4,0.05,0.9362500000000001,0.075,0.0
ieee9,79,1,5,0.3,0.9200000000000002,0.2,0.011249999999999982
ieee9,79,1,6,0.05,0.9600000000000002,0.075,0.0012499999999999734
ieee9,79,1,7,0.3,0.9287500000000002,0.05,0.011249999999999982
ieee9,79,1,8,0.05,0.9250000000000002,0.075,0.007499999999999951
ieee9,80,1,0,0.15,1.0125000000000002,0.2,0.003750000000000142
ieee9,80,1,1,0.3,0.9375000000000002,0.075,0.0012499999999999734
ieee9,80,1,2,0.3,0.9325000000000001,0.075,0.0025000000000000577
ieee9,80,1,3,0.1,0.9325000000000001,0.15,0.0
ieee9,80,1,4,0.05,0.9787500000000002,0.075,0.0
ieee9,80,1,5,0.05,0.9925000000000002,0.075,0.0
ieee9,80,1,6,0.05,0.9775000000000003,0.075,0.0
ieee9,80,1,7,0.3,0.9775000000000001,0.05,0.025000000000000244
ieee9,80,1,8,0.3,0.9675000000000002,0.1,0.0012499999999999734
ieee9,81,1,0,0.075,0.9000000000000001,0.1,0.0
ieee9,81,1,1,0.05,0.9000000000000001,0.075,0.0
ieee9,81,1,2,0.05,0.9000000000000001,0.075,0.0
ieee9,81,1,3,0.05,0.9000000000000001,0.075,0.0
ieee9,81,1,4,0.05,0.9000000000000001,0.075,0.0
ieee9,81,1,5,0.05,0.9000000000000001,0.075,0.0
ieee9,81,1,6,0.05,0.9000000000000001,0.075,0.0
ieee9,81,1,7,0.05,0.9000000000000001,0.075,0.0
ieee9,81,1,8,0.05,0.9000000000000001,0.075,0.0
ieee9,82,1,0,0.075,0.9000000000000001,0.1,0.0
ieee9,82,1,1,0.05,0.9000000000000001,0.075,0.0
ieee9,82,1,2,0.05,0.9000000000000001,0.075,0.0
ieee9,82,1,3,0.05,0.9000000000000001,0.075,0.0
ieee9,82,1,4,0.05,0.9000000000000001,0.075,0.0
ieee9,82,1,5,0.05,0.9000000000000001,0.075,0.0
ieee9,82,1,6,0.05,0.9000000000000001,0.075,0.0
ieee9,82,1,7,0.05,0.9000000000000001,0.075,0.0
ieee9,82,1,8,0.05,0.9000000000000001,0.075,0.0
ieee9,83,1,0,0.075,0.9000000000000001,0.1,0.0
ieee9,83,1,1,0.05,0.9000000000000001,0.075,0.0
ieee9,83,1,2,0.05,0.9000000000000001,0.075,0.0
ieee9,83,1,3,0.05,0.9000000000000001,0.075,0.0
ieee9,83,1,4,0.05,0.9000000000000001,0.075,0.0
ieee9,83,1,5,0.05,0.9000000000000001,0.075,0.0
ieee9,83,1,6,0.05,0.9000000000000001,0.075,0.0
ieee9,83,1,7,0.05,0.9000000000000001,0.075,0.0
ieee9,83,1,8,0.05,0.9000000000000001,0.075,0.0
ieee9,84,1,0,0.075,0.9000000000000001,0.1,0.0
ieee9,84,1,1,0.05,0.9000000000000001,0.075,0.0
ieee9,84,1,2,0.05,0.9000000000000001,0.075,0.0
ieee9,84,1,3,0.05,0.9000000000000001,0.075,0.0
ieee9,84,1,4,0.05,0.9000000000000001,0.075,0.0
ieee9,84,1,5,0.05,0.9000000000000001,0.075,0.0
ieee9,84,1,6,0.05,0.9000000000000001,0.075,0.0
ieee9,84,1,7,0.05,0.9000000000000001,0.075,0.0
ieee9,84,1,8,0.05,0.9000000000000001,0.075,0.0
ieee9,85,1,0,0.3,0.9000000000000001,0.075,0.012499999999999956
ieee9,85,1,1,0.05,0.9137500000000002,0.075,0.0012499999999999734
ieee9,85,1,2,0.3,0.9137500000000002,0.15,0.0024999999999999467
ieee9,85,1,3,0.3,0.9087500000000002,0.05,0.010000000000000009
ieee9,85,1,4,0.05,0.9087500000000002,0.075,0.0
ieee9,85,1,5,0.2,0.9137500000000002,0.05,0.0024999999999999467
ieee9,85,1,6,0.3,0.9175000000000002,0.05,0.0024999999999999467
ieee9,85,1,7,0.1,0.9000000000000001,0.15,0.0
ieee9,85,1,8,0.1,0.9212500000000001,0.15,0.0
ieee9,86,1,0,0.075,0.9000000000000001,0.1,0.0
ieee9,86,1,1,0.05,0.9000000000000001,0.075,0.0
ieee9,86,1,2,0.05,0.9000000000000001,0.075,0.0
ieee9,86,1,3,0.05,0.9000000000000001,0.075,0.0
ieee9,86,1,4,0.05,0.9000000000000001,0.075,0.0
ieee9,86,1,5,0.05,0.9000000000000001,0.075,0.0
ieee9,86,1,6,0.05,0.9000000000000001,0.075,0.0
ieee9,86,1,7,0.05,0.9000000000000001,0.075,0.0
ieee9,86,1,8,0.05,0.9000000000000001,0.075,0.0
ieee9,87,1,0,0.075,0.9000000000000001,0.1,0.0
ieee9,87,1,1,0.05,0.9000000000000001,0.075,0.0
ieee9,87,1,2,0.05,0.9000000000000001,0.075,0.0
ieee9,87,1,3,0.05,0.9000000000000001,0.075,0.0
ieee9,87,1,4,0.05,0.9000000000000001,0.075,0.0
ieee9,87,1,5,0.05,0.9000000000000001,0.075,0.0
ieee9,87,1,6,0.05,0.9000000000000001,0.075,0.0
ieee9,87,1,7,0.05,0.9000000000000001,0.075,0.0
ieee9,87,1,8,0.05,0.9000000000000001,0.075,0.0
ieee9,88,1,0,0.075,0.9000000000000001,0.1,0.0
ieee9,88,1,1,0.05,0.9000000000000001,0.075,0.0
ieee9,88,1,2,0.05,0.9000000000000001,0.075,0.0
ieee9,88,1,3,0.05,0.9000000000000001,0.075,0.0
ieee9,88,1,4,0.05,0.9000000000000001,0.075,0.0
ieee9,88,1,5,0.05,0.9000000000000001,0.075,0.0
ieee9,88,1,6,0.05,0.9000000000000001,0.075,0.0
ieee9,88,1,7,0.05,0.9000000000000001,0.075,0.0
ieee9,88,1,8,0.05,0.9000000000000001,0.075,0.0
ieee9,89,1,0,0.075,0.9000000000000001,0.1,0.0
ieee9,89,1,1,0.05,0.9000000000000001,0.075,0.0
ieee9,89,1,2,0.05,0.9000000000000001,0.075,0.0
ieee9,89,1,3,0.05,0.9000000000000001,0.075,0.0
ieee9,89,1,4,0.05,0.9000000000000001,0.075,0.0
ieee9,89,1,5,0.05,0.9000000000000001,0.075,0.0
ieee9,89,1,6,0.05,0.9000000000000001,0.075,0.0
ieee9,89,1,7,0.05,0.9000000000000001,0.075,0.0
ieee9,89,1,8,0.05,0.9000000000000001,0.075,0.0
ieee9,90,1,0,0.075,0.9000000000000001,0.1,0.0
ieee9,90,1,1,0.05,0.9000000000000001,0.075,0.0
ieee9,90,1,2,0.05,0.9000000000000001,0.075,0.0
ieee9,90,1,3,0.05,0.9000000000000001,0.075,0.0
ieee9,90,1,4,0.05,0.9000000000000001,0.075,0.0
ieee9,90,1,5,0.05,0.9000000000000001,0.075,0.0
ieee9,90,1,6,0.05,0.9000000000000001,0.075,0.0
ieee9,90,1,7,0.05,0.9000000000000001,0.075,0.0
ieee9,90,1,8,0.05,0.9000000000000001,0.075,0.0
ieee9,91,1,0,0.15,0.9062500000000001,0.2,0.0
ieee9,91,1,1,0.05,0.9500000000000002,0.075,0.0
ieee9,91,1,2,0.05,0.9375000000000001,0.075,0.0
ieee9,91,1,3,0.05,0.9000000000000001,0.075,0.0
ieee9,91,1,4,0.05,0.9125000000000001,0.075,0.0
ieee9,91,1,5,0.2,0.9312500000000001,0.3,0.0
ieee9,91,1,6,0.3,0.9000000000000001,0.05,0.012499999999999956
ieee9,91,1,7,0.05,0.9000000000000001,0.075,0.0
ieee9,91,1,8,0.05,0.9000000000000001,0.075,0.0
ieee9,92,1,0,0.075,0.9000000000000001,0.1,0.0
ieee9,92,1,1,0.05,0.9000000000000001,0.075,0.0
ieee9,92,1,2,0.05,0.9000000000000001,0.075,0.0
ieee9,92,1,3,0.05,0.9000000000000001,0.075,0.0
ieee9,92,1,4,0.05,0.9000000000000001,0.075,0.0
ieee9,92,1,5,0.05,0.9000000000000001,0.075,0.0
ieee9,92,1,6,0.05,0.9000000000000001,0.075,0.0
ieee9,92,1,7,0.05,0.9000000000000001,0.075,0.0
ieee9,92,1,8,0.05,0.9000000000000001,0.075,0.0
ieee9,93,1,0,0.075,0.9000000000000001,0.1,0.0
ieee9,93,1,1,0.05,0.9000000000000001,0.075,0.0
ieee9,93,1,2,0.05,0.9000000000000001,0.075,0.0
ieee9,93,1,3,0.05,0.9000000000000001,0.075,0.0
ieee9,93,1,4,0.05,0.9000000000000001,0.075,0.0
ieee9,93,1,5,0.05,0.9000000000000001,0.075,0.0
ieee9,93,1,6,0.05,0.9000000000000001,0.075,0.0
ieee9,93,1,7,0.05,0.9000000000000001,0.075,0.0
ieee9,93,1,8,0.05,0.9000000000000001,0.075,0.0
ieee9,94,1,0,0.3,1.0187500000000003,0.2,0.027499999999999858
ieee9,94,1,1,0.2,0.9425000000000001,0.3,0.0
ieee9,94,1,2,0.3,0.9350000000000002,0.2,0.0012500000000000844
ieee9,94,1,3,0.15,0.9325000000000001,0.1,0.0012500000000000844
ieee9,94,1,4,0.05,0.9912500000000003,0.075,0.0
ieee9,94,1,5,0.3,1.0100000000000002,0.15,0.003750000000000142
ieee9,94,1,6,0.05,0.9825000000000002,0.075,0.0012499999999999734
ieee9,94,1,7,0.3,0.9762500000000003,0.2,0.026250000000000107
ieee9,94,1,8,0.15,0.9987500000000002,0.2,0.0
ieee9,95,1,0,0.075,0.9000000000000001,0.1,0.0
ieee9,95,1,1,0.05,0.9000000000000001,0.075,0.0
ieee9,95,1,2,0.05,0.9000000000000001,0.075,0.0
ieee9,95,1,3,0.05,0.9000000000000001,0.075,0.0
ieee9,95,1,4,0.05,0.9000000000000001,0.075,0.0
ieee9,95,1,5,0.05,0.9000000000000001,0.075,0.0
ieee9,95,1,6,0.05,0.9000000000000001,0.075,0.0
ieee9,95,1,7,0.05,0.9000000000000001,0.075,0.0
ieee9,95,1,8,0.05,0.9000000000000001,0.075,0.0
ieee9,96,1,0,0.075,0.9000000000000001,0.1,0.0
ieee9,96,1,1,0.05,0.9000000000000001,0.075,0.0
ieee9,96,1,2,0.05,0.9000000000000001,0.075,0.0
ieee9,96,1,3,0.05,0.9000000000000001,0.075,0.0
ieee9,96,1,4,0.05,0.9000000000000001,0.075,0.0
ieee9,96,1,5,0.05,0.9000000000000001,0.075,0.0
ieee9,96,1,6,0.05,0.9000000000000001,0.075,0.0
ieee9,96,1,7,0.05,0.9000000000000001,0.075,0.0
ieee9,96,1,8,0.05,0.9000000000000001,0.075,0.0
ieee9,97,1,0,0.1,0.9187500000000002,0.2,0.0
ieee9,97,1,1,0.15,0.9025000000000001,0.2,0.0
ieee9,97,1,2,0.05,0.9150000000000001,0.075,0.0
ieee9,97,1,3,0.05,0.9000000000000001,0.075,0.0
ieee9,97,1,4,0.05,0.9212500000000001,0.075,0.0
ieee9,97,1,5,0.3,0.9075000000000001,0.05,0.011250000000000093
ieee9,97,1,6,0.05,0.9325000000000002,0.075,0.0050000000000000044
ieee9,97,1,7,0.3,0.9175000000000002,0.05,0.0012499999999999734
ieee9,97,1,8,0.05,0.9175000000000002,0.075,0.0012499999999999734
ieee9,98,1,0,0.3,0.9225000000000001,0.2,0.010000000000000009
ieee9,98,1,1,0.2,0.9375000000000002,0.3,0.0
ieee9,98,1,2,0.05,0.9225000000000002,0.075,0.0
ieee9,98,1,3,0.05,0.9212500000000001,0.075,0.0
ieee9,98,1,4,0.05,0.9562500000000002,0.075,0.0
ieee9,98,1,5,0.3,0.9287500000000002,0.2,0.020000000000000018
ieee9,98,1,6,0.05,0.9600000000000002,0.075,0.0012499999999999734
ieee9,98,1,7,0.3,0.9450000000000002,0.2,0.012500000000000067
ieee9,98,1,8,0.05,0.9325000000000002,0.075,0.0050000000000000044
ieee9,99,1,0,0.075,0.9000000000000001,0.1,0.0
ieee9,99,1,1,0.05,0.9000000000000001,0.075,0.0
ieee9,99,1,2,0.05,0.9000000000000001,0.075,0.0
ieee9,99,1,3,0.05,0.9000000000000001,0.075,0.0
ieee9,99,1,4,0.05,0.9000000000000001,0.075,0.0
ieee9,99,1,5,0.05,0.9000000000000001,0.075,0.0
ieee9,99,1,6,0.05,0.9000000000000001,0.075,0.0
ieee9,99,1,7,0.05,0.9000000000000001,0.075,0.0
ieee9,99,1,8,0.05,0.9000000000000001,0.075,0.0
ieee9,100,1,0,0.075,0.9000000000000001,0.1,0.0
ieee9,100,1,1,0.05,0.9000000000000001,0.075,0.0
ieee9,100,1,2,0.05,0.9000000000000001,0.075,0.0
ieee9,100,1,3,0.05,0.9000000000000001,0.075,0.0
ieee9,100,1,4,0.05,0.9000000000000001,0.075,0.0
ieee9,100,1,5,0.05,0.9000000000000001,0.075,0.0
ieee9,100,1,6,0.05,0.9000000000000001,0.075,0.0
ieee9,100,1,7,0.05,0.9000000000000001,0.075,0.0
ieee9,100,1,8,0.05,0.9000000000000001,0.075,0.0
ieee9,101,1,0,0.2,1.1400000000000001,0.15,0.03249999999999997
ieee9,101,1,1,0.1,1.0012500000000002,0.15,0.0
ieee9,101,1,2,0.3,1.11,0.2,0.018750000000000044
ieee9,101,1,3,0.05,0.9887500000000001,0.075,0.0
ieee9,101,1,4,0.075,1.0475,0.1,0.0
ieee9,101,1,5,0.3,1.13125,0.2,0.018750000000000044
ieee9,101,1,6,0.05,1.0475,0.075,0.0
ieee9,101,1,7,0.1,1.0350000000000001,0.3,0.0
ieee9,101,1,8,0.05,1.0025000000000002,0.075,0.0
ieee9,102,1,0,0.075,0.9000000000000001,0.1,0.0
ieee9,102,1,1,0.05,0.9000000000000001,0.075,0.0
ieee9,102,1,2,0.05,0.9000000000000001,0.075,0.0
ieee9,102,1,3,0.05,0.9000000000000001,0.075,0.0
ieee9,102,1,4,0.05,0.9000000000000001,0.075,0.0
ieee9,102,1,5,0.05,0.9000000000000001,0.075,0.0
ieee9,102,1,6,0.05,0.9000000000000001,0.075,0.0
ieee9,102,1,7,0.05,0.9000000000000001,0.075,0.0
ieee9,102,1,8,0.05,0.9000000000000001,0.075,0.0
ieee9,103,1,0,0.15,0.9000000000000001,0.3,0.0
ieee9,103,1,1,0.05,0.90375,0.075,0.0
ieee9,103,1,2,0.05,0.9075000000000002,0.075,0.0
ieee9,103,1,3,0.05,0.9025000000000001,0.075,0.0
ieee9,103,1,4,0.05,0.9075000000000002,0.075,0.0
ieee9,103,1,5,0.3,0.9050000000000001,0.05,0.0012500000000000844
ieee9,103,1,6,0.05,0.9000000000000001,0.075,0.0
ieee9,103,1,7,0.1,0.9075000000000002,0.05,0.0012499999999999734
ieee9,103,1,8,0.05,0.9000000000000001,0.075,0.0
ieee9,104,1,0,0.3,1.0312500000000002,0.1,0.0024999999999999467
ieee9,104,1,1,0.2,0.9475000000000002,0.3,0.0
ieee9,104,1,2,0.3,0.9450000000000002,0.075,0.0012500000000000844
ieee9,104,1,3,0.1,0.9462500000000003,0.15,0.0
ieee9,104,1,4,0.05,0.9925000000000002,0.075,0.0
ieee9,104,1,5,0.3,1.0112500000000002,0.05,0.0050000000000001155
ieee9,104,1,6,0.05,0.9875000000000003,0.075,0.0024999999999999467
ieee9,104,1,7,0.3,0.9950000000000002,0.2,0.021250000000000102
ieee9,104,1,8,0.15,0.9875000000000003,0.2,0.0
ieee9,105,1,0,0.075,0.9000000000000001,0.1,0.0
ieee9,105,1,1,0.05,0.9000000000000001,0.075,0.0
ieee9,105,1,2,0.05,0.9000000000000001,0.075,0.0
ieee9,105,1,3,0.05,0.9000000000000001,0.075,0.0
ieee9,105,1,4,0.05,0.9000000000000001,0.075,0.0
ieee9,105,1,5,0.05,0.9000000000000001,0.075,0.0
ieee9,105,1,6,0.05,0.9000000000000001,0.075,0.0
ieee9,105,1,7,0.05,0.9000000000000001,0.075,0.0
ieee9,105,1,8,0.05,0.9000000000000001,0.075,0.0
ieee9,106,1,0,0.075,0.9000000000000001,0.1,0.0
ieee9,106,1,1,0.05,0.9000000000000001,0.075,0.0
ieee9,106,1,2,0.05,0.9000000000000001,0.075,0.0
ieee9,106,1,3,0.05,0.9000000000000001,0.075,0.0
ieee9,106,1,4,0.05,0.9000000000000001,0.075,0.0
ieee9,106,1,5,0.05,0.9000000000000001,0.075,0.0
ieee9,106,1,6,0.05,0.9000000000000001,0.075,0.0
ieee9,106,1,7,0.05,0.9000000000000001,0.075,0.0
ieee9,106,1,8,0.05,0.9000000000000001,0.075,0.0
ieee9,107,1,0,0.075,0.9000000000000001,0.1,0.0
ieee9,107,1,1,0.05,0.9000000000000001,0.075,0.0
ieee9,107,1,2,0.05,0.9000000000000001,0.075,0.0
ieee9,107,1,3,0.05,0.9000000000000001,0.075,0.0
ieee9,107,1,4,0.05,0.9000000000000001,0.075,0.0
ieee9,107,1,5,0.05,0.9000000000000001,0.075,0.0
ieee9,107,1,6,0.05,0.9000000000000001,0.075,0.0
ieee9,107,1,7,0.05,0.9000000000000001,0.075,0.0
ieee9,107,1,8,0.05,0.9000000000000001,0.075,0.0
ieee9,108,1,0,0.075,0.9000000000000001,0.1,0.0
ieee9,108,1,1,0.05,0.9000000000000001,0.075,0.0
ieee9,108,1,2,0.05,0.9000000000000001,0.075,0.0
ieee9,108,1,3,0.05,0.9000000000000001,0.075,0.0
ieee9,108,1,4,0.05,0.9000000000000001,0.075,0.0
ieee9,108,1,5,0.05,0.9000000000000001,0.075,0.0
ieee9,108,1,6,0.05,0.9000000000000001,0.075,0.0
ieee9,108,1,7,0.05,0.9000000000000001,0.075,0.0
ieee9,108,1,8,0.05,0.9000000000000001,0.075,0.0
ieee9,109,1,0,0.2,0.9000000000000001,0.3,0.0
ieee9,109,1,1,0.05,0.9000000000000001,0.075,0.0
ieee9,109,1,2,0.05,0.9000000000000001,0.075,0.0
ieee9,109,1,3,0.05,0.9012500000000001,0.075,0.0
ieee9,109,1,4,0.05,0.9012500000000001,0.075,0.0
ieee9,109,1,5,0.15,0.9000000000000001,0.2,0.0
ieee9,109,1,6,0.05,0.9000000000000001,0.075,0.0
ieee9,109,1,7,0.05,0.9000000000000001,0.075,0.0
ieee9,109,1,8,0.05,0.9000000000000001,0.075,0.0
ieee9,110,1,0,0.075,0.9000000000000001,0.1,0.0
ieee9,110,1,1,0.05,0.9000000000000001,0.075,0.0
ieee9,110,1,2,0.05,0.9000000000000001,0.075,0.0
ieee9,110,1,3,0.05,0.9000000000000001,0.075,0.0
ieee9,110,1,4,0.05,0.9000000000000001,0.075,0.0
ieee9,110,1,5,0.05,0.9000000000000001,0.075,0.0
ieee9,110,1,6,0.05,0.9000000000000001,0.075,0.0
ieee9,110,1,7,0.05,0.9000000000000001,0.075,0.0
ieee9,110,1,8,0.05,0.9000000000000001,0.075,0.0
ieee9,111,1,0,0.075,0.9000000000000001,0.1,0.0
ieee9,111,1,1,0.05,0.9000000000000001,0.075,0.0
ieee9,111,1,2,0.05,0.9000000000000001,0.075,0.0
ieee9,111,1,3,0.05,0.9000000000000001,0.075,0.0
ieee9,111,1,4,0.05,0.9000000000000001,0.075,0.0
ieee9,111,1,5,0.05,0.9000000000000001,0.075,0.0
ieee9,111,1,6,0.05,0.9000000000000001,0.075,0.0
ieee9,111,1,7,0.05,0.9000000000000001,0.075,0.0
ieee9,111,1,8,0.05,0.9000000000000001,0.075,0.0
ieee9,112,1,0,0.075,0.9000000000000001,0.1,0.0
ieee9,112,1,1,0.05,0.9000000000000001,0.075,0.0
ieee9,112,1,2,0.05,0.9000000000000001,0.075,0.0
ieee9,112,1,3,0.05,0.9000000000000001,0.075,0.0
ieee9,112,1,4,0.05,0.9000000000000001,0.075,0.0
ieee9,112,1,5,0.05,0.9000000000000001,0.075,0.0
ieee9,112,1,6,0.05,0.9000000000000001,0.075,0.0
ieee9,112,1,7,0.05,0.9000000000000001,0.075,0.0
ieee9,112,1,8,0.05,0.9000000000000001,0.075,0.0
ieee9,113,1,0,0.075,0.9000000000000001,0.15,0.0
ieee9,113,1,1,0.05,0.9000000000000001,0.075,0.0
ieee9,113,1,2,0.05,0.9000000000000001,0.075,0.0
ieee9,113,1,3,0.05,0.9000000000000001,0.075,0.0
ieee9,113,1,4,0.05,0.9000000000000001,0.075,0.0
ieee9,113,1,5,0.05,0.9000000000000001,0.075,0.0
ieee9,113,1,6,0.05,0.9000000000000001,0.075,0.0
ieee9,113,1,7,0.05,0.9000000000000001,0.075,0.0
ieee9,113,1,8,0.05,0.9000000000000001,0.075,0.0
ieee9,114,1,0,0.075,0.9000000000000001,0.1,0.0
ieee9,114,1,1,0.05,0.9000000000000001,0.075,0.0
ieee9,114,1,2,0.05,0.9000000000000001,0.075,0.0
ieee9,114,1,3,0.05,0.9000000000000001,0.075,0.0
ieee9,114,1,4,0.05,0.9000000000000001,0.075,0.0
ieee9,114,1,5,0.05,0.9000000000000001,0.075,0.0
ieee9,114,1,6,0.05,0.9000000000000001,0.075,0.0
ieee9,114,1,7,0.05,0.9000000000000001,0.075,0.0
ieee9,114,1,8,0.05,0.9000000000000001,0.075,0.0
ieee9,115,1,0,0.2,0.9812500000000002,0.3,0.0
ieee9,115,1,1,0.05,0.9375000000000002,0.075,0.0
ieee9,115,1,2,0.3,1.00625,0.15,0.018750000000000044
ieee9,115,1,3,0.05,0.9062500000000001,0.075,0.0
ieee9,115,1,4,0.05,0.9250000000000002,0.075,0.006249999999999978
ieee9,115,1,5,0.3,1.0,0.05,0.04375000000000018
ieee9,115,1,6,0.05,0.9437500000000001,0.075,0.006250000000000089
ieee9,115,1,7,0.05,0.9312500000000001,0.075,0.0
ieee9,115,1,8,0.05,0.9062500000000001,0.075,0.0
ieee9,116,1,0,0.15,0.9187500000000002,0.2,0.0
ieee9,116,1,1,0.05,0.9087500000000002,0.075,0.0
ieee9,116,1,2,0.05,0.9150000000000001,0.075,0.0
ieee9,116,1,3,0.05,0.9037500000000002,0.075,0.0
ieee9,116,1,4,0.05,0.9275000000000001,0.075,0.0
ieee9,116,1,5,0.3,0.9075000000000002,0.05,0.013749999999999929
ieee9,116,1,6,0.05,0.9425000000000001,0.075,0.0
ieee9,116,1,7,0.05,0.9287500000000002,0.075,0.0012499999999999734
ieee9,116,1,8,0.05,0.9325000000000001,0.075,0.0
ieee9,117,1,0,0.075,0.9000000000000001,0.1,0.0
ieee9,117,1,1,0.05,0.9000000000000001,0.075,0.0
ieee9,117,1,2,0.05,0.9000000000000001,0.075,0.0
ieee9,117,1,3,0.05,0.9000000000000001,0.075,0.0
ieee9,117,1,4,0.05,0.9000000000000001,0.075,0.0
ieee9,117,1,5,0.05,0.9000000000000001,0.075,0.0
ieee9,117,1,6,0.05,0.9000000000000001,0.075,0.0
ieee9,117,1,7,0.05,0.9000000000000001,0.075,0.0
ieee9,117,1,8,0.05,0.9000000000000001,0.075,0.0
ieee9,118,1,0,0.3,1.0150000000000001,0.2,0.013749999999999929
ieee9,118,1,1,0.3,0.9387500000000002,0.15,0.007499999999999951
ieee9,118,1,2,0.3,0.9912500000000002,0.2,0.011249999999999982
ieee9,118,1,3,0.075,0.9225000000000001,0.1,0.0
ieee9,118,1,4,0.2,1.0112500000000002,0.3,0.0
ieee9,118,1,5,0.3,1.0150000000000001,0.2,0.015000000000000124
ieee9,118,1,6,0.05,0.9737500000000002,0.075,0.006249999999999978
ieee9,118,1,7,0.3,0.9537500000000001,0.05,0.05750000000000011
ieee9,118,1,8,0.05,0.9637500000000002,0.075,0.0
ieee9,119,1,0,0.075,0.9000000000000001,0.1,0.0
ieee9,119,1,1,0.05,0.9000000000000001,0.075,0.0
ieee9,119,1,2,0.05,0.9000000000000001,0.075,0.0
ieee9,119,1,3,0.05,0.9000000000000001,0.075,0.0
ieee9,119,1,4,0.05,0.9000000000000001,0.075,0.0
ieee9,119,1,5,0.05,0.9000000000000001,0.075,0.0
ieee9,119,1,6,0.05,0.9000000000000001,0.075,0.0
ieee9,119,1,7,0.05,0.9000000000000001,0.075,0.0
ieee9,119,1,8,0.05,0.9000000000000001,0.075,0.0
ieee9,120,1,0,0.075,0.9000000000000001,0.1,0.0
ieee9,120,1,1,0.05,0.9000000000000001,0.075,0.0
ieee9,120,1,2,0.05,0.9000000000000001,0.075,0.0
ieee9,120,1,3,0.05,0.9000000000000001,0.075,0.0
ieee9,120,1,4,0.05,0.9000000000000001,0.075,0.0
ieee9,120,1,5,0.05,0.9000000000000001,0.075,0.0
ieee9,120,1,6,0.05,0.9000000000000001,0.075,0.0
ieee9,120,1,7,0.05,0.9000000000000001,0.075,0.0
ieee9,120,1,8,0.05,0.9000000000000001,0.075,0.0
ieee9,121,1,0,0.3,0.9187500000000002,0.15,0.007500000000000062
ieee9,121,1,1,0.05,0.9212500000000001,0.075,0.0
ieee9,121,1,2,0.05,0.9100000000000001,0.075,0.0
ieee9,121,1,3,0.05,0.9087500000000002,0.075,0.0
ieee9,121,1,4,0.05,0.9500000000000002,0.075,0.0
ieee9,121,1,5,0.3,0.9162500000000001,0.2,0.018750000000000044
ieee9,121,1,6,0.05,0.9500000000000002,0.075,0.0024999999999999467
ieee9,121,1,7,0.3,0.9475000000000002,0.2,0.009999999999999898
ieee9,121,1,8,0.05,0.9287500000000002,0.15,0.0012499999999999734
ieee9,122,1,0,0.3,0.9225000000000002,0.2,0.006249999999999978
ieee9,122,1,1,0.3,0.9287500000000002,0.15,0.0012499999999999734
ieee9,122,1,2,0.05,0.9187500000000002,0.075,0.0
ieee9,122,1,3,0.05,0.9150000000000001,0.075,0.0
ieee9,122,1,4,0.05,0.9562500000000003,0.075,0.0
ieee9,122,1,5,0.3,0.9187500000000002,0.2,0.018749999999999933
ieee9,122,1,6,0.05,0.9500000000000002,0.075,0.0050000000000000044
ieee9,122,1,7,0.3,0.9375000000000001,0.05,0.015000000000000013
ieee9,122,1,8,0.05,0.9275000000000002,0.3,0.0012499999999999734
ieee9,123,1,0,0.15,0.9000000000000001,0.2,0.0
ieee9,123,1,1,0.05,0.9000000000000001,0.075,0.0
ieee9,123,1,2,0.05,0.9000000000000001,0.075,0.0
ieee9,123,1,3,0.05,0.9012500000000001,0.075,0.0
ieee9,123,1,4,0.05,0.9000000000000001,0.075,0.0
ieee9,123,1,5,0.05,0.9000000000000001,0.075,0.0
ieee9,123,1,6,0.05,0.9000000000000001,0.075,0.0
ieee9,123,1,7,0.05,0.9000000000000001,0.075,0.0
ieee9,123,1,8,0.05,0.9000000000000001,0.075,0.0
ieee9,124,1,0,0.075,0.9000000000000001,0.1,0.0
ieee9,124,1,1,0.05,0.9000000000000001,0.075,0.0
ieee9,124,1,2,0.05,0.9000000000000001,0.075,0.0
ieee9,124,1,3,0.05,0.9000000000000001,0.075,0.0
ieee9,124,1,4,0.05,0.9000000000000001,0.075,0.0
ieee9,124,1,5,0.05,0.9000000000000001,0.075,0.0
ieee9,124,1,6,0.05,0.9000000000000001,0.075,0.0
ieee9,124,1,7,0.05,0.9000000000000001,0.075,0.0
ieee9,124,1,8,0.05,0.9000000000000001,0.075,0.0
ieee9,125,1,0,0.3,1.0087500000000003,0.2,0.043749999999999956
ieee9,125,1,1,0.3,0.9375000000000001,0.05,0.0025000000000000577
ieee9,125,1,2,0.2,0.9812500000000001,0.3,0.0
ieee9,125,1,3,0.05,0.9237500000000001,0.075,0.0
ieee9,125,1,4,0.1,1.0275000000000003,0.15,0.0
ieee9,125,1,5,0.05,1.03125,0.075,2.220446049250313e-16
ieee9,125,1,6,0.05,0.9750000000000002,0.075,0.007500000000000062
ieee9,125,1,7,0.3,0.9687500000000002,0.05,0.011249999999999982
ieee9,125,1,8,0.1,0.9862500000000003,0.15,0.0
ieee9,126,1,0,0.075,0.9000000000000001,0.1,0.0
ieee9,126,1,1,0.05,0.9000000000000001,0.075,0.0
ieee9,126,1,2,0.05,0.9000000000000001,0.075,0.0
ieee9,126,1,3,0.05,0.9000000000000001,0.075,0.0
ieee9,126,1,4,0.05,0.9000000000000001,0.075,0.0
ieee9,126,1,5,0.05,0.9000000000000001,0.075,0.0
ieee9,126,1,6,0.05,0.9000000000000001,0.075,0.0
ieee9,126,1,7,0.05,0.9000000000000001,0.075,0.0
ieee9,126,1,8,0.05,0.9000000000000001,0.075,0.0
ieee9,127,1,0,0.3,0.9262500000000001,0.15,0.0025000000000000577
ieee9,127,1,1,0.3,0.9287500000000002,0.15,0.0012499999999999734
ieee9,127,1,2,0.05,0.9187500000000002,0.075,0.0
ieee9,127,1,3,0.05,0.9187500000000002,0.075,0.0
ieee9,127,1,4,0.05,0.9600000000000002,0.075,0.0
ieee9,127,1,5,0.3,0.9212500000000001,0.2,0.011249999999999982
ieee9,127,1,6,0.05,0.9550000000000002,0.075,0.0025000000000000577
ieee9,127,1,7,0.3,0.9550000000000002,0.15,0.006249999999999978
ieee9,127,1,8,0.05,0.9325000000000002,0.075,0.0024999999999999467
ieee9,128,1,0,0.15,1.0137500000000004,0.1,0.0012499999999997513
ieee9,128,1,1,0.3,0.9362500000000002,0.05,0.00374999999999992
ieee9,128,1,2,0.15,0.9350000000000002,0.2,0.0
ieee9,128,1,3,0.1,0.9350000000000002,0.15,0.0
ieee9,128,1,4,0.05,0.9687500000000002,0.075,0.0012499999999999734
ieee9,128,1,5,0.075,1.0037500000000001,0.1,0.0
ieee9,128,1,6,0.05,0.9812500000000002,0.075,0.0
ieee9,128,1,7,0.3,0.9837500000000002,0.1,0.03124999999999989
ieee9,128,1,8,0.15,0.9637500000000001,0.2,0.0
ieee9,129,1,0,0.075,0.9000000000000001,0.1,0.0
ieee9,129,1,1,0.05,0.9000000000000001,0.075,0.0
ieee9,129,1,2,0.05,0.9000000000000001,0.075,0.0
ieee9,129,1,3,0.05,0.9000000000000001,0.075,0.0
ieee9,129,1,4,0.05,0.9000000000000001,0.075,0.0
ieee9,129,1,5,0.05,0.9000000000000001,0.075,0.0
ieee9,129,1,6,0.05,0.9000000000000001,0.075,0.0
ieee9,129,1,7,0.05,0.9000000000000001,0.075,0.0
ieee9,129,1,8,0.05,0.9000000000000001,0.075,0.0
ieee9,130,1,0,0.075,0.9000000000000001,0.1,0.0
ieee9,130,1,1,0.05,0.9000000000000001,0.075,0.0
ieee9,130,1,2,0.05,0.9000000000000001,0.075,0.0
ieee9,130,1,3,0.05,0.9000000000000001,0.075,0.0
ieee9,130,1,4,0.05,0.9000000000000001,0.075,0.0
ieee9,130,1,5,0.05,0.9000000000000001,0.075,0.0
ieee9,130,1,6,0.05,0.9000000000000001,0.075,0.0
ieee9,130,1,7,0.05,0.9000000000000001,0.075,0.0
ieee9,130,1,8,0.05,0.9000000000000001,0.075,0.0
ieee9,131,1,0,0.075,0.9000000000000001,0.1,0.0
ieee9,131,1,1,0.05,0.9000000000000001,0.075,0.0
ieee9,131,1,2,0.05,0.9000000000000001,0.075,0.0
ieee9,131,1,3,0.05,0.9000000000000001,0.075,0.0
ieee9,131,1,4,0.05,0.9000000000000001,0.075,0.0
ieee9,131,1,5,0.05,0.9000000000000001,0.075,0.0
ieee9,131,1,6,0.05,0.9000000000000001,0.075,0.0
ieee9,131,1,7,0.05,0.9000000000000001,0.075,0.0
ieee9,131,1,8,0.05,0.9000000000000001,0.075,0.0
ieee9,132,1,0,0.075,0.9000000000000001,0.1,0.0
ieee9,132,1,1,0.05,0.9000000000000001,0.075,0.0
ieee9,132,1,2,0.05,0.9000000000000001,0.075,0.0
ieee9,132,1,3,0.05,0.9000000000000001,0.075,0.0
ieee9,132,1,4,0.05,0.9000000000000001,0.075,0.0
ieee9,132,1,5,0.05,0.9000000000000001,0.075,0.0
ieee9,132,1,6,0.05,0.9000000000000001,0.075,0.0
ieee9,132,1,7,0.05,0.9000000000000001,0.075,0.0
ieee9,132,1,8,0.05,0.9000000000000001,0.075,0.0
ieee9,133,1,0,0.075,0.9000000000000001,0.1,0.0
ieee9,133,1,1,0.05,0.9000000000000001,0.075,0.0
ieee9,133,1,2,0.05,0.9000000000000001,0.075,0.0
ieee9,133,1,3,0.05,0.9000000000000001,0.075,0.0
ieee9,133,1,4,0.05,0.9000000000000001,0.075,0.0
ieee9,133,1,5,0.05,0.9000000000000001,0.075,0.0
ieee9,133,1,6,0.05,0.9000000000000001,0.075,0.0
ieee9,133,1,7,0.05,0.9000000000000001,0.075,0.0
ieee9,133,1,8,0.05,0.9000000000000001,0.075,0.0
ieee9,134,1,0,0.075,0.9000000000000001,0.1,0.0
ieee9,134,1,1,0.05,0.9000000000000001,0.075,0.0
ieee9,134,1,2,0.05,0.9000000000000001,0.075,0.0
ieee9,134,1,3,0.05,0.9000000000000001,0.075,0.0
ieee9,134,1,4,0.05,0.9000000000000001,0.075,0.0
ieee9,134,1,5,0.05,0.9000000000000001,0.075,0.0
ieee9,134,1,6,0.05,0.9000000000000001,0.075,0.0
ieee9,134,1,7,0.05,0.9000000000000001,0.075,0.0
ieee9,134,1,8,0.05,0.9000000000000001,0.075,0.0
ieee9,135,1,0,0.075,0.9000000000000001,0.1,0.0
ieee9,135,1,1,0.05,0.9000000000000001,0.075,0.0
ieee9,135,1,2,0.05,0.9000000000000001,0.075,0.0
ieee9,135,1,3,0.05,0.9000000000000001,0.075,0.0
ieee9,135,1,4,0.05,0.9000000000000001,0.075,0.0
ieee9,135,1,5,0.05,0.9000000000000001,0.075,0.0
ieee9,135,1,6,0.05,0.9000000000000001,0.075,0.0
ieee9,135,1,7,0.05,0.9000000000000001,0.075,0.0
ieee9,135,1,8,0.05,0.9000000000000001,0.075,0.0
ieee9,136,1,0,0.075,0.9000000000000001,0.1,0.0
ieee9,136,1,1,0.05,0.9000000000000001,0.075,0.0
ieee9,136,1,2,0.05,0.9000000000000001,0.075,0.0
ieee9,136,1,3,0.05,0.9000000000000001,0.075,0.0
ieee9,136,1,4,0.05,0.9000000000000001,0.075,0.0
ieee9,136,1,5,0.05,0.9000000000000001,0.075,0.0
ieee9,136,1,6,0.05,0.9000000000000001,0.075,0.0
ieee9,136,1,7,0.05,0.9000000000000001,0.075,0.0
ieee9,136,1,8,0.05,0.9000000000000001,0.075,0.0
ieee9,137,1,0,0.075,0.9137500000000002,0.1,0.0024999999999999467
ieee9,137,1,1,0.2,0.9137500000000001,0.3,0.0
ieee9,137,1,2,0.2,0.9150000000000001,0.3,0.0
ieee9,137,1,3,0.3,0.9050000000000001,0.2,0.012500000000000067
ieee9,137,1,4,0.1,0.9312500000000001,0.15,0.0
ieee9,137,1,5,0.05,0.9262500000000002,0.075,0.0
ieee9,137,1,6,0.05,0.9300000000000002,0.075,0.0012499999999999734
ieee9,137,1,7,0.05,0.9300000000000002,0.075,0.0
ieee9,137,1,8,0.3,0.9225000000000001,0.05,0.0012500000000000844
ieee9,138,1,0,0.075,0.9000000000000001,0.1,0.0
ieee9,138,1,1,0.05,0.9000000000000001,0.075,0.0
ieee9,138,1,2,0.05,0.9000000000000001,0.075,0.0
ieee9,138,1,3,0.05,0.9000000000000001,0.075,0.0
ieee9,138,1,4,0.05,0.9000000000000001,0.075,0.0
ieee9,138,1,5,0.05,0.9000000000000001,0.075,0.0
ieee9,138,1,6,0.05,0.9000000000000001,0.075,0.0
ieee9,138,1,7,0.05,0.9000000000000001,0.075,0.0
ieee9,138,1,8,0.05,0.9000000000000001,0.075,0.0
ieee9,139,1,0,0.3,0.9500000000000002,0.2,0.006249999999999978
ieee9,139,1,1,0.05,0.9625000000000001,0.075,0.0
ieee9,139,1,2,0.05,1.0375,0.075,0.0
ieee9,139,1,3,0.05,0.925,0.075,0.0
ieee9,139,1,4,0.05,0.9437500000000001,0.075,0.0
ieee9,139,1,5,0.3,0.9562500000000002,0.05,0.05625000000000002
ieee9,139,1,6,0.05,0.9375,0.075,0.006250000000000089
ieee9,139,1,7,0.05,0.9312500000000001,0.075,0.0
ieee9,139,1,8,0.05,0.925,0.075,0.0
ieee9,140,1,0,0.075,0.9000000000000001,0.15,0.0
ieee9,140,1,1,0.05,0.9000000000000001,0.075,0.0
ieee9,140,1,2,0.05,0.9000000000000001,0.075,0.0
ieee9,140,1,3,0.05,0.9000000000000001,0.075,0.0
ieee9,140,1,4,0.05,0.9000000000000001,0.075,0.0
ieee9,140,1,5,0.05,0.9000000000000001,0.075,0.0
ieee9,140,1,6,0.05,0.9000000000000001,0.075,0.0
ieee9,140,1,7,0.05,0.9000000000000001,0.075,0.0
ieee9,140,1,8,0.05,0.9000000000000001,0.075,0.0
ieee9,141,1,0,0.075,0.9000000000000001,0.1,0.0
ieee9,141,1,1,0.05,0.9000000000000001,0.075,0.0
ieee9,141,1,2,0.05,0.9000000000000001,0.075,0.0
ieee9,141,1,3,0.05,0.9000000000000001,0.075,0.0
ieee9,141,1,4,0.05,0.9000000000000001,0.075,0.0
ieee9,141,1,5,0.05,0.9000000000000001,0.075,0.0
ieee9,141,1,6,0.05,0.9000000000000001,0.075,0.0
ieee9,141,1,7,0.05,0.9000000000000001,0.075,0.0
ieee9,141,1,8,0.05,0.9000000000000001,0.075,0.0
ieee9,142,1,0,0.3,1.0100000000000002,0.2,0.010000000000000009
ieee9,142,1,1,0.075,0.9562500000000002,0.1,0.0
ieee9,142,1,2,0.05,0.9562500000000002,0.075,0.0
ieee9,142,1,3,0.05,0.9337500000000001,0.2,0.0025000000000000577
ieee9,142,1,4,0.05,0.9837500000000001,0.075,0.0
ieee9,142,1,5,0.3,0.9925000000000002,0.1,0.006250000000000089
ieee9,142,1,6,0.05,0.9700000000000002,0.075,0.0012499999999999734
ieee9,142,1,7,0.3,0.9912500000000002,0.2,0.018750000000000044
ieee9,142,1,8,0.1,0.9912500000000002,0.15,0.0
ieee9,143,1,0,0.2,0.9000000000000001,0.3,0.0
ieee9,143,1,1,0.05,0.9000000000000001,0.075,0.0
ieee9,143,1,2,0.05,0.9000000000000001,0.075,0.0
ieee9,143,1,3,0.05,0.9000000000000001,0.075,0.0
ieee9,143,1,4,0.05,0.9000000000000001,0.075,0.0
ieee9,143,1,5,0.05,0.9000000000000001,0.075,0.0
ieee9,143,1,6,0.05,0.9000000000000001,0.075,0.0
ieee9,143,1,7,0.05,0.9000000000000001,0.075,0.0
ieee9,143,1,8,0.05,0.9000000000000001,0.075,0.0
ieee9,144,1,0,0.075,0.9000000000000001,0.1,0.0
ieee9,144,1,1,0.05,0.9000000000000001,0.075,0.0
ieee9,144,1,2,0.05,0.9000000000000001,0.075,0.0
ieee9,144,1,3,0.05,0.9000000000000001,0.075,0.0
ieee9,144,1,4,0.05,0.9000000000000001,0.075,0.0
ieee9,144,1,5,0.05,0.9000000000000001,0.075,0.0
ieee9,144,1,6,0.05,0.9000000000000001,0.075,0.0
ieee9,144,1,7,0.05,0.9000000000000001,0.075,0.0
ieee9,144,1,8,0.05,0.9000000000000001,0.075,0.0
ieee9,145,1,0,0.15,0.9150000000000001,0.2,0.0012500000000000844
ieee9,145,1,1,0.3,0.90375,0.2,0.0025000000000001688
ieee9,145,1,2,0.05,0.9112500000000001,0.075,0.0
ieee9,145,1,3,0.05,0.9012500000000001,0.075,0.0
ieee9,145,1,4,0.05,0.9175000000000002,0.075,0.0
ieee9,145,1,5,0.3,0.9075000000000002,0.05,0.008750000000000036
ieee9,145,1,6,0.05,0.9462500000000003,0.075,0.0
ieee9,145,1,7,0.3,0.9137500000000002,0.05,0.0012499999999999734
ieee9,145,1,8,0.05,0.9262500000000002,0.15,0.0
ieee9,146,1,0,0.3,0.9087500000000002,0.2,0.003750000000000031
ieee9,146,1,1,0.3,0.9300000000000002,0.2,0.003750000000000031
ieee9,146,1,2,0.05,0.9187500000000002,0.075,0.0
ieee9,146,1,3,0.05,0.9062500000000002,0.075,0.0
ieee9,146,1,4,0.05,0.9450000000000002,0.075,0.0
ieee9,146,1,5,0.3,0.9112500000000001,0.2,0.01375000000000004
ieee9,146,1,6,0.05,0.9500000000000002,0.075,0.0024999999999999467
ieee9,146,1,7,0.3,0.9437500000000001,0.15,0.01000000000000012
ieee9,146,1,8,0.15,0.9175000000000001,0.2,0.0
ieee9,147,1,0,0.075,0.9000000000000001,0.1,0.0
ieee9,147,1,1,0.05,0.9000000000000001,0.075,0.0
ieee9,147,1,2,0.05,0.9000000000000001,0.075,0.0
ieee9,147,1,3,0.05,0.9000000000000001,0.075,0.0
ieee9,147,1,4,0.05,0.9000000000000001,0.075,0.0
ieee9,147,1,5,0.05,0.9000000000000001,0.075,0.0
ieee9,147,1,6,0.05,0.9000000000000001,0.075,0.0
ieee9,147,1,7,0.05,0.9000000000000001,0.075,0.0
ieee9,147,1,8,0.05,0.9000000000000001,0.075,0.0
ieee9,148,1,0,0.15,0.9000000000000001,0.3,0.11250000000000004
ieee9,148,1,1,0.05,0.9250000000000002,0.075,0.0
ieee9,148,1,2,0.05,0.9875,0.075,0.0
ieee9,148,1,3,0.05,0.925,0.075,0.0
ieee9,148,1,4,0.05,0.9625000000000001,0.075,0.0
ieee9,148,1,5,0.05,1.0250000000000001,0.075,0.0
ieee9,148,1,6,0.3,0.9000000000000001,0.05,0.17500000000000004
ieee9,148,1,7,0.05,0.9625000000000001,0.075,0.0
ieee9,148,1,8,0.1,1.1250000000000002,0.05,0.012499999999999956
ieee9,149,1,0,0.2,1.1125000000000003,0.15,0.029999999999999805
ieee9,149,1,1,0.3,0.9362500000000001,0.15,0.0050000000000000044
ieee9,149,1,2,0.2,1.0637500000000002,0.3,0.0012499999999999734
ieee9,149,1,3,0.05,0.9237500000000001,0.075,0.0
ieee9,149,1,4,0.05,0.9887500000000001,0.075,0.0
ieee9,149,1,5,0.3,1.0562500000000001,0.2,0.03499999999999992
ieee9,149,1,6,0.2,1.0175,0.05,2.220446049250313e-16
ieee9,149,1,7,0.3,0.9450000000000001,0.05,0.016250000000000098
ieee9,149,1,8,0.075,0.94625,0.1,0.0
ieee9,150,1,0,0.3,0.9000000000000001,0.2,0.0012499999999999734
ieee9,150,1,1,0.05,0.9000000000000001,0.075,0.0
ieee9,150,1,2,0.05,0.9000000000000001,0.075,0.0
ieee9,150,1,3,0.05,0.9012500000000001,0.075,0.0
ieee9,150,1,4,0.05,0.90375,0.075,0.0
ieee9,150,1,5,0.15,0.9000000000000001,0.05,0.0024999999999999467
ieee9,150,1,6,0.05,0.9000000000000001,0.075,0.0
ieee9,150,1,7,0.05,0.9000000000000001,0.075,0.0
ieee9,150,1,8,0.05,0.9000000000000001,0.075,0.0
ieee9,151,1,0,0.15,0.9287500000000002,0.2,0.00374999999999992
ieee9,151,1,1,0.1,0.9162500000000001,0.15,0.0
ieee9,151,1,2,0.05,0.9162500000000002,0.075,0.0
ieee9,151,1,3,0.05,0.9100000000000001,0.075,0.0
ieee9,151,1,4,0.05,0.9400000000000002,0.075,0.0
ieee9,151,1,5,0.3,0.9175000000000002,0.2,0.013749999999999929
ieee9,151,1,6,0.05,0.9562500000000002,0.075,0.0025000000000000577
ieee9,151,1,7,0.3,0.9312500000000001,0.2,0.0050000000000000044
ieee9,151,1,8,0.05,0.9300000000000002,0.075,0.00374999999999992
ieee9,152,1,0,0.075,0.9562500000000003,0.1,0.0024999999999999467
ieee9,152,1,1,0.2,0.9250000000000002,0.3,0.0
ieee9,152,1,2,0.15,0.9187500000000002,0.2,0.0
ieee9,152,1,3,0.15,0.9187500000000002,0.05,0.0012499999999999734
ieee9,152,1,4,0.3,0.9512500000000002,0.05,0.0012499999999999734
ieee9,152,1,5,0.3,0.9412500000000001,0.05,0.003750000000000031
ieee9,152,1,6,0.05,0.9412500000000001,0.075,0.0
ieee9,152,1,7,0.3,0.9587500000000002,0.05,0.012499999999999956
ieee9,152,1,8,0.075,0.9550000000000002,0.1,0.0
ieee9,153,1,0,0.075,0.9000000000000001,0.1,0.0
ieee9,153,1,1,0.05,0.9000000000000001,0.075,0.0
ieee9,153,1,2,0.05,0.9000000000000001,0.075,0.0
ieee9,153,1,3,0.05,0.9000000000000001,0.075,0.0
ieee9,153,1,4,0.05,0.9000000000000001,0.075,0.0
ieee9,153,1,5,0.05,0.9000000000000001,0.075,0.0
ieee9,153,1,6,0.05,0.9000000000000001,0.075,0.0
ieee9,153,1,7,0.05,0.9000000000000001,0.075,0.0
ieee9,153,1,8,0.05,0.9000000000000001,0.075,0.0
ieee9,154,1,0,0.075,0.9000000000000001,0.1,0.0
ieee9,154,1,1,0.05,0.9000000000000001,0.075,0.0
ieee9,154,1,2,0.05,0.9000000000000001,0.075,0.0
ieee9,154,1,3,0.05,0.9000000000000001,0.075,0.0
ieee9,154,1,4,0.05,0.9000000000000001,0.075,0.0
ieee9,154,1,5,0.05,0.9000000000000001,0.075,0.0
ieee9,154,1,6,0.05,0.9000000000000001,0.075,0.0
ieee9,154,1,7,0.05,0.9000000000000001,0.075,0.0
ieee9,154,1,8,0.05,0.9000000000000001,0.075,0.0
ieee9,155,1,0,0.075,0.9000000000000001,0.1,0.0
ieee9,155,1,1,0.05,0.9000000000000001,0.075,0.0
ieee9,155,1,2,0.05,0.9000000000000001,0.075,0.0
ieee9,155,1,3,0.05,0.9000000000000001,0.075,0.0
ieee9,155,1,4,0.05,0.9000000000000001,0.075,0.0
ieee9,155,1,5,0.05,0.9000000000000001,0.075,0.0
ieee9,155,1,6,0.05,0.9000000000000001,0.075,0.0
ieee9,155,1,7,0.05,0.9000000000000001,0.075,0.0
ieee9,155,1,8,0.05,0.9000000000000001,0.075,0.0
ieee9,156,1,0,0.075,0.9000000000000001,0.1,0.0
ieee9,156,1,1,0.05,0.9000000000000001,0.075,0.0
ieee9,156,1,2,0.05,0.9000000000000001,0.075,0.0
ieee9,156,1,3,0.05,0.9000000000000001,0.075,0.0
ieee9,156,1,4,0.05,0.9000000000000001,0.075,0.0
ieee9,156,1,5,0.05,0.9000000000000001,0.075,0.0
ieee9,156,1,6,0.05,0.9000000000000001,0.075,0.0
ieee9,156,1,7,0.05,0.9000000000000001,0.075,0.0
ieee9,156,1,8,0.05,0.9000000000000001,0.075,0.0
ieee9,157,1,0,0.075,0.9000000000000001,0.1,0.0
ieee9,157,1,1,0.05,0.9000000000000001,0.075,0.0
ieee9,157,1,2,0.05,0.9000000000000001,0.075,0.0
ieee9,157,1,3,0.05,0.9000000000000001,0.075,0.0
ieee9,157,1,4,0.05,0.9000000000000001,0.075,0.0
ieee9,157,1,5,0.05,0.9000000000000001,0.075,0.0
ieee9,157,1,6,0.05,0.9000000000000001,0.075,0.0
ieee9,157,1,7,0.05,0.9000000000000001,0.075,0.0
ieee9,157,1,8,0.05,0.9000000000000001,0.075,0.0
ieee9,158,1,0,0.075,0.9000000000000001,0.1,0.0
ieee9,158,1,1,0.05,0.9000000000000001,0.075,0.0
ieee9,158,1,2,0.05,0.9000000000000001,0.075,0.0
ieee9,158,1,3,0.05,0.9000000000000001,0.075,0.0
ieee9,158,1,4,0.05,0.9000000000000001,0.075,0.0
ieee9,158,1,5,0.05,0.9000000000000001,0.075,0.0
ieee9,158,1,6,0.05,0.9000000000000001,0.075,0.0
ieee9,158,1,7,0.05,0.9000000000000001,0.075,0.0
ieee9,158,1,8,0.05,0.9000000000000001,0.075,0.0
ieee9,159,1,0,0.075,0.9000000000000001,0.1,0.0
ieee9,159,1,1,0.05,0.9000000000000001,0.075,0.0
ieee9,159,1,2,0.05,0.9000000000000001,0.075,0.0
ieee9,159,1,3,0.05,0.9000000000000001,0.075,0.0
ieee9,159,1,4,0.05,0.9000000000000001,0.075,0.0
ieee9,159,1,5,0.05,0.9000000000000001,0.075,0.0
ieee9,159,1,6,0.05,0.9000000000000001,0.075,0.0
ieee9,159,1,7,0.05,0.9000000000000001,0.075,0.0
ieee9,159,1,8,0.05,0.9000000000000001,0.075,0.0
ieee9,160,1,0,0.075,0.9000000000000001,0.1,0.0
ieee9,160,1,1,0.05,0.9000000000000001,0.075,0.0
ieee9,160,1,2,0.05,0.9000000000000001,0.075,0.0
ieee9,160,1,3,0.05,0.9000000000000001,0.075,0.0
ieee9,160,1,4,0.05,0.9000000000000001,0.075,0.0
ieee9,160,1,5,0.05,0.9000000000000001,0.075,0.0
ieee9,160,1,6,0.05,0.9000000000000001,0.075,0.0
ieee9,160,1,7,0.05,0.9000000000000001,0.075,0.0
ieee9,160,1,8,0.05,0.9000000000000001,0.075,0.0
ieee9,161,1,0,0.3,0.9000000000000001,0.075,0.0024999999999999467
ieee9,161,1,1,0.3,0.9000000000000001,0.05,0.0024999999999999467
ieee9,161,1,2,0.05,0.9000000000000001,0.075,0.0
ieee9,161,1,3,0.05,0.9012500000000001,0.075,0.0
ieee9,161,1,4,0.05,0.9000000000000001,0.075,0.0
ieee9,161,1,5,0.15,0.9000000000000001,0.1,0.0024999999999999467
ieee9,161,1,6,0.05,0.9000000000000001,0.075,0.0
ieee9,161,1,7,0.05,0.9000000000000001,0.075,0.0
ieee9,161,1,8,0.05,0.9000000000000001,0.075,0.0
ieee9,162,1,0,0.075,0.9000000000000001,0.1,0.0
ieee9,162,1,1,0.05,0.9000000000000001,0.075,0.0
ieee9,162,1,2,0.05,0.9000000000000001,0.075,0.0
ieee9,162,1,3,0.05,0.9000000000000001,0.075,0.0
ieee9,162,1,4,0.05,0.9000000000000001,0.075,0.0
ieee9,162,1,5,0.05,0.9000000000000001,0.075,0.0
ieee9,162,1,6,0.05,0.9000000000000001,0.075,0.0
ieee9,162,1,7,0.05,0.9000000000000001,0.075,0.0
ieee9,162,1,8,0.05,0.9000000000000001,0.075,0.0
ieee9,163,1,0,0.2,0.9000000000000001,0.3,0.006249999999999978
ieee9,163,1,1,0.3,0.9125000000000001,0.05,0.03125
ieee9,163,1,2,0.3,0.9375000000000002,0.2,0.012499999999999956
ieee9,163,1,3,0.05,0.9000000000000001,0.075,0.0
ieee9,163,1,4,0.05,0.9187500000000002,0.075,0.0
ieee9,163,1,5,0.05,0.9000000000000001,0.075,0.0
ieee9,163,1,6,0.2,0.9000000000000001,0.3,0.0
ieee9,163,1,7,0.15,0.9000000000000001,0.2,0.0
ieee9,163,1,8,0.05,0.9000000000000001,0.075,0.0
ieee9,164,1,0,0.075,0.9000000000000001,0.1,0.0
ieee9,164,1,1,0.05,0.9000000000000001,0.075,0.0
ieee9,164,1,2,0.05,0.9000000000000001,0.075,0.0
ieee9,164,1,3,0.05,0.9000000000000001,0.075,0.0
ieee9,164,1,4,0.05,0.9000000000000001,0.075,0.0
ieee9,164,1,5,0.05,0.9000000000000001,0.075,0.0
ieee9,164,1,6,0.05,0.9000000000000001,0.075,0.0
ieee9,164,1,7,0.05,0.9000000000000001,0.075,0.0
ieee9,164,1,8,0.05,0.9000000000000001,0.075,0.0
ieee9,165,1,0,0.075,0.9000000000000001,0.1,0.0
ieee9,165,1,1,0.05,0.9000000000000001,0.075,0.0
ieee9,165,1,2,0.05,0.9000000000000001,0.075,0.0
ieee9,165,1,3,0.05,0.9000000000000001,0.075,0.0
ieee9,165,1,4,0.05,0.9000000000000001,0.075,0.0
ieee9,165,1,5,0.05,0.9000000000000001,0.075,0.0
ieee9,165,1,6,0.05,0.9000000000000001,0.075,0.0
ieee9,165,1,7,0.05,0.9000000000000001,0.075,0.0
ieee9,165,1,8,0.05,0.9000000000000001,0.075,0.0
ieee9,166,1,0,0.3,1.0037500000000001,0.2,0.011249999999999982
ieee9,166,1,1,0.3,0.9412500000000001,0.1,0.0012499999999999734
ieee9,166,1,2,0.2,0.9725000000000001,0.15,0.0024999999999999467
ieee9,166,1,3,0.1,0.9162500000000001,0.15,0.0
ieee9,166,1,4,0.15,0.9837500000000001,0.2,0.0
ieee9,166,1,5,0.3,0.9737500000000002,0.15,0.012500000000000067
ieee9,166,1,6,0.05,0.9925,0.075,0.0025000000000000577
ieee9,166,1,7,0.3,0.9637500000000001,0.1,0.040000000000000036
ieee9,166,1,8,0.075,0.9712500000000002,0.1,0.0
ieee9,167,1,0,0.075,0.9000000000000001,0.1,0.0
ieee9,167,1,1,0.05,0.9000000000000001,0.075,0.0
ieee9,167,1,2,0.05,0.9000000000000001,0.075,0.0
ieee9,167,1,3,0.05,0.9000000000000001,0.075,0.0
ieee9,167,1,4,0.05,0.9000000000000001,0.075,0.0
ieee9,167,1,5,0.05,0.9000000000000001,0.075,0.0
ieee9,167,1,6,0.05,0.9000000000000001,0.075,0.0
ieee9,167,1,7,0.05,0.9000000000000001,0.075,0.0
ieee9,167,1,8,0.05,0.9000000000000001,0.075,0.0
ieee9,168,1,0,0.075,0.9000000000000001,0.1,0.0
ieee9,168,1,1,0.05,0.9000000000000001,0.075,0.0
ieee9,168,1,2,0.05,0.9000000000000001,0.075,0.0
ieee9,168,1,3,0.05,0.9000000000000001,0.075,0.0
ieee9,168,1,4,0.05,0.9000000000000001,0.075,0.0
ieee9,168,1,5,0.05,0.9000000000000001,0.075,0.0
ieee9,168,1,6,0.05,0.9000000000000001,0.075,0.0
ieee9,168,1,7,0.05,0.9000000000000001,0.075,0.0
ieee9,168,1,8,0.05,0.9000000000000001,0.075,0.0
ieee9,169,1,0,0.2,0.9200000000000002,0.075,0.006249999999999978
ieee9,169,1,1,0.3,0.90375,0.1,0.0025000000000001688
ieee9,169,1,2,0.05,0.9225000000000001,0.075,0.0
ieee9,169,1,3,0.05,0.9025000000000001,0.075,0.0
ieee9,169,1,4,0.15,0.9337500000000002,0.2,0.0
ieee9,169,1,5,0.3,0.9150000000000001,0.05,0.0012500000000000844
ieee9,169,1,6,0.05,0.9412500000000001,0.075,0.0012500000000000844
ieee9,169,1,7,0.3,0.9250000000000002,0.2,0.0024999999999999467
ieee9,169,1,8,0.3,0.9225000000000001,0.15,0.0012500000000000844
ieee9,170,1,0,0.3,0.9112500000000001,0.2,0.006250000000000089
ieee9,170,1,1,0.2,0.9325000000000001,0.3,0.0
ieee9,170,1,2,0.05,0.9112500000000001,0.075,0.0
ieee9,170,1,3,0.05,0.9087500000000002,0.075,0.0
ieee9,170,1,4,0.05,0.9462500000000001,0.075,0.0
ieee9,170,1,5,0.3,0.9112500000000001,0.2,0.026250000000000107
ieee9,170,1,6,0.05,0.9562500000000002,0.075,0.0
ieee9,170,1,7,0.3,0.9462500000000001,0.2,0.006250000000000089
ieee9,170,1,8,0.05,0.9237500000000002,0.15,0.0012499999999999734
ieee9,171,1,0,0.075,0.9000000000000001,0.1,0.0
ieee9,171,1,1,0.05,0.9000000000000001,0.075,0.0
ieee9,171,1,2,0.05,0.9000000000000001,0.075,0.0
ieee9,171,1,3,0.05,0.9000000000000001,0.075,0.0
ieee9,171,1,4,0.05,0.9000000000000001,0.075,0.0
ieee9,171,1,5,0.05,0.9000000000000001,0.075,0.0
ieee9,171,1,6,0.05,0.9000000000000001,0.075,0.0
ieee9,171,1,7,0.05,0.9000000000000001,0.075,0.0
ieee9,171,1,8,0.05,0.9000000000000001,0.075,0.0
ieee9,172,1,0,0.075,0.9000000000000001,0.1,0.0
ieee9,172,1,1,0.05,0.9000000000000001,0.075,0.0
ieee9,172,1,2,0.05,0.9000000000000001,0.075,0.0
ieee9,172,1,3,0.05,0.9000000000000001,0.075,0.0
ieee9,172,1,4,0.05,0.9000000000000001,0.075,0.0
ieee9,172,1,5,0.05,0.9000000000000001,0.075,0.0
ieee9,172,1,6,0.05,0.9000000000000001,0.075,0.0
ieee9,172,1,7,0.05,0.9000000000000001,0.075,0.0
ieee9,172,1,8,0.05,0.9000000000000001,0.075,0.0
ieee9,173,1,0,0.2,1.0575,0.3,0.020000000000000018
ieee9,173,1,1,0.2,0.9350000000000002,0.3,0.0
ieee9,173,1,2,0.3,1.0325000000000002,0.2,0.012499999999999956
ieee9,173,1,3,0.3,0.9137500000000002,0.05,0.007499999999999951
ieee9,173,1,4,0.05,1.04125,0.075,0.0
ieee9,173,1,5,0.1,1.0525,0.075,0.0050000000000001155
ieee9,173,1,6,0.05,0.9825000000000002,0.075,0.0
ieee9,173,1,7,0.3,0.9450000000000001,0.05,0.07125000000000004
ieee9,173,1,8,0.05,0.9575000000000001,0.075,0.0
ieee9,174,1,0,0.075,0.9337500000000002,0.1,0.0025000000000000577
ieee9,174,1,1,0.075,0.9212500000000001,0.05,0.0012499999999999734
ieee9,174,1,2,0.05,0.9200000000000002,0.075,0.0
ieee9,174,1,3,0.3,0.9087500000000002,0.05,0.0050000000000000044
ieee9,174,1,4,0.05,0.9500000000000002,0.075,0.0
ieee9,174,1,5,0.05,0.9362500000000002,0.3,0.0
ieee9,174,1,6,0.05,0.9362500000000001,0.075,0.0012500000000000844
ieee9,174,1,7,0.3,0.9462500000000001,0.15,0.0012500000000000844
ieee9,174,1,8,0.3,0.9475000000000002,0.075,0.0012499999999999734
ieee9,175,1,0,0.15,0.9300000000000002,0.2,0.006249999999999978
ieee9,175,1,1,0.3,0.9100000000000001,0.2,0.0012499999999999734
ieee9,175,1,2,0.05,0.9125000000000002,0.075,0.0
ieee9,175,1,3,0.05,0.9075000000000001,0.075,0.0
ieee9,175,1,4,0.05,0.9412500000000001,0.075,0.0
ieee9,175,1,5,0.3,0.9125000000000002,0.2,0.019999999999999907
ieee9,175,1,6,0.05,0.9550000000000002,0.075,0.003750000000000031
ieee9,175,1,7,0.3,0.9300000000000002,0.2,0.012499999999999956
ieee9,175,1,8,0.05,0.9287500000000002,0.075,0.007500000000000062
ieee9,176,1,0,0.2,1.02,0.3,0.0012500000000001954
ieee9,176,1,1,0.3,0.9450000000000002,0.2,0.0012499999999999734
ieee9,176,1,2,0.3,0.9437500000000001,0.15,0.003750000000000142
ieee9,176,1,3,0.075,0.9325000000000001,0.1,0.0
ieee9,176,1,4,0.05,0.9812500000000002,0.075,0.0
ieee9,176,1,5,0.3,0.9900000000000002,0.05,0.013750000000000151
ieee9,176,1,6,0.075,0.9837500000000002,0.1,0.0012500000000000844
ieee9,176,1,7,0.3,0.9550000000000002,0.2,0.03375000000000006
ieee9,176,1,8,0.15,0.9862500000000003,0.2,0.0
ieee9,177,1,0,0.075,0.9000000000000001,0.1,0.0
ieee9,177,1,1,0.05,0.9000000000000001,0.075,0.0
ieee9,177,1,2,0.05,0.9000000000000001,0.075,0.0
ieee9,177,1,3,0.05,0.9000000000000001,0.075,0.0
ieee9,177,1,4,0.05,0.9000000000000001,0.075,0.0
ieee9,177,1,5,0.05,0.9000000000000001,0.075,0.0
ieee9,177,1,6,0.05,0.9000000000000001,0.075,0.0
ieee9,177,1,7,0.05,0.9000000000000001,0.075,0.0
ieee9,177,1,8,0.05,0.9000000000000001,0.075,0.0
ieee9,178,1,0,0.075,0.9000000000000001,0.1,0.0
ieee9,178,1,1,0.05,0.9000000000000001,0.075,0.0
ieee9,178,1,2,0.05,0.9000000000000001,0.075,0.0
ieee9,178,1,3,0.05,0.9000000000000001,0.075,0.0
ieee9,178,1,4,0.05,0.9000000000000001,0.075,0.0
ieee9,178,1,5,0.05,0.9000000000000001,0.075,0.0
ieee9,178,1,6,0.05,0.9000000000000001,0.075,0.0
ieee9,178,1,7,0.05,0.9000000000000001,0.075,0.0
ieee9,178,1,8,0.05,0.9000000000000001,0.075,0.0
ieee9,179,1,0,0.075,0.9000000000000001,0.1,0.0
ieee9,179,1,1,0.05,0.9000000000000001,0.075,0.0
ieee9,179,1,2,0.05,0.9000000000000001,0.075,0.0
ieee9,179,1,3,0.05,0.9000000000000001,0.075,0.0
ieee9,179,1,4,0.05,0.9000000000000001,0.075,0.0
ieee9,179,1,5,0.05,0.9000000000000001,0.075,0.0
ieee9,179,1,6,0.05,0.9000000000000001,0.075,0.0
ieee9,179,1,7,0.05,0.9000000000000001,0.075,0.0
ieee9,179,1,8,0.05,0.9000000000000001,0.075,0.0
ieee9,180,1,0,0.1,0.9100000000000001,0.075,0.007500000000000062
ieee9,180,1,1,0.3,0.9150000000000001,0.2,0.0012499999999999734
ieee9,180,1,2,0.3,0.9137500000000001,0.2,0.0012500000000000844
ieee9,180,1,3,0.3,0.9087500000000002,0.15,0.0050000000000000044
ieee9,180,1,4,0.05,0.9337500000000002,0.075,0.0
ieee9,180,1,5,0.3,0.9250000000000002,0.15,0.003750000000000031
ieee9,180,1,6,0.05,0.9262500000000002,0.075,0.0
ieee9,180,1,7,0.15,0.9362500000000002,0.05,0.0012499999999998623
ieee9,180,1,8,0.05,0.9287500000000002,0.075,0.0012499999999999734
ieee9,181,1,0,0.1,0.9000000000000001,0.15,0.0
ieee9,181,1,1,0.3,0.9000000000000001,0.05,0.0024999999999999467
ieee9,181,1,2,0.05,0.9000000000000001,0.075,0.0
ieee9,181,1,3,0.05,0.9000000000000001,0.075,0.0
ieee9,181,1,4,0.05,0.9000000000000001,0.075,0.0
ieee9,181,1,5,0.05,0.9000000000000001,0.075,0.0
ieee9,181,1,6,0.05,0.9000000000000001,0.075,0.0
ieee9,181,1,7,0.05,0.9000000000000001,0.075,0.0
ieee9,181,1,8,0.05,0.9000000000000001,0.075,0.0
ieee9,182,1,0,0.075,0.9000000000000001,0.1,0.0
ieee9,182,1,1,0.05,0.9000000000000001,0.075,0.0
ieee9,182,1,2,0.05,0.9000000000000001,0.075,0.0
ieee9,182,1,3,0.05,0.9000000000000001,0.075,0.0
ieee9,182,1,4,0.05,0.9000000000000001,0.075,0.0
ieee9,182,1,5,0.05,0.9000000000000001,0.075,0.0
ieee9,182,1,6,0.05,0.9000000000000001,0.075,0.0
ieee9,182,1,7,0.05,0.9000000000000001,0.075,0.0
ieee9,182,1,8,0.05,0.9000000000000001,0.075,0.0
ieee9,183,1,0,0.075,0.9000000000000001,0.1,0.0
ieee9,183,1,1,0.05,0.9000000000000001,0.075,0.0
ieee9,183,1,2,0.05,0.9000000000000001,0.075,0.0
ieee9,183,1,3,0.05,0.9000000000000001,0.075,0.0
ieee9,183,1,4,0.05,0.9000000000000001,0.075,0.0
ieee9,183,1,5,0.05,0.9000000000000001,0.075,0.0
ieee9,183,1,6,0.05,0.9000000000000001,0.075,0.0
ieee9,183,1,7,0.05,0.9000000000000001,0.075,0.0
ieee9,183,1,8,0.05,0.9000000000000001,0.075,0.0
ieee9,184,1,0,0.075,0.9000000000000001,0.1,0.0
ieee9,184,1,1,0.05,0.9000000000000001,0.075,0.0
ieee9,184,1,2,0.05,0.9000000000000001,0.075,0.0
ieee9,184,1,3,0.05,0.9000000000000001,0.075,0.0
ieee9,184,1,4,0.05,0.9000000000000001,0.075,0.0
ieee9,184,1,5,0.05,0.9000000000000001,0.075,0.0
ieee9,184,1,6,0.05,0.9000000000000001,0.075,0.0
ieee9,184,1,7,0.05,0.9000000000000001,0.075,0.0
ieee9,184,1,8,0.05,0.9000000000000001,0.075,0.0
ieee9,185,1,0,0.1,0.9125000000000001,0.15,0.0012500000000000844
ieee9,185,1,1,0.05,0.9112500000000001,0.075,0.0
ieee9,185,1,2,0.2,0.9125000000000001,0.3,0.0
ieee9,185,1,3,0.3,0.9000000000000001,0.2,0.015000000000000013
ieee9,185,1,4,0.05,0.9262500000000001,0.075,0.0
ieee9,185,1,5,0.05,0.9137500000000002,0.075,0.0012499999999999734
ieee9,185,1,6,0.05,0.9287500000000002,0.075,0.0012499999999999734
ieee9,185,1,7,0.05,0.9262500000000002,0.075,0.0
ieee9,185,1,8,0.05,0.9175000000000001,0.075,0.0012500000000000844
ieee9,186,1,0,0.075,0.9000000000000001,0.1,0.0
ieee9,186,1,1,0.05,0.9000000000000001,0.075,0.0
ieee9,186,1,2,0.05,0.9000000000000001,0.075,0.0
ieee9,186,1,3,0.05,0.9000000000000001,0.075,0.0
ieee9,186,1,4,0.05,0.9000000000000001,0.075,0.0
ieee9,186,1,5,0.05,0.9000000000000001,0.075,0.0
ieee9,186,1,6,0.05,0.9000000000000001,0.075,0.0
ieee9,186,1,7,0.05,0.9000000000000001,0.075,0.0
ieee9,186,1,8,0.05,0.9000000000000001,0.075,0.0
ieee9,187,1,0,0.2,0.9500000000000001,0.3,0.012500000000000067
ieee9,187,1,1,0.05,0.9625000000000001,0.075,0.0
ieee9,187,1,2,0.3,1.0,0.2,0.006250000000000089
ieee9,187,1,3,0.05,0.9250000000000002,0.075,0.0
ieee9,187,1,4,0.05,0.9312500000000001,0.075,0.0
ieee9,187,1,5,0.05,1.0187500000000003,0.3,0.006249999999999867
ieee9,187,1,6,0.05,0.9750000000000001,0.075,0.0
ieee9,187,1,7,0.1,0.9125000000000001,0.05,0.006250000000000089
ieee9,187,1,8,0.05,0.9250000000000002,0.075,0.0
ieee9,188,1,0,0.1,0.9000000000000001,0.15,0.0
ieee9,188,1,1,0.05,0.9000000000000001,0.075,0.0
ieee9,188,1,2,0.05,0.9000000000000001,0.075,0.0
ieee9,188,1,3,0.05,0.9000000000000001,0.075,0.0
ieee9,188,1,4,0.05,0.9000000000000001,0.075,0.0
ieee9,188,1,5,0.05,0.9000000000000001,0.075,0.0
ieee9,188,1,6,0.05,0.9000000000000001,0.075,0.0
ieee9,188,1,7,0.05,0.9000000000000001,0.075,0.0
ieee9,188,1,8,0.05,0.9000000000000001,0.075,0.0
ieee9,189,1,0,0.075,0.9000000000000001,0.1,0.0
ieee9,189,1,1,0.05,0.9000000000000001,0.075,0.0
ieee9,189,1,2,0.05,0.9000000000000001,0.075,0.0
ieee9,189,1,3,0.05,0.9000000000000001,0.075,0.0
ieee9,189,1,4,0.05,0.9000000000000001,0.075,0.0
ieee9,189,1,5,0.05,0.9000000000000001,0.075,0.0
ieee9,189,1,6,0.05,0.9000000000000001,0.075,0.0
ieee9,189,1,7,0.05,0.9000000000000001,0.075,0.0
ieee9,189,1,8,0.05,0.9000000000000001,0.075,0.0
ieee9,190,1,0,0.3,1.0200000000000002,0.2,0.020000000000000018
ieee9,190,1,1,0.3,0.9450000000000002,0.15,0.0025000000000000577
ieee9,190,1,2,0.2,0.9425000000000001,0.3,0.0
ieee9,190,1,3,0.15,0.9425000000000001,0.05,0.0012499999999999734
ieee9,190,1,4,0.05,1.0000000000000002,0.075,0.0
ieee9,190,1,5,0.05,1.0125000000000002,0.075,0.0
ieee9,190,1,6,0.05,0.9875000000000002,0.075,0.0
ieee9,190,1,7,0.3,0.9912500000000002,0.2,0.030000000000000027
ieee9,190,1,8,0.1,1.0000000000000002,0.15,0.0
ieee9,191,1,0,0.075,0.9000000000000001,0.1,0.0
ieee9,191,1,1,0.05,0.9000000000000001,0.075,0.0
ieee9,191,1,2,0.05,0.9000000000000001,0.075,0.0
ieee9,191,1,3,0.05,0.9000000000000001,0.075,0.0
ieee9,191,1,4,0.05,0.9000000000000001,0.075,0.0
ieee9,191,1,5,0.05,0.9000000000000001,0.075,0.0
ieee9,191,1,6,0.05,0.9000000000000001,0.075,0.0
ieee9,191,1,7,0.05,0.9000000000000001,0.075,0.0
ieee9,191,1,8,0.05,0.9000000000000001,0.075,0.0
ieee9,192,1,0,0.075,0.9000000000000001,0.1,0.0
ieee9,192,1,1,0.05,0.9000000000000001,0.075,0.0
ieee9,192,1,2,0.05,0.9000000000000001,0.075,0.0
ieee9,192,1,3,0.05,0.9000000000000001,0.075,0.0
ieee9,192,1,4,0.05,0.9000000000000001,0.075,0.0
ieee9,192,1,5,0.05,0.9000000000000001,0.075,0.0
ieee9,192,1,6,0.05,0.9000000000000001,0.075,0.0
ieee9,192,1,7,0.05,0.9000000000000001,0.075,0.0
ieee9,192,1,8,0.05,0.9000000000000001,0.075,0.0
ieee9,193,1,0,0.3,0.9225000000000001,0.15,0.0050000000000001155
ieee9,193,1,1,0.3,0.9162500000000001,0.15,0.0012499999999999734
ieee9,193,1,2,0.05,0.9075000000000002,0.075,0.0
ieee9,193,1,3,0.05,0.9062500000000002,0.075,0.0
ieee9,193,1,4,0.05,0.9450000000000002,0.075,0.0
ieee9,193,1,5,0.3,0.9137500000000002,0.2,0.018749999999999933
ieee9,193,1,6,0.05,0.9587500000000002,0.075,0.0024999999999999467
ieee9,193,1,7,0.3,0.9275000000000002,0.2,0.013749999999999929
ieee9,193,1,8,0.05,0.9237500000000001,0.15,0.010000000000000009
ieee9,194,1,0,0.15,0.9000000000000001,0.2,0.0
ieee9,194,1,1,0.05,0.9025000000000001,0.075,0.0
ieee9,194,1,2,0.05,0.9025000000000001,0.075,0.0
ieee9,194,1,3,0.05,0.9000000000000001,0.075,0.0
ieee9,194,1,4,0.05,0.9012500000000001,0.075,0.0
ieee9,194,1,5,0.05,0.9000000000000001,0.075,0.0
ieee9,194,1,6,0.05,0.9000000000000001,0.075,0.0
ieee9,194,1,7,0.05,0.9000000000000001,0.075,0.0
ieee9,194,1,8,0.1,0.9012500000000001,0.15,0.0
ieee9,195,1,0,0.075,0.9000000000000001,0.1,0.0
ieee9,195,1,1,0.05,0.9000000000000001,0.075,0.0
ieee9,195,1,2,0.05,0.9000000000000001,0.075,0.0
ieee9,195,1,3,0.05,0.9000000000000001,0.075,0.0
ieee9,195,1,4,0.05,0.9000000000000001,0.075,0.0
ieee9,195,1,5,0.05,0.9000000000000001,0.075,0.0
ieee9,195,1,6,0.05,0.9000000000000001,0.075,0.0
ieee9,195,1,7,0.05,0.9000000000000001,0.075,0.0
ieee9,195,1,8,0.05,0.9000000000000001,0.075,0.0
ieee9,196,1,0,0.075,0.9000000000000001,0.1,0.0
ieee9,196,1,1,0.05,0.9000000000000001,0.075,0.0
ieee9,196,1,2,0.05,0.9000000000000001,0.075,0.0
ieee9,196,1,3,0.05,0.9000000000000001,0.075,0.0
ieee9,196,1,4,0.05,0.9000000000000001,0.075,0.0
ieee9,196,1,5,0.05,0.9000000000000001,0.075,0.0
ieee9,196,1,6,0.05,0.9000000000000001,0.075,0.0
ieee9,196,1,7,0.05,0.9000000000000001,0.075,0.0
ieee9,196,1,8,0.05,0.9000000000000001,0.075,0.0
ieee9,197,1,0,0.3,1.0125000000000002,0.15,0.011249999999999982
ieee9,197,1,1,0.3,0.96625,0.05,0.0025000000000001688
ieee9,197,1,2,0.1,1.0225000000000002,0.075,0.004999999999999893
ieee9,197,1,3,0.15,0.9312500000000001,0.075,0.0012499999999999734
ieee9,197,1,4,0.05,1.0162499999999999,0.075,0.0
ieee9,197,1,5,0.15,0.9912500000000002,0.075,0.003750000000000031
ieee9,197,1,6,0.05,1.0025000000000002,0.075,0.0024999999999999467
ieee9,197,1,7,0.3,0.9700000000000002,0.05,0.04124999999999979
ieee9,197,1,8,0.075,0.9837500000000001,0.1,0.0
ieee9,198,1,0,0.075,0.9000000000000001,0.1,0.0
ieee9,198,1,1,0.05,0.9000000000000001,0.075,0.0
ieee9,198,1,2,0.05,0.9000000000000001,0.075,0.0
ieee9,198,1,3,0.05,0.9000000000000001,0.075,0.0
ieee9,198,1,4,0.05,0.9000000000000001,0.075,0.0
ieee9,198,1,5,0.05,0.9000000000000001,0.075,0.0
ieee9,198,1,6,0.05,0.9000000000000001,0.075,0.0
ieee9,198,1,7,0.05,0.9000000000000001,0.075,0.0
ieee9,198,1,8,0.05,0.9000000000000001,0.075,0.0
ieee9,199,1,0,0.2,0.9225000000000001,0.15,0.0025000000000000577
ieee9,199,1,1,0.2,0.9162500000000001,0.3,0.0
ieee9,199,1,2,0.05,0.9200000000000002,0.075,0.0
ieee9,199,1,3,0.05,0.9100000000000001,0.075,0.0
ieee9,199,1,4,0.05,0.9550000000000002,0.075,0.0
ieee9,199,1,5,0.3,0.9175000000000001,0.05,0.0025000000000000577
ieee9,199,1,6,0.05,0.9512500000000002,0.075,0.0
ieee9,199,1,7,0.3,0.9400000000000002,0.2,0.0024999999999999467
ieee9,199,1,8,0.05,0.9262500000000002,0.075,0.008749999999999925
