system,seed,checkpoint,step,action_history,y_bin,selected_action,logits,L1_policy_difference,history_embedding_L2_difference,belief_embedding_L2_difference,logits_L2_difference
ieee5,202,1,2,6,0,28,"[0.016830727458000183, -0.08260083198547363, 0.17301563918590546, 0.06631505489349365, 0.20796814560890198, 0.020247625187039375, -1000000000.0, -0.11306951195001602, -0.10444383323192596, -0.045543864369392395, 0.04291670769453049, -0.040709082037210464, 0.03743473440408707, 0.05541732907295227, -0.009124565869569778, -0.11338525265455246, 0.08661262691020966, 0.13359491527080536, 0.22426331043243408, -0.028814304620027542, -0.0407913401722908, 0.01804497092962265, -0.027699410915374756, -0.12895843386650085, 0.08413338661193848, 0.036677829921245575, 0.00306493416428566, -0.03327425941824913, 0.281697154045105, 0.018167588859796524]",0.012589782476425171,1.6609076261520386,1.7469725608825684,0.088494673371315
ieee5,202,1,2,6,1,28,"[0.027367178350687027, -0.06473653018474579, 0.17163558304309845, 0.07524425536394119, 0.22729918360710144, 0.007996288128197193, -1000000000.0, -0.1188906654715538, -0.07666070759296417, -0.02327418513596058, 0.06795034557580948, -0.028939858078956604, 0.044304803013801575, 0.057504214346408844, 0.010496202856302261, -0.09845913201570511, 0.06823327392339706, 0.11903853714466095, 0.2331787496805191, -0.04517483338713646, -0.02754884399473667, 0.018616609275341034, -0.036686670035123825, -0.12825971841812134, 0.035325560718774796, 0.05509907752275467, -0.008922018110752106, -0.03944707289338112, 0.2849868834018707, 0.01692349836230278]",0.0,0.0,0.0,0.0
ieee5,202,1,2,6,2,28,"[0.04959667846560478, -0.0007676035165786743, 0.19337286055088043, 0.03258904069662094, 0.2558644413948059, -0.06570564210414886, -1000000000.0, -0.12664759159088135, -0.033838074654340744, -0.029793372377753258, 0.08142680674791336, 0.04497499763965607, 0.12404252588748932, 0.1345764845609665, 0.004157900810241699, -0.10311926156282425, 0.06905849277973175, 0.04813038557767868, 0.25246381759643555, -0.07564840465784073, -0.04537378251552582, 0.03513173386454582, -0.08015795797109604, -0.07050539553165436, -0.03374350070953369, 0.11328791081905365, -0.030097894370555878, -0.02582879737019539, 0.27139559388160706, 0.020707610994577408]",0.03414743393659592,4.770360946655273,2.2398500442504883,0.23281340301036835
ieee5,202,1,3,6 28,0,29,"[-0.16548565030097961, -0.07225767523050308, 0.18280863761901855, 0.031313829123973846, 0.048167746514081955, 0.01190190576016903, -1000000000.0, 0.006285414099693298, -0.012465773150324821, -0.03488387167453766, 0.05659595876932144, -0.12143252789974213, 0.002050533890724182, 0.00038604438304901123, 0.06175459548830986, -0.026099704205989838, 0.09648504108190536, -0.10762263834476471, 0.1629280149936676, 0.058212097734212875, 0.027268411591649055, 0.017906010150909424, -0.09942550212144852, 0.07586657255887985, 0.18220765888690948, 0.028455954045057297, 0.041060566902160645, 0.20516252517700195, -1000000000.0, 0.26466935873031616]",0.0068975333124399185,0.892697274684906,0.7546807527542114,0.04363322630524635
ieee5,202,1,3,6 28,1,29,"[-0.1678076684474945, -0.08976826816797256, 0.18293128907680511, 0.035876769572496414, 0.05419273301959038, 0.00480959378182888, -1000000000.0, 0.010385656729340553, -0.019914191216230392, -0.030283501371741295, 0.06099607050418854, -0.12118670344352722, 0.01142430305480957, -0.010762982070446014, 0.06961695849895477, -0.022594355046749115, 0.08571122586727142, -0.11109527945518494, 0.17351585626602173, 0.053087856620550156, 0.027200842276215553, 0.017495986074209213, -0.10672881454229355, 0.057747505605220795, 0.17706552147865295, 0.033688984811306, 0.029633328318595886, 0.21992267668247223, -1000000000.0, 0.2705587148666382]",0.0,0.0,0.0,0.0
ieee5,202,1,3,6 28,2,29,"[-0.17036806046962738, -0.1432144045829773, 0.20332789421081543, 0.034053314477205276, 0.057509467005729675, -0.006278594955801964, -1000000000.0, 0.043751999735832214, -0.006421603262424469, -0.0483069121837616, 0.0990474745631218, -0.1276496946811676, 0.06712578237056732, 0.021044380962848663, 0.049441296607255936, -0.0457712784409523, 0.08895295858383179, -0.14058291912078857, 0.1784171760082245, 0.010057414881885052, 0.03796250373125076, 0.03165697306394577, -0.13027720153331757, 0.06196600943803787, 0.17451870441436768, 0.07118289172649384, -0.0020968839526176453, 0.26330721378326416, -1000000000.0, 0.27395328879356384]",0.02027112990617752,2.686370372772217,2.107956886291504,0.13979265093803406
ieee5,202,10,2,13,0,11,"[-0.041794970631599426, 0.16748914122581482, 0.03603553771972656, -0.059774160385131836, 0.13376474380493164, -0.15416443347930908, 0.17421174049377441, -0.3369641602039337, 0.04575300216674805, 0.2042848914861679, -0.0519888810813427, 0.32448798418045044, -0.15379667282104492, -1000000000.0, -0.004562359303236008, -0.029007092118263245, 0.19122111797332764, -0.051507238298654556, 0.26158612966537476, 0.04006233066320419, -0.062567338347435, 0.23262189328670502, -0.2094886600971222, -0.0884421318769455, -0.12421228736639023, -0.14186593890190125, -0.08900192379951477, -0.13875798881053925, 0.2503289580345154, -0.05915234610438347]",0.009410131722688675,1.795242190361023,1.0070475339889526,0.06945333629846573
ieee5,202,10,2,13,1,11,"[-0.039837270975112915, 0.16867342591285706, 0.046821001917123795, -0.0517427921295166, 0.14483927190303802, -0.16448438167572021, 0.1638367623090744, -0.3285771906375885, 0.050867676734924316, 0.204447939991951, -0.03618964925408363, 0.3124907612800598, -0.12188030034303665, -1000000000.0, -0.013570554554462433, -0.028505511581897736, 0.16948965191841125, -0.05049017816781998, 0.2561728060245514, 0.038793861865997314, -0.057996563613414764, 0.2279074341058731, -0.18519088625907898, -0.08754827082157135, -0.1505334973335266, -0.12227290123701096, -0.08327865600585938, -0.13063639402389526, 0.2702503800392151, -0.05905744805932045]",0.0,0.0,0.0,0.0
ieee5,202,10,2,13,2,11,"[-0.015432316809892654, 0.15292087197303772, 0.07619999349117279, -0.0769076943397522, 0.15591630339622498, -0.17813646793365479, 0.14291338622570038, -0.3004857301712036, 0.05678717792034149, 0.15244711935520172, 0.018923740833997726, 0.27345794439315796, 0.010173685848712921, -1000000000.0, -0.02433466538786888, -0.05497194826602936, 0.12997111678123474, -0.06972052156925201, 0.1989278495311737, -0.007483566179871559, -0.07274928689002991, 0.17931358516216278, -0.14402556419372559, -0.03596702963113785, -0.15838679671287537, -0.03665347397327423, -0.057421617209911346, -0.052537448704242706, 0.2656877338886261, -0.05213982239365578]",0.03507981449365616,4.858687877655029,2.4394590854644775,0.24071620404720306
ieee5,202,10,3,13 11,0,18,"[-0.190028578042984, 0.15769103169441223, 0.10318062454462051, -0.01208265870809555, -0.08561086654663086, -0.1308947503566742, 0.08000622689723969, -0.3315671980381012, 0.12001156806945801, 0.19724135100841522, -0.02099669724702835, -1000000000.0, -0.1775648444890976, -1000000000.0, 0.12143327295780182, 0.028909415006637573, 0.22124724090099335, -0.22727224230766296, 0.22377043962478638, -0.004408115521073341, 0.02685420587658882, 0.13452906906604767, -0.31568294763565063, 0.05408155173063278, -0.09118323773145676, -0.19475674629211426, 0.04924921318888664, -0.05199219286441803, 0.07947671413421631, 0.17300234735012054]",0.007520012557506561,0.8552307486534119,1.56758713722229,0.0457022450864315
ieee5,202,10,3,13 11,1,18,"[-0.19195008277893066, 0.14186081290245056, 0.10726118087768555, -0.0061832815408706665, -0.08375465869903564, -0.1340869963169098, 0.09090042114257812, -0.3206997215747833, 0.11457126587629318, 0.2062675654888153, -0.008460814133286476, -1000000000.0, -0.17945092916488647, -1000000000.0, 0.12539781630039215, 0.031921446323394775, 0.20535078644752502, -0.2364925742149353, 0.23261317610740662, 0.008332410827279091, 0.027882270514965057, 0.12758444249629974, -0.3066887855529785, 0.04600565880537033, -0.10166984051465988, -0.19766175746917725, 0.04279515892267227, -0.05255705118179321, 0.09113359451293945, 0.18588939309120178]",0.0,0.0,0.0,0.0
ieee5,202,10,3,13 11,2,18,"[-0.20059296488761902, 0.10070518404245377, 0.1269475668668747, -0.01104222983121872, -0.0925564169883728, -0.14436186850070953, 0.13419698178768158, -0.275457501411438, 0.08821345865726471, 0.18242019414901733, 0.03320574387907982, -1000000000.0, -0.12288409471511841, -1000000000.0, 0.11487419903278351, -0.01256241649389267, 0.20944617688655853, -0.2649157643318176, 0.22889330983161926, -0.009505290538072586, 0.049920689314603806, 0.13158129155635834, -0.28954654932022095, 0.04763024300336838, -0.07410018891096115, -0.17931309342384338, 0.02470545470714569, 0.006077948957681656, 0.1188102513551712, 0.17202018201351166]",0.022813763469457626,2.617898941040039,1.959207534790039,0.14949344098567963
ieee5,202,20,2,21,0,11,"[-0.15105530619621277, 0.2618102729320526, 0.049442365765571594, -0.17024275660514832, -0.03131604194641113, -0.37301909923553467, 0.19272050261497498, -0.3742513358592987, 0.08105272054672241, 0.21677753329277039, -0.161077082157135, 0.5108940005302429, -0.32172495126724243, 0.33683404326438904, -0.07916614413261414, -0.07992058247327805, 0.3802894353866577, -0.09599211812019348, 0.24991099536418915, 0.033525560051202774, -0.0722832977771759, -1000000000.0, -0.2756207287311554, 0.08999898284673691, -0.23542116582393646, -0.20651543140411377, -0.03457671403884888, -0.19342327117919922, 0.2339872270822525, -0.010172717273235321]",0.010190291330218315,1.6715642213821411,1.6515488624572754,0.07635551691055298
ieee5,202,20,2,21,1,11,"[-0.15187281370162964, 0.2625756561756134, 0.052612271159887314, -0.1609610617160797, -0.02066134475171566, -0.37861260771751404, 0.19563861191272736, -0.35633447766304016, 0.07810737192630768, 0.2216985523700714, -0.14323435723781586, 0.5137607455253601, -0.2964162826538086, 0.3107525706291199, -0.10252809524536133, -0.07414204627275467, 0.3609893321990967, -0.09906080365180969, 0.21815069019794464, 0.041098129004240036, -0.06826743483543396, -1000000000.0, -0.2430552840232849, 0.08849146217107773, -0.2353183478116989, -0.19041019678115845, -0.03006467968225479, -0.1927489936351776, 0.24409417808055878, -0.019645094871520996]",0.0,0.0,0.0,0.0
ieee5,202,20,2,21,2,11,"[-0.11915984749794006, 0.25085920095443726, 0.06155136227607727, -0.1703333854675293, 0.006534760817885399, -0.37354782223701477, 0.17854982614517212, -0.3027173578739166, 0.06151599809527397, 0.17324545979499817, -0.11044038832187653, 0.44423550367355347, -0.15561264753341675, 0.2555043697357178, -0.14420512318611145, -0.08092454820871353, 0.31124383211135864, -0.10445167124271393, 0.15238480269908905, 0.04481007158756256, -0.05449722707271576, -1000000000.0, -0.1525825560092926, 0.1114882156252861, -0.2125655561685562, -0.12101992964744568, -0.006352804601192474, -0.13653525710105896, 0.2692902982234955, -0.02854098379611969]",0.03576669096946716,4.570003509521484,2.1172091960906982,0.25301337242126465
ieee5,202,20,3,21 11,0,13,"[-0.2315502017736435, 0.24421751499176025, 0.08231662213802338, -0.14012008905410767, -0.2216043919324875, -0.3242760896682739, 0.1337190568447113, -0.4153999090194702, 0.14987292885780334, 0.21275664865970612, -0.10971699655056, -1000000000.0, -0.34395548701286316, 0.4100092053413391, 0.0022755712270736694, -0.06258151680231094, 0.32434821128845215, -0.20506304502487183, 0.22146563231945038, 0.00969768688082695, 0.03645053505897522, -1000000000.0, -0.29974231123924255, 0.19785460829734802, -0.17190490663051605, -0.2705937325954437, 0.07021224498748779, -0.13409483432769775, 0.05541868507862091, 0.13657397031784058]",0.009214464575052261,0.7569339871406555,1.3866443634033203,0.05845343694090843
ieee5,202,20,3,21 11,1,13,"[-0.2366257756948471, 0.23015481233596802, 0.0821688175201416, -0.1322477161884308, -0.22569571435451508, -0.3268345296382904, 0.16582371294498444, -0.41234052181243896, 0.13254837691783905, 0.22991737723350525, -0.09420190751552582, -1000000000.0, -0.34945210814476013, 0.4028497338294983, 0.014772705733776093, -0.0514194592833519, 0.30676722526550293, -0.2103145569562912, 0.21264508366584778, 0.001704677939414978, 0.0363214910030365, -1000000000.0, -0.2969726622104645, 0.18986812233924866, -0.16526766121387482, -0.2719639241695404, 0.05731812119483948, -0.12399695068597794, 0.05701063573360443, 0.13852912187576294]",0.0,0.0,0.0,0.0
ieee5,202,20,3,21 11,2,13,"[-0.2376343160867691, 0.1949441134929657, 0.10092146694660187, -0.12916141748428345, -0.22809983789920807, -0.3291419446468353, 0.19083622097969055, -0.34168103337287903, 0.09942836314439774, 0.1852143108844757, -0.07326744496822357, -1000000000.0, -0.2986084520816803, 0.3929465711116791, -0.03103480488061905, -0.10234356671571732, 0.30062806606292725, -0.2229761928319931, 0.20750586688518524, -0.004943283274769783, 0.04981343448162079, -1000000000.0, -0.2561396360397339, 0.19693049788475037, -0.11342903971672058, -0.25228503346443176, 0.05565384402871132, -0.10177009552717209, 0.07449570298194885, 0.12639006972312927]",0.02166001871228218,2.358954429626465,1.9573535919189453,0.15598726272583008
ieee5,202,30,2,21,0,16,"[-0.23180192708969116, 0.2720602750778198, -0.034503333270549774, -0.0686461329460144, -0.06817162036895752, -0.4926165044307709, 0.1567838191986084, -0.25359398126602173, 0.2290303111076355, 0.12090259045362473, -0.29908013343811035, 0.4993971586227417, -0.3418383300304413, 0.3666723370552063, -0.22153358161449432, -0.13019999861717224, 0.5461034774780273, 0.06200847402215004, 0.2739644944667816, 0.02776215597987175, -0.0725444108247757, -1000000000.0, -0.21015438437461853, 0.23354709148406982, -0.21423152089118958, -0.30138692259788513, -0.03157499432563782, -0.15869496762752533, 0.2811880111694336, -0.07777877151966095]",0.011737184599041939,1.5714937448501587,1.6649357080459595,0.07642685621976852
ieee5,202,30,2,21,1,16,"[-0.23434025049209595, 0.2678876221179962, -0.032911211252212524, -0.059774480760097504, -0.06488045305013657, -0.5026885867118835, 0.17417478561401367, -0.23702944815158844, 0.21345680952072144, 0.13218286633491516, -0.28111517429351807, 0.5092151165008545, -0.3256222605705261, 0.3409116268157959, -0.24033401906490326, -0.12493916600942612, 0.5289648175239563, 0.0626993477344513, 0.23749396204948425, 0.039553623646497726, -0.07130050659179688, -1000000000.0, -0.18144097924232483, 0.22767400741577148, -0.20678037405014038, -0.2928929626941681, -0.027861356735229492, -0.1595597267150879, 0.28876006603240967, -0.08904159069061279]",0.0,0.0,0.0,0.0
ieee5,202,30,2,21,2,16,"[-0.19122740626335144, 0.2553105652332306, -0.019995607435703278, -0.0799778550863266, -0.05230739712715149, -0.4867471158504486, 0.17348423600196838, -0.2028903067111969, 0.15899959206581116, 0.10750645399093628, -0.24591045081615448, 0.45750391483306885, -0.20535564422607422, 0.2702382504940033, -0.27327245473861694, -0.12275879830121994, 0.4641961455345154, 0.043790411204099655, 0.15271243453025818, 0.06270190328359604, -0.05848689377307892, -1000000000.0, -0.09721948951482773, 0.23038402199745178, -0.18043366074562073, -0.23521879315376282, -0.0015162229537963867, -0.11939235031604767, 0.29616478085517883, -0.0873534083366394]",0.035187721252441406,4.483665466308594,2.1112074851989746,0.24110820889472961
ieee5,202,30,3,21 16,0,11,"[-0.31129467487335205, 0.25337228178977966, 0.007098652422428131, -0.08126437664031982, -0.1985781043767929, -0.40475937724113464, 0.1207781657576561, -0.23436520993709564, 0.29546040296554565, 0.047772377729415894, -0.2195044308900833, 0.42160937190055847, -0.31150564551353455, 0.407997190952301, -0.1872948706150055, -0.14090955257415771, -1000000000.0, -0.04675523191690445, 0.29661065340042114, 0.015412528067827225, 0.06729845702648163, -1000000000.0, -0.19617968797683716, 0.3818381726741791, -0.12217193841934204, -0.27980634570121765, 0.03601442649960518, -0.06344064325094223, 0.1895127296447754, 0.06524737179279327]",0.009141648188233376,0.7465307116508484,1.3345993757247925,0.06071777641773224
ieee5,202,30,3,21 16,1,11,"[-0.31167396903038025, 0.23346993327140808, 0.010988384485244751, -0.07009676098823547, -0.2026348114013672, -0.4098180830478668, 0.1507364809513092, -0.2216421216726303, 0.27337899804115295, 0.049470387399196625, -0.20137950778007507, 0.4371298849582672, -0.3044140934944153, 0.39857688546180725, -0.18807169795036316, -0.13999280333518982, -1000000000.0, -0.0480024553835392, 0.2947843670845032, 0.0066902595572173595, 0.06308645755052567, -1000000000.0, -0.18611812591552734, 0.37364980578422546, -0.10107086598873138, -0.28089192509651184, 0.027796003967523575, -0.05692775547504425, 0.19110852479934692, 0.07002740353345871]",0.0,0.0,0.0,0.0
ieee5,202,30,3,21 16,2,11,"[-0.30846890807151794, 0.1943891942501068, 0.026214096695184708, -0.05820047855377197, -0.20623919367790222, -0.4028369188308716, 0.1911224126815796, -0.16939114034175873, 0.23606276512145996, 0.03163912892341614, -0.18477319180965424, 0.42462706565856934, -0.25897184014320374, 0.38463979959487915, -0.2217724472284317, -0.17107751965522766, -1000000000.0, -0.05463321506977081, 0.26555967330932617, 0.008540121838450432, 0.07234185934066772, -1000000000.0, -0.14382579922676086, 0.3706272542476654, -0.05891498923301697, -0.27233657240867615, 0.028014175593852997, -0.03364779055118561, 0.19096747040748596, 0.06226858124136925]",0.01956035941839218,2.282423496246338,1.8564443588256836,0.13444356620311737
ieee5,202,40,2,6,0,16,"[-0.37543585896492004, 0.38460463285446167, -0.08890753984451294, 0.011668384075164795, -0.024926485493779182, -0.5349248647689819, -1000000000.0, -0.12223371863365173, 0.28466305136680603, 0.11903152614831924, -0.31320205330848694, 0.488197922706604, -0.3359171152114868, 0.3527544438838959, -0.278299480676651, -0.1971476972103119, 0.642180860042572, -0.0023922957479953766, 0.2734769284725189, 0.00937165878713131, -0.07814331352710724, 0.6017736196517944, -0.16658532619476318, 0.212490051984787, -0.29292428493499756, -0.2700852155685425, -0.0036043524742126465, -0.1272374987602234, 0.28931164741516113, -0.12790681421756744]",0.012293832376599312,1.4506456851959229,1.7569544315338135,0.0768444836139679
ieee5,202,40,2,6,1,16,"[-0.3686147630214691, 0.3779274523258209, -0.09263485670089722, 0.019161507487297058, -0.02769552357494831, -0.5395089983940125, -1000000000.0, -0.10771786421537399, 0.26311254501342773, 0.13813740015029907, -0.3045789301395416, 0.49775201082229614, -0.33191782236099243, 0.3249315917491913, -0.2876937687397003, -0.19337567687034607, 0.614159107208252, 0.0022224150598049164, 0.2396698147058487, 0.030786650255322456, -0.08332343399524689, 0.5812821388244629, -0.14200028777122498, 0.20863395929336548, -0.28592580556869507, -0.2663602828979492, -0.00968005508184433, -0.12302301824092865, 0.291624516248703, -0.1323680579662323]",0.0,0.0,0.0,0.0
ieee5,202,40,2,6,2,16,"[-0.29779961705207825, 0.3324783444404602, -0.07232360541820526, -0.011872120201587677, -0.019839348271489143, -0.526817798614502, -1000000000.0, -0.05577275902032852, 0.17719244956970215, 0.08822067826986313, -0.270037442445755, 0.449073851108551, -0.2193368524312973, 0.23560908436775208, -0.33545684814453125, -0.19160595536231995, 0.5407363176345825, -0.018679801374673843, 0.15327835083007812, 0.0642857775092125, -0.0731080025434494, 0.48266351222991943, -0.05450243502855301, 0.2160385251045227, -0.2451130896806717, -0.2074292153120041, 0.008591115474700928, -0.07795093953609467, 0.27948009967803955, -0.1110144704580307]",0.048024315387010574,4.309540748596191,2.2208218574523926,0.2963320314884186
ieee5,202,40,3,6 16,0,21,"[-0.4770386517047882, 0.40158483386039734, -0.02519725263118744, -0.01689957082271576, -0.12882773578166962, -0.48341086506843567, -1000000000.0, -0.1075918972492218, 0.35744816064834595, 0.037051133811473846, -0.2520267963409424, 0.4293518662452698, -0.2850534915924072, 0.3964351713657379, -0.23239704966545105, -0.21960732340812683, -1000000000.0, -0.07561269402503967, 0.30925893783569336, -0.0469348318874836, 0.052926089614629745, 0.4866216778755188, -0.13480664789676666, 0.36846837401390076, -0.17785798013210297, -0.2445799857378006, 0.051178015768527985, -0.048615846782922745, 0.24773451685905457, -0.011921148747205734]",0.00847206637263298,0.7213636040687561,1.2918046712875366,0.05259094014763832
ieee5,202,40,3,6 16,1,21,"[-0.4783812165260315, 0.3834492564201355, -0.028056547045707703, -0.003551781177520752, -0.13305555284023285, -0.4938918948173523, -1000000000.0, -0.10109441727399826, 0.3374056816101074, 0.04915202409029007, -0.237956702709198, 0.4421199560165405, -0.282360315322876, 0.39009928703308105, -0.22938686609268188, -0.2128540575504303, -1000000000.0, -0.07442288100719452, 0.30075758695602417, -0.04910823702812195, 0.054493214935064316, 0.4826495051383972, -0.12386440485715866, 0.36275410652160645, -0.16119526326656342, -0.250164270401001, 0.03625686094164848, -0.03213505819439888, 0.2507244348526001, -0.009356986731290817]",0.0,0.0,0.0,0.0
ieee5,202,40,3,6 16,2,21,"[-0.4657626748085022, 0.32728999853134155, -0.00592021644115448, 0.015301138162612915, -0.13396905362606049, -0.4856109917163849, -1000000000.0, -0.03938824683427811, 0.28358399868011475, 0.017217468470335007, -0.21954847872257233, 0.417604923248291, -0.23813654482364655, 0.3625597655773163, -0.2722521424293518, -0.2426920235157013, -1000000000.0, -0.08464303612709045, 0.27038338780403137, -0.03662582486867905, 0.06393232941627502, 0.45659083127975464, -0.07786322385072708, 0.356159508228302, -0.11753891408443451, -0.2342001348733902, 0.04075135290622711, -0.009505949914455414, 0.24196259677410126, 0.0015229657292366028]",0.025429166853427887,2.2537925243377686,1.9284179210662842,0.1591624766588211
ieee5,202,50,2,13,0,21,"[-0.39509016275405884, 0.298206627368927, -0.17031347751617432, 0.09537044167518616, -0.04475612938404083, -0.6241971254348755, 0.23275785148143768, -0.20923972129821777, 0.17841027677059174, 0.20138154923915863, -0.37498241662979126, 0.7095019817352295, -0.45590510964393616, -1000000000.0, -0.29308587312698364, -0.2227461189031601, 0.7096299529075623, 0.059028517454862595, 0.17492367327213287, 0.0038539934903383255, -0.2255265712738037, 0.8045686483383179, -0.31404799222946167, 0.05696704238653183, -0.14979201555252075, -0.4453449249267578, -0.0005961880087852478, -0.08876442909240723, 0.07670895755290985, -0.1686277538537979]",0.01128832995891571,1.5337427854537964,1.0401707887649536,0.08356218785047531
ieee5,202,50,2,13,1,21,"[-0.38598179817199707, 0.28070661425590515, -0.17297282814979553, 0.09893074631690979, -0.04604429006576538, -0.632226288318634, 0.2409859448671341, -0.18081599473953247, 0.14601045846939087, 0.20257125794887543, -0.3690357804298401, 0.7060127258300781, -0.45260271430015564, -1000000000.0, -0.32048070430755615, -0.22223077714443207, 0.6967067718505859, 0.06051776185631752, 0.14327472448349, 0.03726033866405487, -0.22548505663871765, 0.7897888422012329, -0.28281038999557495, 0.05092630535364151, -0.1541423797607422, -0.4435523748397827, 0.0011529400944709778, -0.07658419013023376, 0.08528976887464523, -0.16601692140102386]",0.0,0.0,0.0,0.0
ieee5,202,50,2,13,2,21,"[-0.29166948795318604, 0.21533998847007751, -0.16957727074623108, 0.07217623293399811, -0.03256929665803909, -0.5866945385932922, 0.23967035114765167, -0.10842222720384598, 0.04222419857978821, 0.14857560396194458, -0.32475340366363525, 0.619095504283905, -0.34072670340538025, -1000000000.0, -0.3786175549030304, -0.19647906720638275, 0.6182388663291931, 0.029355909675359726, 0.03752109408378601, 0.10504206269979477, -0.20361481606960297, 0.6641504764556885, -0.16852807998657227, 0.04357972741127014, -0.13577556610107422, -0.3776974678039551, 0.020247526466846466, 0.003729168325662613, 0.09920147806406021, -0.1281973421573639]",0.05911050736904144,4.649217128753662,2.5267751216888428,0.3557404577732086
ieee5,202,50,3,13 21,0,16,"[-0.5089054703712463, 0.3544858694076538, -0.10085169225931168, 0.04911705106496811, -0.12299692630767822, -0.5258359313011169, 0.17903727293014526, -0.15589149296283722, 0.2585335671901703, 0.11525586992502213, -0.3069416284561157, 0.5756794810295105, -0.33998897671699524, -1000000000.0, -0.23388874530792236, -0.22334198653697968, 0.618277370929718, -0.01459575816988945, 0.21270225942134857, -0.0618409737944603, -0.07197018712759018, -1000000000.0, -0.20478492975234985, 0.22960695624351501, -0.046244122087955475, -0.3969396948814392, 0.03215403109788895, 0.0049913190305233, 0.09248542785644531, -0.033635664731264114]",0.009353093802928925,0.6671521067619324,1.507191777229309,0.05945051088929176
ieee5,202,50,3,13 21,1,16,"[-0.5088841915130615, 0.33866003155708313, -0.10628525167703629, 0.05014140531420708, -0.12711209058761597, -0.5350911021232605, 0.1981995701789856, -0.14722013473510742, 0.23729902505874634, 0.12306254357099533, -0.2844863533973694, 0.5881997346878052, -0.32939600944519043, -1000000000.0, -0.24340027570724487, -0.22528956830501556, 0.6153635382652283, -0.01734035462141037, 0.19216544926166534, -0.04925812780857086, -0.06940547376871109, -1000000000.0, -0.19057896733283997, 0.22293204069137573, -0.03936838358640671, -0.4121878147125244, 0.030334632843732834, 0.016635265201330185, 0.09367363154888153, -0.04137498512864113]",0.0,0.0,0.0,0.0
ieee5,202,50,3,13 21,2,16,"[-0.48085471987724304, 0.28011295199394226, -0.09467997401952744, 0.07111312448978424, -0.1293615847826004, -0.5312334299087524, 0.23180685937404633, -0.09623037278652191, 0.17588891088962555, 0.10570132732391357, -0.26648449897766113, 0.5680397748947144, -0.30519771575927734, -1000000000.0, -0.27588701248168945, -0.2508787512779236, 0.596103847026825, -0.024450503289699554, 0.15935352444648743, -0.02948598749935627, -0.06665429472923279, -1000000000.0, -0.14650151133537292, 0.20682501792907715, -0.016948148608207703, -0.4080367088317871, 0.023128531873226166, 0.04713253304362297, 0.08763577044010162, -0.020328547805547714]",0.02368049882352352,2.2019028663635254,1.8950241804122925,0.147364541888237
ieee5,202,60,2,13,0,11,"[-0.43736153841018677, 0.31261658668518066, -0.16129730641841888, 0.0793038085103035, -0.027137011289596558, -0.7705808877944946, 0.3642241358757019, -0.3918723165988922, 0.012763036414980888, 0.24059391021728516, -0.2462223321199417, 0.9679850339889526, -0.5466960072517395, -1000000000.0, -0.27571985125541687, -0.2139265239238739, 0.7728815078735352, -0.026111148297786713, 0.06248962879180908, -0.03130055591464043, -0.25134479999542236, 0.8729720115661621, -0.537247359752655, -0.0007711723446846008, -0.1733292192220688, -0.5296311378479004, 0.04349110648036003, -0.1557997167110443, -0.06122397258877754, -0.23921290040016174]",0.01193482056260109,1.5485925674438477,1.0410869121551514,0.09561072289943695
ieee5,202,60,2,13,1,11,"[-0.42630675435066223, 0.28834766149520874, -0.16669723391532898, 0.08759783208370209, -0.030653975903987885, -0.7847086191177368, 0.3749770522117615, -0.36001598834991455, -0.02204546518623829, 0.24208441376686096, -0.24157005548477173, 0.972183108329773, -0.5527806282043457, -1000000000.0, -0.3141512870788574, -0.21556499600410461, 0.7609952688217163, -0.020554974675178528, 0.028837621212005615, 0.0054375347681343555, -0.25327128171920776, 0.8687924742698669, -0.5070878863334656, -0.01338757574558258, -0.17027230560779572, -0.5383909344673157, 0.039318036288022995, -0.13802358508110046, -0.054606933146715164, -0.242753803730011]",0.0,0.0,0.0,0.0
ieee5,202,60,2,13,2,11,"[-0.3121390640735626, 0.19590528309345245, -0.17486335337162018, 0.08146295696496964, -0.008493855595588684, -0.722636342048645, 0.3606714606285095, -0.23619595170021057, -0.11758848279714584, 0.16818733513355255, -0.21817493438720703, 0.8399819135665894, -0.43714335560798645, -1000000000.0, -0.40796375274658203, -0.18419517576694489, 0.670973539352417, -0.031071174889802933, -0.06698654592037201, 0.08623931556940079, -0.22863219678401947, 0.7486568093299866, -0.3517611026763916, -0.03676583990454674, -0.1203286349773407, -0.46487778425216675, 0.03894699364900589, -0.016108013689517975, -0.023442599922418594, -0.19686083495616913]",0.06984764337539673,4.827559947967529,2.5859217643737793,0.4322182238101959
ieee5,202,60,3,13 11,0,16,"[-0.4970528781414032, 0.3937142491340637, -0.12589900195598602, -0.001300022006034851, -0.12087569385766983, -0.6323480010032654, 0.28599420189857483, -0.3220650255680084, 0.1034787967801094, 0.1622614860534668, -0.2101469486951828, -1000000000.0, -0.39902666211128235, -1000000000.0, -0.22633762657642365, -0.20754319429397583, 0.6805835962295532, -0.0850091427564621, 0.09864598512649536, -0.07848662883043289, -0.08579501509666443, 0.6663550734519958, -0.36899396777153015, 0.20681631565093994, -0.04526925086975098, -0.47889554500579834, 0.05813707411289215, -0.06047074496746063, -0.026702862232923508, -0.06310637295246124]",0.009834995493292809,0.7264657020568848,1.551550030708313,0.06262999773025513
ieee5,202,60,3,13 11,1,16,"[-0.4917082190513611, 0.37284988164901733, -0.12866756319999695, 0.007572107017040253, -0.12445501238107681, -0.6402120590209961, 0.3057914674282074, -0.3001895248889923, 0.08058559894561768, 0.16327416896820068, -0.19923478364944458, -1000000000.0, -0.3993288576602936, -1000000000.0, -0.2338665872812271, -0.20939752459526062, 0.6704219579696655, -0.08304446935653687, 0.08661839365959167, -0.058161403983831406, -0.08889897167682648, 0.6555384993553162, -0.34909698367118835, 0.20466774702072144, -0.03417685627937317, -0.4928297996520996, 0.04714620113372803, -0.05290801823139191, -0.02283177152276039, -0.058579664677381516]",0.0,0.0,0.0,0.0
ieee5,202,60,3,13 11,2,16,"[-0.45891496539115906, 0.3010076880455017, -0.11588931083679199, 0.02852749079465866, -0.12715214490890503, -0.631838321685791, 0.34154433012008667, -0.23907865583896637, 0.012623721733689308, 0.14533129334449768, -0.16129633784294128, -1000000000.0, -0.3632730543613434, -1000000000.0, -0.27843087911605835, -0.23040622472763062, 0.648078441619873, -0.08843953162431717, 0.04194006323814392, -0.043027255684137344, -0.0725606232881546, 0.6447720527648926, -0.29983261227607727, 0.17614531517028809, 0.020333826541900635, -0.4968760013580322, 0.030071090906858444, 0.009946860373020172, -0.027854982763528824, -0.04802845045924187]",0.029323488473892212,2.3785109519958496,1.9944390058517456,0.18915681540966034
ieee5,202,70,2,6,0,11,"[-0.4292791187763214, 0.33568787574768066, -0.028711088001728058, 0.11896942555904388, 0.005158163607120514, -0.8462426066398621, -1000000000.0, -0.3091694712638855, -0.17263329029083252, 0.16726350784301758, -0.17439018189907074, 1.0137008428573608, -0.5149596333503723, 0.31193071603775024, -0.25979769229888916, -0.23964880406856537, 0.7344724535942078, -0.04361565783619881, 0.06241636723279953, -0.12644760310649872, -0.2188444286584854, 0.830420732498169, -0.5574251413345337, -0.04883920028805733, -0.22214314341545105, -0.47444525361061096, 0.005281962454319, -0.19317425787448883, 0.014757256954908371, -0.19987988471984863]",0.015260688029229641,1.5483756065368652,1.7393090724945068,0.09850461781024933
ieee5,202,70,2,6,1,11,"[-0.4071814715862274, 0.3146698474884033, -0.03519681841135025, 0.12304915487766266, -0.01771564781665802, -0.8551445603370667, -1000000000.0, -0.2896842062473297, -0.20342515408992767, 0.18317711353302002, -0.16354820132255554, 1.0313687324523926, -0.5263091921806335, 0.29171085357666016, -0.28662964701652527, -0.2403726726770401, 0.7065029740333557, -0.03624904900789261, 0.027460038661956787, -0.09235400706529617, -0.2230329066514969, 0.819648027420044, -0.5308102369308472, -0.06685774773359299, -0.21273377537727356, -0.4890922009944916, -0.002598501741886139, -0.19006606936454773, 0.011621657758951187, -0.20829905569553375]",0.0,0.0,0.0,0.0
ieee5,202,70,2,6,2,11,"[-0.28724685311317444, 0.2206127941608429, -0.050358109176158905, 0.11726844310760498, 0.0014229491353034973, -0.811067521572113, -1000000000.0, -0.15174232423305511, -0.2751685678958893, 0.10231771320104599, -0.1462281048297882, 0.9113377928733826, -0.3865639269351959, 0.1243283599615097, -0.4005475640296936, -0.19360528886318207, 0.6124405264854431, -0.051835816353559494, -0.06612908095121384, -0.026164041832089424, -0.20139814913272858, 0.7154268026351929, -0.3670002818107605, -0.09356485307216644, -0.14410452544689178, -0.401260107755661, 0.0005055516958236694, -0.08036261796951294, 0.010818105190992355, -0.16261062026023865]",0.07461284101009369,4.804117202758789,2.3264195919036865,0.4707431197166443
ieee5,202,70,3,6 11,0,16,"[-0.43601444363594055, 0.4298766255378723, -0.025030240416526794, 0.01772390305995941, -0.08090098947286606, -0.6350058913230896, -1000000000.0, -0.23983557522296906, -0.06199820339679718, 0.11643067747354507, -0.1418837308883667, -1000000000.0, -0.3210015594959259, 0.2430557757616043, -0.18230530619621277, -0.19351117312908173, 0.6034428477287292, -0.09776298701763153, 0.08210378140211105, -0.10870461910963058, -0.0365963838994503, 0.535085141658783, -0.34415775537490845, 0.1689591109752655, -0.02681724727153778, -0.41278275847435, 0.0006938055157661438, -0.058731675148010254, 0.03875206783413887, 0.0062303245067596436]",0.010076180100440979,0.7400285601615906,1.3166089057922363,0.06665544956922531
ieee5,202,70,3,6 11,1,16,"[-0.42226919531822205, 0.40560898184776306, -0.027099609375, 0.02471311017870903, -0.08950605243444443, -0.6413769125938416, -1000000000.0, -0.22452548146247864, -0.09034620225429535, 0.12684501707553864, -0.12674687802791595, -1000000000.0, -0.3232344388961792, 0.2380572110414505, -0.18355302512645721, -0.19183103740215302, 0.5884681344032288, -0.09332527220249176, 0.07657978683710098, -0.10142772644758224, -0.038632832467556, 0.5288143754005432, -0.329607218503952, 0.1590825915336609, -0.005370825529098511, -0.42375674843788147, -0.022868387401103973, -0.04253590852022171, 0.0418044812977314, 0.0059524886310100555]",0.0,0.0,0.0,0.0
ieee5,202,70,3,6 11,2,16,"[-0.3876359760761261, 0.3300767242908478, -0.004590094089508057, 0.04636397957801819, -0.08638491481542587, -0.6282355189323425, -1000000000.0, -0.13434496521949768, -0.16341735422611237, 0.08661354333162308, -0.098716139793396, -1000000000.0, -0.27583178877830505, 0.1745687872171402, -0.23943182826042175, -0.20977257192134857, 0.558191180229187, -0.10438627004623413, 0.03547549992799759, -0.09100133925676346, -0.03291574493050575, 0.5007309913635254, -0.2670973539352417, 0.12403649836778641, 0.059574633836746216, -0.40371406078338623, -0.033819593489170074, 0.0015268847346305847, 0.03176344558596611, 0.026843417435884476]",0.03527890145778656,2.426117181777954,1.9815038442611694,0.22287556529045105
