update,environment,trajectories_per_batch,transitions,cumulative_trajectories,advantage_mean,advantage_std,value_loss,policy_loss,entropy,approximate_kl,clip_fraction,actor_gradient_norm,value_gradient_norm,mean_training_terminal_cost,entropy_t1,entropy_t2,validation_mean_u_ctrl,validation_std_u_ctrl,validation_median_u_ctrl,validation_q10_u_ctrl,validation_q90_u_ctrl,validation_safety,validation_dominant_sequence,validation_dominant_sequence_fraction,validation_unique_sequences,validation_sequence_entropy,validation_entropy_t1,validation_entropy_t2,best_validation_so_far
1,C0,48,96,48,-0.7444560198507583,0.16968714947376473,0.02399936318397522,-0.08972669392824173,1.6578642129898071,0.01854541338980198,0.53125,0.29435667395591736,0.5892795920372009,0.86875,1.7329646348953247,1.5681246519088745,0.8645833333333335,0.14928940481122197,1.0,0.7,1.0,1.0,"[14, 22]",1.0,1,-0.0,1.7332876920700073,1.5641468341151874,0.8645833333333335
2,C0,48,96,96,0.014490636383493759,0.18905178068711806,0.015969643369317055,-0.03459719195961952,1.6302553415298462,-0.018043411895632744,0.21875,0.4549916088581085,0.226878821849823,0.8562500000000001,1.6740792989730835,1.5776777267456055,,,,,,,,,,,,,
3,C0,48,96,144,0.024562704086303733,0.17952379353519102,0.010728436522185802,-0.027354827150702477,1.602485179901123,0.0028311077039688826,0.0729166641831398,0.2565166652202606,0.044898081570863724,0.8250000000000001,1.618727207183838,1.5726391077041626,,,,,,,,,,,,,
4,C0,48,96,192,-0.012347205857435838,0.151552700698918,0.010652228258550167,-0.024852976202964783,1.5741616487503052,0.008154666982591152,0.0625,0.31838560104370117,0.06638768315315247,0.8250000000000001,1.5939825773239136,1.5458301305770874,,,,,,,,,,,,,
5,C0,48,96,240,-0.08403972867131233,0.12830860072461853,0.00996366236358881,-0.02391834557056427,1.5639982223510742,0.00025305026792921126,0.125,0.4239705502986908,0.18839268386363983,0.9187500000000001,1.6185797452926636,1.5121898651123047,,,,,,,,,,,,,
6,C0,48,96,288,0.1175119645719727,0.14831018993475617,0.010736353695392609,-0.02361813187599182,1.5607056617736816,0.008252948522567749,0.1354166716337204,0.3577985465526581,0.12054289877414703,0.8562500000000001,1.6485520601272583,1.4689887762069702,,,,,,,,,,,,,
7,C0,48,96,336,-0.047983112270633364,0.140985403076013,0.010238274931907654,-0.027168720960617065,1.5433372259140015,0.01769685000181198,0.1770833283662796,0.3627322018146515,0.09528855979442596,0.8375,1.636123776435852,1.4416223764419556,,,,,,,,,,,,,
8,C0,48,96,384,-0.04241776936004558,0.13668880118486798,0.01073139626532793,-0.02794857881963253,1.5097135305404663,0.010363377630710602,0.02083333395421505,0.4159740209579468,0.19656069576740265,0.88125,1.5709484815597534,1.4352599382400513,,,,,,,,,,,,,
9,C0,48,96,432,0.04942625328401726,0.13001682011235127,0.008491807617247105,-0.030781323090195656,1.463178277015686,0.017468908801674843,0.1770833283662796,0.39216476678848267,0.08304370194673538,0.8875000000000001,1.4639854431152344,1.434457778930664,,,,,,,,,,,,,
10,C0,48,96,480,-0.02774348446726797,0.12813855131621243,0.0078102475963532925,-0.02557436376810074,1.397234320640564,0.02370576560497284,0.1145833358168602,0.3278331160545349,0.024096529930830002,0.8812500000000001,1.3834776878356934,1.3972649574279785,0.86875,0.14882351124738324,1.0,0.7,1.0,1.0,"[9, 2]",1.0,1,-0.0,1.384430170059204,1.3465087571077876,0.8645833333333335
11,C0,48,96,528,0.018466696903109574,0.13337919320498895,0.008940363302826881,-0.041974026709795,1.356393814086914,0.02419126033782959,0.09375,0.5951413512229919,0.04075870290398598,0.86875,1.3415888547897339,1.349452018737793,,,,,,,,,,,,,
12,C0,48,96,576,0.01945197103917601,0.13330476782470607,0.009031020104885101,-0.010909068398177624,1.3579812049865723,0.006509978324174881,0.1145833358168602,0.5160263180732727,0.07665661722421646,0.85,1.4488087892532349,1.2997803688049316,,,,,,,,,,,,,
13,C0,48,96,624,-0.03862660717715818,0.13689106364994635,0.009456791914999485,-0.017072811722755432,1.4164061546325684,-0.008023672737181187,0.0520833320915699,0.3465602695941925,0.06619449704885483,0.8562500000000001,1.5181431770324707,1.3039833307266235,,,,,,,,,,,,,
14,C0,48,96,672,0.017480867115159848,0.13399801262533023,0.008356274105608463,-0.03748724237084389,1.3551932573318481,0.010172335430979729,0.09375,0.627416729927063,0.0061890119686722755,0.8874999999999998,1.4659641981124878,1.2282932996749878,,,,,,,,,,,,,
15,C0,48,96,720,0.01237206560870014,0.13707218577459288,0.008879034779965878,-0.01718529313802719,1.3478864431381226,0.028353167697787285,0.2291666716337204,0.5018465518951416,0.05141086131334305,0.84375,1.5517592430114746,1.1379672288894653,,,,,,,,,,,,,
16,C0,48,96,768,-0.024578750587999798,0.13581048965028222,0.00922191608697176,-0.03181973099708557,1.3338314294815063,0.030549203976988792,0.1875,0.3161775469779968,0.04811987653374672,0.8624999999999999,1.4283934831619263,1.227152943611145,,,,,,,,,,,,,
17,C0,48,96,816,0.03266833094259105,0.1342258602069801,0.008837899193167686,-0.0444658100605011,1.2986515760421753,0.00874240044504404,0.1875,0.4785812497138977,0.03784498944878578,0.84375,1.2813650369644165,1.294878363609314,,,,,,,,,,,,,
18,C0,48,96,864,-0.03934682211279867,0.12964244143205975,0.008399713784456253,-0.018674587830901146,1.3276963233947754,0.023418167605996132,0.09375,0.8631960153579712,0.02970702201128006,0.86875,1.4064425230026245,1.321244716644287,,,,,,,,,,,,,
19,C0,48,96,912,0.06338500575224561,0.1352932620741329,0.009104293771088123,-0.022425806149840355,1.4426785707473755,0.020233070477843285,0.1666666716337204,0.4100634455680847,0.05088947340846062,0.81875,1.479311466217041,1.3841818571090698,,,,,,,,,,,,,
20,C0,48,96,960,-0.09171597558011609,0.13220894385483045,0.00855520274490118,-0.019574234262108803,1.3347196578979492,0.01552677433937788,0.375,0.8063066005706787,0.05735808610916138,0.8812500000000001,1.344544529914856,1.3112947940826416,0.8354166666666667,0.14928940481122197,0.7,0.7,1.0,1.0,"[9, 2]",0.6041666666666666,2,0.6712860177043469,1.3461542129516602,1.298276914490594,0.8354166666666667
21,C0,48,96,1008,0.0680960036168496,0.13436782073893747,0.008937345817685127,-0.03631803020834923,1.2982012033462524,0.02071838267147541,0.15625,0.2927298843860626,0.020093832165002823,0.85,1.4201518297195435,1.1742268800735474,,,,,,,,,,,,,
22,C0,48,96,1056,-0.012220832991103311,0.14168701159354052,0.011258755810558796,-0.027819877490401268,1.2947348356246948,0.036210257560014725,0.09375,0.34107446670532227,0.1520053744316101,0.84375,1.4719446897506714,1.1033740043640137,,,,,,,,,,,,,
23,C0,48,96,1104,-0.019601683398087797,0.13476760742998464,0.009410064667463303,-0.014390031807124615,1.2618730068206787,0.02686578594148159,0.15625,0.5718493461608887,0.0807783454656601,0.8249999999999998,1.495599627494812,1.0295506715774536,,,,,,,,,,,,,
24,C0,48,96,1152,-0.007324831011394638,0.1319947810494118,0.008646965958178043,-0.01864474080502987,1.3179494142532349,0.030500784516334534,0.2083333283662796,0.4852640926837921,0.013713770546019077,0.86875,1.490720272064209,1.1376177072525024,,,,,,,,,,,,,
25,C0,48,96,1200,0.005560414140423158,0.13363509556172107,0.008758732117712498,-0.03824446722865105,1.3096693754196167,0.022178923711180687,0.0729166641831398,0.6838749051094055,0.013805295340716839,0.8562500000000001,1.459532618522644,1.1563191413879395,,,,,,,,,,,,,
26,C0,48,96,1248,0.017500941505034787,0.12469026027376691,0.007587779313325882,-0.022791093215346336,1.2590101957321167,0.0432753711938858,0.5833333134651184,0.8985356688499451,0.0207437165081501,0.84375,1.363427996635437,1.1533485651016235,,,,,,,,,,,,,
27,C0,48,96,1296,-0.05536057534565527,0.14026543212202275,0.00993791688233614,-0.01695379428565502,1.2816617488861084,0.013754554092884064,0.03125,0.44563037157058716,0.061944276094436646,0.88125,1.3534213304519653,1.2217329740524292,,,,,,,,,,,,,
28,C0,48,96,1344,0.05487308362623058,0.1297188301235797,0.008505097590386868,-0.014204919338226318,1.3126815557479858,0.01407729834318161,0.1354166716337204,0.37256768345832825,0.027925530448555946,0.8562500000000001,1.3939589262008667,1.2434157133102417,,,,,,,,,,,,,
29,C0,48,96,1392,-0.014609663238128004,0.1334188149973197,0.009084050543606281,-0.013707618229091167,1.303778886795044,-0.010014212690293789,0.03125,0.3037584125995636,0.0614076629281044,0.84375,1.44774329662323,1.1597832441329956,,,,,,,,,,,,,
30,C0,48,96,1440,-0.01191717180112995,0.13114039161651989,0.00878788810223341,-0.033083248883485794,1.2541378736495972,0.020203055813908577,0.0729166641831398,0.8204430341720581,0.07839204370975494,0.84375,1.4422798156738281,1.0529390573501587,0.8395833333333333,0.1496378730654628,0.7,0.7,1.0,1.0,"[9, 22]",0.4722222222222222,3,1.0528488658593875,1.4429594278335571,0.9651924413111475,0.8354166666666667
31,C0,48,96,1488,0.036731197829047865,0.1309326022693602,0.00885946024209261,-0.014306657016277313,1.2441970109939575,0.030278397724032402,0.0833333358168602,0.6814286112785339,0.07540420442819595,0.8250000000000001,1.46811044216156,1.0365458726882935,,,,,,,,,,,,,
32,C0,48,96,1536,-0.041879342031975554,0.14424305319604283,0.010317363776266575,-0.029547354206442833,1.2708663940429688,0.0037145663518458605,0.1979166716337204,0.3067780137062073,0.04449331387877464,0.8312500000000002,1.508521556854248,1.033300518989563,,,,,,,,,,,,,
33,C0,48,96,1584,0.02257771643996241,0.13095453483354158,0.008504102006554604,-0.01564173214137554,1.3062878847122192,0.011728941462934017,0.0416666679084301,0.38370299339294434,0.012555161491036415,0.8312499999999999,1.5239253044128418,1.0931710004806519,,,,,,,,,,,,,
34,C0,48,96,1632,0.002633375744024936,0.1396319000840804,0.00988593976944685,-0.014553390443325043,1.3018172979354858,0.030936604365706444,0.0625,0.4588942229747772,0.050050944089889526,0.8250000000000001,1.5262093544006348,1.0662517547607422,,,,,,,,,,,,,
35,C0,48,96,1680,-0.03239736773073671,0.14588843429261825,0.010742449201643467,-0.021168649196624756,1.2646769285202026,-0.0034093065187335014,0.0520833320915699,0.4918960928916931,0.07274436205625534,0.84375,1.52875816822052,0.99336838722229,,,,,,,,,,,,,
36,C0,48,96,1728,0.035221016819278424,0.13492562669225855,0.009128167293965816,-0.008623369038105011,1.2650200128555298,-0.00029555754736065865,0.03125,0.3466323912143707,0.041848279535770416,0.8375,1.528535008430481,0.9994190335273743,,,,,,,,,,,,,
37,C0,48,96,1776,-0.05807240523646273,0.13634772546428084,0.009461130946874619,-0.010007581673562527,1.2929357290267944,-0.005878799129277468,0.03125,0.2996987998485565,0.05883273109793663,0.88125,1.530833125114441,1.0592089891433716,,,,,,,,,,,,,
38,C0,48,96,1824,0.08793270654479667,0.1335611246073177,0.009084603749215603,-0.02171901799738407,1.3013406991958618,0.017997970804572105,0.02083333395421505,0.4841333031654358,0.07016997784376144,0.8249999999999998,1.5538243055343628,1.0424705743789673,,,,,,,,,,,,,
39,C0,48,96,1872,-0.06554976126303273,0.12769788061291976,0.00801628828048706,-0.015732552856206894,1.244375228881836,0.0030976124107837677,0.02083333395421505,0.4934294521808624,0.028390489518642426,0.8312500000000002,1.551641583442688,0.9279482960700989,,,,,,,,,,,,,
40,C0,48,96,1920,0.009036583594977875,0.13064829775511952,0.008727560751140118,-0.018220243975520134,1.239498496055603,0.04191328212618828,0.010416666977107525,0.38449645042419434,0.10245084017515182,0.8624999999999999,1.53535795211792,0.9340689182281494,0.8333333333333334,0.149071198499986,0.7,0.7,1.0,1.0,"[9, 2]",0.5902777777777778,2,0.6767572857418732,1.5354797840118408,0.7647660118010309,0.8333333333333334
41,C0,48,96,1968,0.021680540852248686,0.13565588410501253,0.00965582299977541,-0.03222611919045448,1.1850597858428955,-0.01619883067905903,0.09375,0.5412893295288086,0.10388896614313126,0.84375,1.4457863569259644,0.9031627178192139,,,,,,,,,,,,,
42,C0,48,96,2016,-0.043080758877098536,0.12590203732800548,0.00855666771531105,-0.006885954644531012,1.1665973663330078,0.014151345007121563,0.0833333358168602,0.4712454378604889,0.09843649715185165,0.85,1.4556702375411987,0.9098701477050781,,,,,,,,,,,,,
43,C0,48,96,2064,0.058456070301433426,0.14567432780727665,0.009746797382831573,-0.006787692662328482,1.2345019578933716,0.036725565791130066,0.2604166567325592,1.2455658912658691,0.013403022661805153,0.8375,1.618011474609375,0.8063928484916687,,,,,,,,,,,,,
44,C0,48,96,2112,-0.03069838788112002,0.1315189024496962,0.008817180059850216,-0.004993543028831482,1.2481752634048462,0.0030965215992182493,0.02083333395421505,0.7704520225524902,0.054708607494831085,0.8375,1.663919448852539,0.8491900563240051,,,,,,,,,,,,,
45,C0,48,96,2160,-0.0017327623814344176,0.13276598489414282,0.009332392364740372,-0.02208886481821537,1.2354811429977417,0.023736894130706787,0.0520833320915699,0.6993359923362732,0.07924158871173859,0.84375,1.570290446281433,0.8304676413536072,,,,,,,,,,,,,
46,C0,48,96,2208,0.026952742132047836,0.13777068956613595,0.009663521312177181,-0.017909077927470207,1.2034456729888916,0.0019629376474767923,0.02083333395421505,0.661358118057251,0.06998506188392639,0.8312499999999999,1.6049624681472778,0.8345898985862732,,,,,,,,,,,,,
47,C0,48,96,2256,-0.03076833615203696,0.135202508955767,0.00920430663973093,-0.001638165325857699,1.2460299730300903,0.03089076839387417,0.0729166641831398,0.9192172288894653,0.04417361691594124,0.8312499999999999,1.6604844331741333,0.7972729802131653,,,,,,,,,,,,,
48,C0,48,96,2304,-0.013903712225457008,0.1322986981777794,0.009032364934682846,-0.01546884048730135,1.1789602041244507,0.003095083637163043,0.15625,0.4552426338195801,0.07461194694042206,0.8562499999999998,1.5722187757492065,0.7858365178108215,,,,,,,,,,,,,
49,C0,48,96,2352,0.035748298297325794,0.13237325867103664,0.008988426066935062,-0.012548821978271008,1.1120151281356812,-0.0014288579113781452,0.0520833320915699,0.1895752102136612,0.0658566802740097,0.8312499999999999,1.5770049095153809,0.6369732022285461,,,,,,,,,,,,,
50,C0,48,96,2400,-0.039349270900090515,0.13442583750795375,0.009055604226887226,-0.007638612296432257,1.0838031768798828,0.0006304715643636882,0.0520833320915699,0.4695807695388794,0.03340449184179306,0.85,1.505346417427063,0.6479325890541077,0.83125,0.14882351124738324,0.7,0.7,1.0,1.0,"[14, 2]",0.6180555555555556,2,0.6650080072569288,1.5093458890914917,0.5634665470570326,0.83125
51,C0,48,96,2448,0.06044495780269308,0.12188928012827827,0.007356308400630951,-0.021145006641745567,1.0531774759292603,0.0394115075469017,0.1979166716337204,0.4793989956378937,0.03887523338198662,0.80625,1.397529125213623,0.688519299030304,,,,,,,,,,,,,
52,C0,48,96,2496,-0.06551537366708117,0.1340819847744401,0.00893345195800066,-0.007714902516454458,1.0190690755844116,0.013324633240699768,0.02083333395421505,0.5303752422332764,0.028622658923268318,0.8624999999999999,1.3903751373291016,0.651983916759491,,,,,,,,,,,,,
53,C0,48,96,2544,0.05103582061082127,0.13880922290630035,0.009567118249833584,-0.023831302300095558,1.0491834878921509,0.003489060327410698,0.0729166641831398,0.5013871192932129,0.04922189563512802,0.8312500000000002,1.3379441499710083,0.7531071305274963,,,,,,,,,,,,,
54,C0,48,96,2592,-0.019523522689938518,0.1313009548335046,0.009199759922921658,-0.010716085322201252,1.0253645181655884,-0.015324576757848263,0.09375,0.5335633158683777,0.09268023818731308,0.8375,1.3014737367630005,0.7480285167694092,,,,,,,,,,,,,
55,C0,48,96,2640,-0.027925410774846855,0.13585904362011406,0.009979834780097008,0.0008150339126586914,0.959755003452301,0.006501470226794481,0.010416666977107525,0.4799909293651581,0.11614085733890533,0.8625000000000002,1.3112869262695312,0.6089949607849121,,,,,,,,,,,,,
56,C0,48,96,2688,0.07872789385666452,0.1275340318921876,0.00872286781668663,-0.015777507796883583,0.9964907765388489,0.012785700149834156,0.0416666679084301,0.6947988271713257,0.09953827410936356,0.80625,1.3556371927261353,0.6546902060508728,,,,,,,,,,,,,
57,C0,48,96,2736,-0.08090877376000084,0.1303139117074609,0.008474227041006088,-0.009773788042366505,1.047353744506836,-0.005733225494623184,0.1041666641831398,0.49775516986846924,0.01663222536444664,0.8312500000000002,1.3621739149093628,0.7420148253440857,,,,,,,,,,,,,
58,C0,48,96,2784,0.018881926735242232,0.12954113434346368,0.008790161460638046,-0.0026961416006088257,1.0881016254425049,0.005989404395222664,0.0,0.45266035199165344,0.10523923486471176,0.84375,1.368531346321106,0.8100206255912781,,,,,,,,,,,,,
59,C0,48,96,2832,-0.0044646806791424605,0.1297345597505277,0.008870272897183895,-0.024109939113259315,1.0506031513214111,0.028293194249272346,0.03125,0.5646276473999023,0.0812416523694992,0.8812500000000001,1.4459463357925415,0.671164333820343,,,,,,,,,,,,,
60,C0,48,96,2880,-0.001861997686326483,0.13557643508998557,0.009126391261816025,-0.011348764412105083,1.0872787237167358,0.0009204866364598274,0.0,0.8039291501045227,0.040744733065366745,0.8562500000000001,1.4749678373336792,0.6920035481452942,0.8333333333333334,0.149071198499986,0.7,0.7,1.0,1.0,"[14, 2]",0.5277777777777778,2,0.6916031758694977,1.4756702184677124,0.6194367340455452,0.83125
61,C0,48,96,2928,0.022154000977675142,0.13888365515494167,0.00973616074770689,-0.015253454446792603,1.0778502225875854,0.023018138483166695,0.02083333395421505,0.5438761115074158,0.04197603836655617,0.8312499999999999,1.4537482261657715,0.6948030591011047,,,,,,,,,,,,,
62,C0,48,96,2976,-0.005278641909360864,0.13438422098646127,0.009089394472539425,0.002767495810985565,1.07036292552948,-0.0030220358166843653,0.010416666977107525,0.31328311562538147,0.02003718540072441,0.8250000000000001,1.430417537689209,0.7071215510368347,,,,,,,,,,,,,
63,C0,48,96,3024,-0.030590030968189224,0.13297494687478909,0.008783254772424698,-0.01563120447099209,1.0680831670761108,0.014081095345318317,0.0729166641831398,0.39943796396255493,0.033667173236608505,0.8624999999999999,1.4397622346878052,0.6954089999198914,,,,,,,,,,,,,
64,C0,48,96,3072,0.045645636491477515,0.13305864209915602,0.008781434036791325,-0.023217028006911278,1.0298069715499878,0.007284853607416153,0.010416666977107525,0.6083593368530273,0.03292055055499077,0.81875,1.4326564073562622,0.6154237389564514,,,,,,,,,,,,,
65,C0,48,96,3120,-0.021284275561571097,0.1410108771865038,0.009264042600989342,-0.002043386222794652,0.9987382292747498,0.020724095404148102,0.0416666679084301,0.26600927114486694,0.031634192913770676,0.8374999999999999,1.3999171257019043,0.5897436738014221,,,,,,,,,,,,,
66,C0,48,96,3168,-0.011862926408648467,0.1350069312940526,0.008852940052747726,-0.0207587331533432,0.9989469647407532,0.011722001247107983,0.0416666679084301,0.38985660672187805,0.035356711596250534,0.84375,1.3518047332763672,0.63056480884552,,,,,,,,,,,,,
67,C0,48,96,3216,0.053823832939068506,0.11953300874333442,0.008054387755692005,-0.007399359252303839,0.9160273671150208,0.005051007494330406,0.010416666977107525,0.4506758749485016,0.09659317880868912,0.7937499999999998,1.284769892692566,0.5271158814430237,,,,,,,,,,,,,
68,C0,48,96,3264,-0.09036466823518273,0.13877765901669298,0.010210019536316395,-0.001005845726467669,0.8784308433532715,-0.009036393836140633,0.0,0.3001640737056732,0.12646067142486572,0.85,1.2458208799362183,0.5041347146034241,,,,,,,,,,,,,
69,C0,48,96,3312,0.05500163101404907,0.12830707443651374,0.008277728222310543,-0.02075216919183731,0.8367735743522644,0.01379565242677927,0.1145833358168602,0.3779321610927582,0.026482490822672844,0.8562500000000001,1.1512118577957153,0.4949951469898224,,,,,,,,,,,,,
70,C0,48,96,3360,-0.02954324181626239,0.12755921244782653,0.007953156717121601,-0.009128508158028126,0.7700744271278381,0.0102500319480896,0.0416666679084301,0.23460707068443298,0.04032495245337486,0.8624999999999999,1.0407103300094604,0.4739026129245758,0.8333333333333334,0.149071198499986,0.7,0.7,1.0,1.0,"[9, 2]",0.5555555555555556,2,0.6869615765973234,1.04166841506958,0.43150795908230877,0.83125
71,C0,48,96,3408,0.018553180143237133,0.12627702124579882,0.008024763315916061,-0.013626975007355213,0.7178590893745422,0.011271052993834019,0.0,0.5966619253158569,0.045337263494729996,0.8562500000000002,0.935988187789917,0.48873844742774963,,,,,,,,,,,,,
72,C0,48,96,3456,0.00736537820845845,0.1387217219652763,0.00931792613118887,-0.008043508045375347,0.677730143070221,0.01684894599020481,0.02083333395421505,0.7791869044303894,0.0615142397582531,0.8312499999999999,0.9218388199806213,0.43753793835639954,,,,,,,,,,,,,
73,C0,48,96,3504,-0.03432389047245182,0.12999257180613608,0.008693399839103222,-0.003362659364938736,0.7184558510780334,0.00325747299939394,0.03125,0.5610528588294983,0.05888177454471588,0.85,0.9717908501625061,0.48409879207611084,,,,,,,,,,,,,
74,C0,48,96,3552,0.013834494483967645,0.13105223608805924,0.008684980683028698,-0.006326243281364441,0.7566376328468323,0.009531314484775066,0.02083333395421505,0.34391236305236816,0.01897129788994789,0.8562500000000001,0.9878242015838623,0.5286282896995544,,,,,,,,,,,,,
75,C0,48,96,3600,0.01635937334845466,0.13333488315399986,0.008735959418118,-0.0037708852905780077,0.762962818145752,0.004985084291547537,0.0,0.4812888205051422,0.041806306689977646,0.8312500000000002,1.0130468606948853,0.5321231484413147,,,,,,,,,,,,,
76,C0,48,96,3648,0.008091711255411338,0.127823153879314,0.0081998435780406,-0.01210726797580719,0.8569920063018799,-0.0012389030307531357,0.02083333395421505,0.2964695990085602,0.015847763046622276,0.80625,1.1454249620437622,0.638580858707428,,,,,,,,,,,,,
77,C0,48,96,3696,-0.03295507411162056,0.13554929056884363,0.009104380384087563,-0.009757394902408123,0.9215236306190491,0.0022142166271805763,0.0833333358168602,0.3664573132991791,0.027303893119096756,0.84375,1.0826181173324585,0.7339105606079102,,,,,,,,,,,,,
78,C0,48,96,3744,0.03469555830955508,0.12726780757124045,0.007995259016752243,-0.028743742033839226,0.9116953015327454,0.03284336254000664,0.0625,0.9619694948196411,0.04398741573095322,0.8187500000000001,1.0613937377929688,0.8106183409690857,,,,,,,,,,,,,
79,C0,48,96,3792,-0.022741169830163294,0.13420623864413458,0.009500776417553425,-0.02345047891139984,0.8451951146125793,0.034970950335264206,0.125,0.6967806816101074,0.08436917513608932,0.84375,0.9887616038322449,0.6431359052658081,,,,,,,,,,,,,
80,C0,48,96,3840,-0.006503590265909805,0.12670561622520474,0.00800231657922268,0.003656429471448064,0.7741824984550476,-0.014212808571755886,0.0520833320915699,0.35714849829673767,0.032898787409067154,0.8312499999999999,0.9230021834373474,0.6126073002815247,0.83125,0.14882351124738324,0.7,0.7,1.0,1.0,"[14, 2]",0.5555555555555556,3,0.9204377186042543,0.924445390701294,0.5909922546189692,0.83125
81,C0,48,96,3888,0.001910505846142794,0.12843297476561516,0.008261957205832005,-0.005403140094131231,0.7652227282524109,-0.026110975071787834,0.03125,0.6246324777603149,0.016044961288571358,0.8312499999999999,0.9236010909080505,0.6156070828437805,,,,,,,,,,,,,
82,C0,48,96,3936,0.009994385426243172,0.12410091312023278,0.007501169573515654,-0.006023593246936798,0.742291271686554,0.008034544065594673,0.0520833320915699,0.4616551697254181,0.005633611232042313,0.81875,0.9544131755828857,0.5310719013214111,,,,,,,,,,,,,
83,C0,48,96,3984,-0.05016112036009628,0.12805527736957234,0.008102435618638992,-0.01726696453988552,0.7693520188331604,-0.00713229738175869,0.1875,0.30582159757614136,0.04872109368443489,0.88125,0.9780697822570801,0.5480284690856934,,,,,,,,,,,,,
84,C0,48,96,4032,0.03503728808959327,0.13863834001980518,0.009484739974141121,-0.0020955156069248915,0.7373480200767517,0.013880074955523014,0.02083333395421505,0.49575018882751465,0.018435854464769363,0.8562500000000001,0.979417085647583,0.48692426085472107,,,,,,,,,,,,,
85,C0,48,96,4080,-0.013615548536181432,0.13583478424758372,0.009392132051289082,-0.0027471829671412706,0.7342193722724915,-0.0004788882506545633,0.0,0.40767702460289,0.048523928970098495,0.875,0.9909985065460205,0.48019394278526306,,,,,,,,,,,,,
86,C0,48,96,4128,0.043697568779190406,0.1300904553913791,0.008579863235354424,-0.024726450443267822,0.749441921710968,0.04309285804629326,0.0729166641831398,0.8687321543693542,0.05409162864089012,0.8000000000000002,1.0126909017562866,0.4724961221218109,,,,,,,,,,,,,
87,C0,48,96,4176,-0.020689612324039115,0.13321115476993184,0.009003554470837116,-0.005383988376706839,0.7302577495574951,0.025221725925803185,0.1041666641831398,0.5930298566818237,0.056520089507102966,0.8312500000000002,1.0355961322784424,0.4110080897808075,,,,,,,,,,,,,
88,C0,48,96,4224,-0.004554430402815317,0.12926796160403886,0.008487819693982601,-0.0019081942737102509,0.6777486801147461,-0.013410733081400394,0.0416666679084301,0.26364585757255554,0.061926987022161484,0.8312500000000002,1.0373849868774414,0.31197988986968994,,,,,,,,,,,,,
89,C0,48,96,4272,-0.011098008140921573,0.1387587130672763,0.00948779284954071,-0.01419520378112793,0.6870712637901306,-0.003983950242400169,0.0833333358168602,0.43607649207115173,0.017680227756500244,0.86875,1.080450177192688,0.308117538690567,,,,,,,,,,,,,
90,C0,48,96,4320,0.025733050232132296,0.12202450816151142,0.007550843525677919,-0.025691533461213112,0.70323246717453,0.03047809563577175,0.0625,1.0239354372024536,0.02332913689315319,0.84375,1.113733172416687,0.29771605134010315,0.8354166666666667,0.14928940481122197,0.7,0.7,1.0,1.0,"[9, 2]",0.5138888888888888,2,0.692761328460975,1.115506649017334,0.2786728196984364,0.83125
91,C0,48,96,4368,0.009982621793945658,0.13026296410421118,0.008399362675845623,-0.012613574974238873,0.755497395992279,0.046351153403520584,0.34375,0.6931306719779968,0.04441482946276665,0.8125,1.1210566759109497,0.4026954472064972,,,,,,,,,,,,,
92,C0,48,96,4416,-0.009173876124123709,0.12579371998038663,0.007888390682637691,-0.026092492043972015,0.7099499702453613,0.023868130519986153,0.03125,0.9281651377677917,0.017241278663277626,0.81875,1.021220326423645,0.37122201919555664,,,,,,,,,,,,,
93,C0,48,96,4464,-0.01903957004100082,0.13067723027606473,0.008550883270800114,0.004512751940637827,0.6925861239433289,0.044112157076597214,0.03125,0.6122158765792847,0.014632193371653557,0.8374999999999999,0.9570999145507812,0.41792377829551697,,,,,,,,,,,,,
94,C0,48,96,4512,0.023514226287603402,0.13568136921010493,0.008963075466454029,-0.007740553468465805,0.65196692943573,0.007715136278420687,0.02083333395421505,0.3203028738498688,0.010019383393228054,0.81875,0.9122143387794495,0.37698373198509216,,,,,,,,,,,,,
95,C0,48,96,4560,-0.022676863672832625,0.13080278277062685,0.008523085154592991,-0.0201959777623415,0.6093826293945312,0.00617982679978013,0.0833333358168602,0.5589464902877808,0.022139541804790497,0.85,0.8369045853614807,0.37364768981933594,,,,,,,,,,,,,
96,C0,48,96,4608,-0.0024015138074755457,0.13001048269128243,0.00862178485840559,-0.009225547313690186,0.6203928589820862,0.017414910718798637,0.09375,0.5578966736793518,0.04951324313879013,0.85,0.7398350834846497,0.49161574244499207,,,,,,,,,,,,,
97,C0,48,96,4656,0.020233855480949105,0.13230336764609807,0.0088403495028615,-0.0027909688651561737,0.5412207245826721,0.03297936171293259,0.0416666679084301,0.283680260181427,0.04205085337162018,0.85,0.7046641707420349,0.36996984481811523,,,,,,,,,,,,,
98,C0,48,96,4704,-0.006236690774559947,0.12980340663316425,0.008411974646151066,-0.0075499266386032104,0.535796582698822,0.004711334127932787,0.010416666977107525,0.5395249128341675,0.0032187611795961857,0.8312499999999999,0.6811432242393494,0.3942560851573944,,,,,,,,,,,,,
99,C0,48,96,4752,-0.009376568814118679,0.13493163417196788,0.009057750925421715,-0.0065555148757994175,0.48187220096588135,-0.0057909260503947735,0.010416666977107525,0.41451361775398254,0.022890059277415276,0.8312499999999999,0.6110756397247314,0.33579447865486145,,,,,,,,,,,,,
100,C0,48,96,4800,0.023584926883379643,0.12875173456143063,0.008287080563604832,-0.010136156342923641,0.437593549489975,0.0024174179416149855,0.0416666679084301,0.20003990828990936,0.027836527675390244,0.81875,0.5288388729095459,0.3329974114894867,0.8354166666666667,0.14928940481122197,0.7,0.7,1.0,1.0,"[9, 25]",0.5208333333333334,2,0.6922788736563188,0.529199481010437,0.41122950199577546,0.83125
