rollout_id,theta_test_id,u_req_true,posterior_mean_U,u_ctrl_final
0,31,0.0,5.353756913823721e-178,0.96
1,31,0.0,0.0,0.96
2,5,0.0,0.0,0.96
3,3,0.0,0.0,0.96
4,4,0.32,0.0,0.96
5,17,0.0,0.0,0.96
6,25,0.0,0.0,0.96
7,25,0.0,3.4246735716853473e-79,0.96
8,25,0.0,2.2959302921191654e-149,0.96
9,30,0.0,1.0897276575237052e-32,0.96
10,17,0.0,0.0,0.96
11,8,0.0,0.0,0.96
12,28,0.0,0.0,0.96
13,20,0.0,0.0,0.96
14,16,0.0,1.814966236275837e-08,0.96
15,30,0.0,0.0,0.96
16,1,0.0,0.0,0.96
17,23,0.0,0.0001947511414682646,0.96
18,27,0.0,0.0,0.96
19,25,0.0,0.0,0.96
20,15,0.0,2.582489924192263e-20,0.96
21,5,0.0,0.0,0.96
22,1,0.0,0.0,0.96
23,4,0.32,0.0,0.96
24,17,0.0,0.0,0.96
25,5,0.0,1.3108736515812396e-126,0.96
26,12,0.0,0.0,0.96
27,14,0.0,0.4,1.2
28,6,0.0,5.864651087647757e-237,0.96
29,20,0.0,0.0,0.96
30,21,0.0,1.9932029732611652e-128,0.96
31,13,0.0,6.183811431630615e-67,0.96
32,5,0.0,1.4569518896946414e-205,0.96
33,22,0.08,0.0,0.96
34,24,0.0,8.821646007109355e-86,0.96
35,25,0.0,0.4,1.2
36,11,0.0,7.012337222558523e-08,0.96
37,27,0.0,0.0,0.96
38,31,0.0,0.0,0.96
39,28,0.0,0.0,0.96
40,13,0.0,5.356779052881036e-210,0.96
41,28,0.0,4.8486233211394724e-05,0.96
42,24,0.0,8.616296676731565e-58,0.96
43,27,0.0,4.1958052971528976e-107,0.96
44,10,0.0,0.3999999999937474,1.2
45,13,0.0,0.0,0.96
46,24,0.0,2.681301924356494e-45,0.96
47,24,0.0,1.2339050611457605e-29,0.96
48,0,0.0,1.728480559391166e-88,0.96
49,24,0.0,0.11814241095607873,1.12
50,31,0.0,4.079039927317929e-160,0.96
51,5,0.0,9.197761218016346e-26,0.96
52,6,0.0,0.0,0.96
53,18,0.0,3.456161318748637e-17,0.96
54,21,0.0,0.0,0.96
55,11,0.0,0.0,0.96
56,8,0.0,2.0366133964375193e-151,0.96
57,3,0.0,5.678216829973101e-149,0.96
58,21,0.0,0.0,0.96
59,10,0.0,1.0355994183688519e-68,0.96
60,16,0.0,0.0,0.96
61,7,0.0,0.4,1.2
62,16,0.0,4.080780049359152e-79,0.96
63,24,0.0,5.777185560873493e-255,0.96
64,7,0.0,1.3004727462477228e-09,0.96
65,13,0.0,0.0,0.96
66,21,0.0,0.0,0.96
67,22,0.08,0.0,0.96
68,3,0.0,2.484859537922348e-158,0.96
69,8,0.0,0.0,0.96
70,19,0.0,0.0,0.96
71,25,0.0,0.0,0.96
72,19,0.0,0.0,0.96
73,13,0.0,3.2849092599589577e-63,0.96
74,0,0.0,0.0,0.96
75,24,0.0,5.724536259075784e-73,0.96
76,31,0.0,2.2264072893640847e-09,0.96
77,23,0.0,0.0,0.96
78,3,0.0,1.0236061579582072e-52,0.96
79,17,0.0,6.545195656962375e-106,0.96
80,13,0.0,1.288984496733679e-291,0.96
81,0,0.0,0.4,1.2
82,2,0.0,7.236462005372544e-26,0.96
83,11,0.0,9.487885563108838e-181,0.96
84,14,0.0,0.0,0.96
85,2,0.0,5.207485821753426e-07,0.96
86,27,0.0,2.4228200593154546e-26,0.96
87,1,0.0,1.1500020516136735e-85,0.96
88,31,0.0,2.366372455535365e-98,0.96
89,24,0.0,1.2612667896632824e-133,0.96
90,30,0.0,7.122255426026433e-38,0.96
91,16,0.0,0.0,0.96
92,29,0.0,1.2035010293521747e-27,0.96
93,6,0.0,0.0,0.96
94,12,0.0,0.0,0.96
95,26,0.0,7.623425440926953e-93,0.96
96,19,0.0,1.344245822934076e-70,0.96
97,28,0.0,2.1564979175899608e-151,0.96
98,6,0.0,0.0,0.96
99,15,0.0,1.4006607128719587e-238,0.96
100,20,0.0,8.755221090496406e-13,0.96
101,8,0.0,2.4916363378484467e-75,0.96
102,17,0.0,6.430350635514736e-129,0.96
103,12,0.0,7.059829942900924e-72,0.96
104,14,0.0,1.3547464960194663e-33,0.96
105,14,0.0,8.264113716745357e-253,0.96
106,10,0.0,2.85941551361585e-63,0.96
107,6,0.0,0.0,0.96
108,15,0.0,1.0133819955475651e-245,0.96
109,22,0.08,0.0,0.96
110,26,0.0,0.0,0.96
111,1,0.0,3.1996265882679288e-50,0.96
112,31,0.0,1.390786135740025e-33,0.96
113,1,0.0,3.160028691181617e-200,0.96
114,1,0.0,1.3813218042116943e-69,0.96
115,18,0.0,1.2627670236454e-311,0.96
116,23,0.0,0.0,0.96
117,5,0.0,3.060896857511027e-84,0.96
118,10,0.0,0.0,0.96
119,12,0.0,2.4408869947221303e-30,0.96
120,29,0.0,1.2494956134491155e-30,0.96
121,19,0.0,1.1828694112363396e-20,0.96
122,30,0.0,1.9156801059703984e-12,0.96
123,30,0.0,0.0,0.96
124,3,0.0,1.3294717196722325e-76,0.96
125,22,0.08,1.5950169977290943e-275,0.96
126,15,0.0,3.178774645908148e-08,0.96
127,19,0.0,0.4,1.2
128,31,0.0,2.0602970757199576e-93,0.96
129,15,0.0,4.8830834403247343e-141,0.96
130,22,0.08,0.0,0.96
131,25,0.0,0.0,0.96
132,4,0.32,2.262340398271174e-220,0.96
133,27,0.0,1.4774772935650597e-87,0.96
134,24,0.0,0.0,0.96
135,30,0.0,6.965269783761862e-29,0.96
136,0,0.0,0.15999999996886657,1.12
137,13,0.0,0.0,0.96
138,6,0.0,2.747239040900512e-16,0.96
139,24,0.0,0.0,0.96
140,0,0.0,1.8566942755183842e-118,0.96
141,4,0.32,1.144087474109696e-53,0.96
142,28,0.0,4.379948601705085e-39,0.96
143,26,0.0,4.4682877921806767e-138,0.96
144,6,0.0,2.869324143212022e-103,0.96
145,11,0.0,0.0,0.96
146,28,0.0,0.0,0.96
147,1,0.0,0.0,0.96
148,7,0.0,0.4,1.2
149,28,0.0,0.0,0.96
150,12,0.0,0.0,0.96
151,20,0.0,5.2968759514773265e-95,0.96
152,21,0.0,3.949172605230581e-107,0.96
153,29,0.0,1.0969288398087241e-124,0.96
154,24,0.0,0.3999999999998495,1.2
155,19,0.0,1.0311621336260932e-31,0.96
156,11,0.0,8.304083265755084e-50,0.96
157,1,0.0,0.00028150458838444275,0.96
158,28,0.0,4.0394521527604754e-08,0.96
159,12,0.0,0.00028346843383244435,0.96
160,27,0.0,0.0,0.96
161,10,0.0,4.193238625100368e-22,0.96
162,26,0.0,3.4304484133712985e-124,0.96
163,13,0.0,0.0,0.96
164,5,0.0,0.0,0.96
165,26,0.0,6.540786511340843e-122,0.96
166,23,0.0,4.4353123577887214e-117,0.96
167,0,0.0,3.547094071054374e-103,0.96
168,30,0.0,0.0,0.96
169,9,0.0,1.4598571525659006e-06,0.96
170,1,0.0,1.3452265868059137e-14,0.96
171,15,0.0,1.0467406626335505e-249,0.96
172,2,0.0,2.813399433221757e-169,0.96
173,10,0.0,1.5508775305077102e-184,0.96
174,28,0.0,0.0,0.96
175,21,0.0,2.0842461006126552e-67,0.96
176,15,0.0,2.035533132050992e-10,0.96
177,25,0.0,1.613047740764935e-33,0.96
178,29,0.0,5.325866852198687e-37,0.96
179,30,0.0,1.1826278398011827e-22,0.96
180,13,0.0,9.951030753705127e-26,0.96
181,0,0.0,1.357796999466509e-111,0.96
182,31,0.0,6.578143197511924e-260,0.96
183,7,0.0,1.4070619405746779e-279,0.96
184,19,0.0,9.371486302949726e-276,0.96
185,3,0.0,9.22189738055701e-140,0.96
186,28,0.0,0.0,0.96
187,10,0.0,0.0,0.96
188,3,0.0,0.0,0.96
189,21,0.0,1.160257220476967e-78,0.96
190,27,0.0,0.0,0.96
191,8,0.0,0.0,0.96
192,8,0.0,2.7263862353490254e-21,0.96
193,4,0.32,0.0,0.96
194,10,0.0,0.0,0.96
195,26,0.0,0.0,0.96
196,19,0.0,1.221604457503079e-146,0.96
197,26,0.0,4.847570483196224e-122,0.96
198,30,0.0,7.032347485544041e-109,0.96
199,5,0.0,1.322731028239255e-39,0.96
200,27,0.0,5.5654034386063646e-27,0.96
201,27,0.0,0.0,0.96
202,23,0.0,1.3609755844890389e-175,0.96
203,3,0.0,1.4609307364832368e-98,0.96
204,25,0.0,3.3522343952355977e-74,0.96
205,29,0.0,0.3850969651810824,1.2
206,17,0.0,7.095102367017163e-33,0.96
207,27,0.0,1.2147237320300857e-06,0.96
208,14,0.0,1.7106324835748923e-35,0.96
209,5,0.0,4.966332141169664e-47,0.96
210,21,0.0,0.4,1.2
211,26,0.0,1.033254706820114e-14,0.96
212,21,0.0,3.876884931517938e-18,0.96
213,20,0.0,0.0,0.96
214,2,0.0,9.075691499064618e-17,0.96
215,7,0.0,1.7914792088233004e-276,0.96
216,14,0.0,5.0566556251609664e-105,0.96
217,17,0.0,3.396259854812402e-42,0.96
218,8,0.0,2.1586025783436065e-41,0.96
219,6,0.0,0.0,0.96
220,13,0.0,0.0,0.96
221,21,0.0,1.0188875051667598e-21,0.96
222,8,0.0,0.0,0.96
223,20,0.0,7.239820872856433e-115,0.96
224,24,0.0,0.0,0.96
225,20,0.0,2.2099840647657976e-06,0.96
226,11,0.0,3.1162257497770234e-07,0.96
227,19,0.0,0.0,0.96
228,13,0.0,0.0,0.96
229,3,0.0,0.0,0.96
230,26,0.0,4.719477314151052e-49,0.96
231,4,0.32,0.0,0.96
232,13,0.0,2.3305127860942564e-29,0.96
233,27,0.0,7.484775676654841e-19,0.96
234,16,0.0,0.0,0.96
235,22,0.08,1.1638745482699193e-171,0.96
236,14,0.0,0.0,0.96
237,10,0.0,5.682421801523321e-101,0.96
238,28,0.0,4.498161947680102e-32,0.96
239,15,0.0,0.0,0.96
240,15,0.0,2.4884893449322583e-08,0.96
241,24,0.0,3.505468945386913e-23,0.96
242,7,0.0,8.838098156767678e-184,0.96
243,14,0.0,1.0682852748512696e-107,0.96
244,24,0.0,6.495047153385659e-159,0.96
245,5,0.0,3.5727036132717994e-132,0.96
246,20,0.0,0.0,0.96
247,2,0.0,1.589198288030396e-101,0.96
248,10,0.0,2.2397489607592645e-18,0.96
249,14,0.0,2.990328519986317e-111,0.96
250,3,0.0,0.0,0.96
251,12,0.0,0.0,0.96
252,23,0.0,0.0004520926406226655,0.96
253,7,0.0,3.8531189975787856e-59,0.96
254,12,0.0,7.474617165195733e-201,0.96
255,8,0.0,4.585235322151289e-18,0.96
256,7,0.0,1.828242316417453e-32,0.96
257,1,0.0,1.6251322734924145e-268,0.96
258,20,0.0,0.0,0.96
259,14,0.0,5.845303605822941e-19,0.96
260,31,0.0,9.195735189010631e-32,0.96
261,22,0.08,1.7009513007479738e-133,0.96
262,16,0.0,1.6521506454843817e-27,0.96
263,7,0.0,3.1247726377784332e-27,0.96
264,5,0.0,5.763611518110153e-203,0.96
265,11,0.0,3.6499701019001664e-39,0.96
266,14,0.0,0.0,0.96
267,23,0.0,0.0,0.96
268,16,0.0,0.0,0.96
269,0,0.0,0.0,0.96
270,14,0.0,9.268941804320117e-46,0.96
271,13,0.0,0.0,0.96
272,13,0.0,3.8449828787655504e-143,0.96
273,3,0.0,5.703909205392883e-267,0.96
274,28,0.0,0.0,0.96
275,19,0.0,0.0,0.96
276,8,0.0,1.7649974330036104e-213,0.96
277,20,0.0,8.574668842090358e-33,0.96
278,7,0.0,2.3883152372349657e-34,0.96
279,29,0.0,0.0130810178794737,0.96
280,25,0.0,0.3894137413275522,1.2
281,27,0.0,0.03468896770713445,1.04
282,27,0.0,0.0,0.96
283,16,0.0,5.78936490535977e-57,0.96
284,20,0.0,5.2138169448555595e-14,0.96
285,30,0.0,0.0,0.96
286,10,0.0,0.0,0.96
287,30,0.0,1.319345537524511e-163,0.96
288,12,0.0,0.0,0.96
289,1,0.0,2.6091983472682155e-143,0.96
290,29,0.0,2.6670730052734562e-71,0.96
291,18,0.0,0.0,0.96
292,11,0.0,0.0,0.96
293,25,0.0,0.0,0.96
294,0,0.0,1.3694714929304092e-20,0.96
295,24,0.0,0.4,1.2
296,7,0.0,9.182880371434472e-16,0.96
297,1,0.0,1.3219581108479621e-306,0.96
298,3,0.0,2.1988157758436855e-32,0.96
299,25,0.0,3.5249285776084976e-296,0.96
300,16,0.0,0.0,0.96
301,3,0.0,2.8770509849526892e-65,0.96
302,8,0.0,0.0,0.96
303,20,0.0,0.0,0.96
304,29,0.0,3.0812878686467913e-51,0.96
305,27,0.0,0.0,0.96
306,8,0.0,1.3315917399905846e-101,0.96
307,14,0.0,8.643843983581322e-36,0.96
308,22,0.08,0.0,0.96
309,31,0.0,1.1939981924306097e-63,0.96
310,30,0.0,1.135110498753021e-243,0.96
311,29,0.0,2.7079988535523395e-104,0.96
312,3,0.0,1.4478128051963438e-169,0.96
313,18,0.0,3.8966224574024515e-267,0.96
314,2,0.0,2.0037156795436846e-25,0.96
315,10,0.0,4.676247510650881e-113,0.96
316,14,0.0,3.8442276929562907e-22,0.96
317,20,0.0,1.2105084331674835e-36,0.96
318,6,0.0,4.9934405921994354e-142,0.96
319,20,0.0,3.287503643975009e-29,0.96
320,29,0.0,0.0,0.96
321,15,0.0,0.0,0.96
322,29,0.0,1.5053345512660173e-67,0.96
323,22,0.08,0.0,0.96
324,6,0.0,0.0,0.96
325,30,0.0,0.0,0.96
326,21,0.0,6.978807983715142e-49,0.96
327,17,0.0,9.400291678626169e-26,0.96
328,9,0.0,7.405417189555941e-106,0.96
329,16,0.0,0.0,0.96
330,15,0.0,1.165873947581729e-24,0.96
331,2,0.0,5.661702961064987e-07,0.96
332,25,0.0,1.610573662115956e-46,0.96
333,28,0.0,1.1219241167064265e-92,0.96
334,1,0.0,0.0,0.96
335,14,0.0,0.0,0.96
336,9,0.0,0.0,0.96
337,10,0.0,4.921497054526218e-49,0.96
338,23,0.0,0.0,0.96
339,2,0.0,0.15433906476503137,1.12
340,26,0.0,0.0,0.96
341,26,0.0,1.3802217348024543e-124,0.96
342,30,0.0,8.257052849641812e-102,0.96
343,3,0.0,1.81368541333601e-251,0.96
344,28,0.0,0.0,0.96
345,6,0.0,1.3196244961292357e-102,0.96
346,18,0.0,5.7579789040276366e-34,0.96
347,9,0.0,4.3919865314084474e-21,0.96
348,13,0.0,0.0,0.96
349,27,0.0,0.0,0.96
350,8,0.0,4.1508517174271966e-151,0.96
351,22,0.08,0.0,0.96
352,18,0.0,2.9062907219274495e-43,0.96
353,26,0.0,1.1135203764299589e-258,0.96
354,12,0.0,8.914175691395467e-89,0.96
355,7,0.0,0.4,1.2
356,28,0.0,3.9639467662653125e-60,0.96
357,6,0.0,2.276192337486739e-81,0.96
358,19,0.0,1.1623967069819522e-83,0.96
359,7,0.0,2.6384302619476316e-120,0.96
360,16,0.0,0.4,1.2
361,8,0.0,3.9719535652966505e-86,0.96
362,31,0.0,5.0504517248516636e-64,0.96
363,25,0.0,0.0,0.96
364,11,0.0,5.420427476322094e-107,0.96
365,31,0.0,5.3560410191307404e-284,0.96
366,10,0.0,0.0,0.96
367,5,0.0,2.9502867303111284e-19,0.96
368,28,0.0,5.817498827267053e-64,0.96
369,9,0.0,0.0,0.96
370,9,0.0,1.0732253015064132e-29,0.96
371,13,0.0,0.0,0.96
372,26,0.0,2.962275538438494e-35,0.96
373,12,0.0,4.966253609243862e-137,0.96
374,15,0.0,0.0,0.96
375,1,0.0,0.0,0.96
376,4,0.32,1.4920665832498064e-31,0.96
377,23,0.0,3.296960672846458e-47,0.96
378,14,0.0,2.0560691500565554e-164,0.96
379,6,0.0,7.458146503754874e-08,0.96
380,13,0.0,0.0,0.96
381,26,0.0,0.0,0.96
382,0,0.0,1.4230956742909926e-25,0.96
383,26,0.0,3.807915051333702e-21,0.96
384,13,0.0,0.0,0.96
385,1,0.0,0.0,0.96
386,16,0.0,0.0,0.96
387,24,0.0,0.0,0.96
388,16,0.0,8.516656500326499e-19,0.96
389,19,0.0,0.0012637831304950814,0.96
390,2,0.0,0.0,0.96
391,22,0.08,0.0,0.96
392,20,0.0,2.751103650572715e-26,0.96
393,14,0.0,0.0,0.96
394,5,0.0,1.5120663896297995e-201,0.96
395,6,0.0,2.5581585636706255e-107,0.96
396,28,0.0,0.0,0.96
397,3,0.0,0.0,0.96
398,17,0.0,2.1934337075891422e-93,0.96
399,21,0.0,5.553326596943811e-256,0.96
400,3,0.0,2.3368053378588592e-06,0.96
401,3,0.0,0.0,0.96
402,30,0.0,0.00037358667056282616,0.96
403,26,0.0,0.0,0.96
404,24,0.0,0.0,0.96
405,22,0.08,8.690522487527464e-109,0.96
406,27,0.0,0.0,0.96
407,18,0.0,9.676526131792682e-83,0.96
408,21,0.0,5.1630209557468645e-74,0.96
409,15,0.0,0.0,0.96
410,5,0.0,2.1143657753594315e-152,0.96
411,25,0.0,0.0,0.96
412,9,0.0,2.783620102839637e-105,0.96
413,26,0.0,0.0,0.96
414,30,0.0,3.514427500450834e-30,0.96
415,31,0.0,0.0,0.96
416,10,0.0,1.1854590473154516e-133,0.96
417,28,0.0,9.025310450956303e-280,0.96
418,30,0.0,0.0,0.96
419,7,0.0,0.0,0.96
420,19,0.0,0.0,0.96
421,6,0.0,0.0,0.96
422,5,0.0,9.198797609701409e-65,0.96
423,16,0.0,2.5441817841089352e-08,0.96
424,19,0.0,4.440863328863074e-19,0.96
425,14,0.0,2.5130174957708188e-64,0.96
426,14,0.0,3.0959716721107974e-229,0.96
427,1,0.0,4.351350295064238e-66,0.96
428,13,0.0,4.499080647473657e-157,0.96
429,2,0.0,5.483829946809151e-07,0.96
430,3,0.0,0.4,1.2
431,18,0.0,2.1553793186514422e-20,0.96
432,3,0.0,0.15999032908761124,1.12
433,28,0.0,1.3192144558359591e-89,0.96
434,10,0.0,0.0,0.96
435,13,0.0,0.0,0.96
436,29,0.0,1.376572995557325e-71,0.96
437,3,0.0,2.2256552451598319e-215,0.96
438,23,0.0,1.516133818382914e-93,0.96
439,0,0.0,7.031440180354267e-97,0.96
440,18,0.0,0.0,0.96
441,31,0.0,0.0032446520877534818,0.96
442,10,0.0,9.589444325036584e-123,0.96
443,15,0.0,2.1890013893976625e-52,0.96
444,1,0.0,0.4,1.2
445,4,0.32,0.0,0.96
446,1,0.0,2.4686431543856767e-68,0.96
447,16,0.0,8.037440227293523e-180,0.96
448,26,0.0,0.0,0.96
449,19,0.0,0.0,0.96
450,5,0.0,2.26529410770548e-174,0.96
451,22,0.08,4.843764087630362e-38,0.96
452,29,0.0,1.3414019661216767e-107,0.96
453,11,0.0,0.0,0.96
454,19,0.0,0.0,0.96
455,11,0.0,0.0,0.96
456,12,0.0,0.34858932487640404,1.2
457,18,0.0,1.0489770129910008e-98,0.96
458,25,0.0,7.108735634570593e-103,0.96
459,8,0.0,4.0627802084123316e-32,0.96
460,12,0.0,0.4,1.2
461,5,0.0,3.5839321849987283e-47,0.96
462,30,0.0,0.4,1.2
463,5,0.0,2.0932739004604963e-16,0.96
464,17,0.0,1.2810565928795134e-294,0.96
465,12,0.0,0.0,0.96
466,12,0.0,1.3166621629451825e-23,0.96
467,3,0.0,6.36731890757795e-310,0.96
468,26,0.0,5.5750307645845584e-210,0.96
469,29,0.0,0.0,0.96
470,22,0.08,3.470305419103366e-99,0.96
471,27,0.0,1.5282745750305156e-209,0.96
472,16,0.0,5.061110752466075e-22,0.96
473,6,0.0,1.972651326513663e-248,0.96
474,25,0.0,2.8987331865338683e-184,0.96
475,11,0.0,3.3903788701266497e-221,0.96
476,18,0.0,3.366155931810832e-61,0.96
477,3,0.0,6.099996539937916e-82,0.96
478,11,0.0,4.463046151778329e-24,0.96
479,16,0.0,1.107694136279835e-126,0.96
480,20,0.0,2.4035929213033813e-154,0.96
481,29,0.0,0.0,0.96
482,13,0.0,6.767448699379451e-36,0.96
483,22,0.08,4.577633634096068e-28,0.96
484,1,0.0,0.0,0.96
485,0,0.0,0.0,0.96
486,23,0.0,7.82602678112574e-76,0.96
487,16,0.0,0.0,0.96
488,5,0.0,1.657589018443416e-16,0.96
489,28,0.0,0.10702110858496855,1.2
490,20,0.0,0.0,0.96
491,20,0.0,1.1492479148437211e-104,0.96
492,0,0.0,4.42280971709522e-30,0.96
493,15,0.0,2.0604229822120042e-30,0.96
494,19,0.0,0.0,0.96
495,24,0.0,1.1069674993715835e-37,0.96
496,13,0.0,0.0,0.96
497,16,0.0,1.738137852395351e-24,0.96
498,4,0.32,0.0,0.96
499,4,0.32,4.421134655126231e-33,0.96
500,10,0.0,2.9509850516072254e-106,0.96
501,4,0.32,1.4241673598885633e-50,0.96
502,16,0.0,8.959440391653501e-200,0.96
503,4,0.32,2.269906185649826e-109,0.96
504,25,0.0,1.3863707839144006e-181,0.96
505,10,0.0,4.719423784276546e-50,0.96
506,11,0.0,0.4,1.2
507,12,0.0,4.9988105487407017e-23,0.96
508,2,0.0,4.208136308595229e-10,0.96
509,16,0.0,0.0006161772287940038,0.96
510,0,0.0,0.0,0.96
511,16,0.0,4.533533984546709e-154,0.96
512,28,0.0,6.758648418994754e-67,0.96
513,29,0.0,5.701560644178363e-35,0.96
514,15,0.0,0.39999999997997293,1.2
515,31,0.0,0.0,0.96
516,11,0.0,7.576919411009422e-13,0.96
517,17,0.0,3.978227165436806e-110,0.96
518,2,0.0,0.0,0.96
519,1,0.0,6.448089350533183e-86,0.96
520,15,0.0,1.0490978580579973e-167,0.96
521,12,0.0,0.4,1.2
522,0,0.0,1.2966807109707294e-120,0.96
523,13,0.0,5.191915730981011e-171,0.96
524,22,0.08,2.882688054450529e-112,0.96
525,23,0.0,0.0,0.96
526,7,0.0,4.8512177751892726e-108,0.96
527,0,0.0,1.2739364768962398e-105,0.96
528,4,0.32,8.702497976205652e-68,0.96
529,25,0.0,3.8288388838449417e-10,0.96
530,2,0.0,1.9182633422211026e-57,0.96
531,7,0.0,3.801571929296668e-144,0.96
532,17,0.0,3.130278983690205e-132,0.96
533,19,0.0,1.0295193807332355e-216,0.96
534,13,0.0,3.666443870956097e-59,0.96
535,29,0.0,0.0,0.96
536,9,0.0,2.51103818893252e-100,0.96
537,17,0.0,5.11383804692303e-183,0.96
538,8,0.0,0.0,0.96
539,3,0.0,1.8072839345796717e-160,0.96
540,21,0.0,9.46215182597034e-85,0.96
541,0,0.0,3.8899792309473024e-06,0.96
542,26,0.0,1.8346259633487895e-77,0.96
543,15,0.0,1.0429134024779707e-102,0.96
544,10,0.0,8.131991135157766e-170,0.96
545,9,0.0,7.047680536796034e-125,0.96
546,16,0.0,2.941851682906297e-29,0.96
547,7,0.0,0.0,0.96
548,6,0.0,2.2470234581138406e-79,0.96
549,16,0.0,0.0019165939198177125,0.96
550,30,0.0,0.0,0.96
551,30,0.0,0.05481654115928118,1.04
552,31,0.0,0.0,0.96
553,30,0.0,0.0,0.96
554,26,0.0,3.7510464701440043e-103,0.96
555,29,0.0,5.822192051406633e-56,0.96
556,2,0.0,1.905932741873841e-35,0.96
557,19,0.0,1.4460421712312544e-62,0.96
558,19,0.0,8.832327931897905e-182,0.96
559,7,0.0,0.0,0.96
560,13,0.0,6.1848123358884595e-84,0.96
561,3,0.0,0.0003354479870060789,0.96
562,26,0.0,1.6469301974619419e-52,0.96
563,1,0.0,1.2884324006223547e-10,0.96
564,17,0.0,0.0,0.96
565,3,0.0,0.0,0.96
566,22,0.08,5.089412583778539e-74,0.96
567,29,0.0,0.0,0.96
568,12,0.0,7.394287177850156e-96,0.96
569,20,0.0,0.0,0.96
570,18,0.0,4.329795408375804e-87,0.96
571,18,0.0,6.199e-320,0.96
572,29,0.0,3.15903131176035e-29,0.96
573,23,0.0,7.391992141490041e-71,0.96
574,12,0.0,7.276654418364226e-109,0.96
575,27,0.0,7.020803432093326e-27,0.96
576,16,0.0,3.3214881300454535e-10,0.96
577,14,0.0,5.1794703108580185e-266,0.96
578,19,0.0,5.50078213769469e-114,0.96
579,21,0.0,0.0,0.96
580,30,0.0,1.564265721843894e-28,0.96
581,10,0.0,8.703511326540009e-243,0.96
582,24,0.0,2.0235292462911313e-10,0.96
583,10,0.0,3.3889120987748396e-51,0.96
584,7,0.0,2.8932263489675207e-68,0.96
585,10,0.0,7.700254336455799e-80,0.96
586,13,0.0,0.0,0.96
587,21,0.0,1.7557109254904075e-33,0.96
588,19,0.0,0.019461230378964963,1.04
589,10,0.0,1.8162462595098697e-07,0.96
590,9,0.0,4.390636733832533e-66,0.96
591,26,0.0,0.0,0.96
592,5,0.0,4.779876835575167e-61,0.96
593,20,0.0,2.225675645358019e-204,0.96
594,20,0.0,2.291097888352155e-280,0.96
595,19,0.0,0.0,0.96
596,16,0.0,7.278147932488898e-87,0.96
597,26,0.0,6.647882573603929e-39,0.96
598,31,0.0,7.110761221685247e-151,0.96
599,16,0.0,0.0,0.96
600,30,0.0,1.7532950855662697e-70,0.96
601,30,0.0,5.947979237468047e-55,0.96
602,16,0.0,1.2008834141266581e-128,0.96
603,4,0.32,0.0,0.96
604,9,0.0,1.7430038446873945e-23,0.96
605,21,0.0,7.990506771642209e-256,0.96
606,23,0.0,2.243788877235519e-209,0.96
607,5,0.0,5.674991884178563e-33,0.96
608,6,0.0,2.0801729351136235e-223,0.96
609,18,0.0,5.449295518988164e-93,0.96
610,16,0.0,2.4658058794981365e-59,0.96
611,17,0.0,7.445848620072047e-56,0.96
612,3,0.0,4.6555739515628096e-55,0.96
613,15,0.0,0.0,0.96
614,0,0.0,2.700751376573181e-82,0.96
615,8,0.0,2.750734548567118e-214,0.96
616,0,0.0,3.574888690225221e-94,0.96
617,11,0.0,2.4346280630213638e-113,0.96
618,31,0.0,0.0,0.96
619,31,0.0,0.0,0.96
620,2,0.0,0.0,0.96
621,22,0.08,0.0,0.96
622,28,0.0,6.140073157372146e-19,0.96
623,7,0.0,0.4,1.2
624,31,0.0,2.032415783805583e-58,0.96
625,29,0.0,1.2084141809682864e-74,0.96
626,30,0.0,1.3756009224172453e-18,0.96
627,21,0.0,5.384590251239066e-69,0.96
628,27,0.0,8.166327372886947e-215,0.96
629,31,0.0,1.1739365606751041e-39,0.96
630,11,0.0,4.855603773865723e-65,0.96
631,0,0.0,0.0,0.96
632,20,0.0,0.0,0.96
633,4,0.32,2.1570760185145843e-81,0.96
634,14,0.0,0.0,0.96
635,18,0.0,6.205843215173798e-71,0.96
636,16,0.0,5.4312183682283037e-73,0.96
637,31,0.0,0.0,0.96
638,9,0.0,0.025844437352376456,1.04
639,15,0.0,2.2537151373711686e-27,0.96
640,1,0.0,3.7067540554783446e-27,0.96
641,27,0.0,0.0,0.96
642,3,0.0,0.0,0.96
643,22,0.08,0.010965699238779091,1.04
644,22,0.08,0.0,0.96
645,3,0.0,6.167983531203536e-204,0.96
646,26,0.0,2.7054850092556914e-14,0.96
647,9,0.0,4.330536562015543e-22,0.96
648,22,0.08,0.4,1.2
649,22,0.08,0.0,0.96
650,15,0.0,0.0,0.96
651,24,0.0,0.0,0.96
652,5,0.0,4.9458672484885105e-59,0.96
653,30,0.0,6.588002920142086e-157,0.96
654,10,0.0,9.816406215579715e-47,0.96
655,23,0.0,3.546575784237534e-32,0.96
656,0,0.0,1.2080795836139487e-63,0.96
657,9,0.0,2.361723689111311e-81,0.96
658,22,0.08,7.710093609238803e-184,0.96
659,27,0.0,2.1662676374326894e-167,0.96
660,13,0.0,0.0,0.96
661,0,0.0,2.1600444466066858e-128,0.96
662,14,0.0,1.3330003021955715e-06,0.96
663,10,0.0,0.4,1.2
664,23,0.0,0.000673572004250068,0.96
665,22,0.08,0.0,0.96
666,2,0.0,2.8456035648212588e-36,0.96
667,21,0.0,1.6903499103725607e-73,0.96
668,30,0.0,2.4790265061415947e-79,0.96
669,3,0.0,1.1611057413122751e-102,0.96
670,9,0.0,4.5537764258283325e-107,0.96
671,16,0.0,2.8408030834416305e-25,0.96
672,15,0.0,0.0,0.96
673,13,0.0,0.0,0.96
674,9,0.0,5.380528872857462e-156,0.96
675,27,0.0,2.890533687692953e-227,0.96
676,28,0.0,3.2013989411499853e-156,0.96
677,22,0.08,1.962122800825143e-72,0.96
678,20,0.0,8.431826642577032e-158,0.96
679,30,0.0,2.519859313585579e-32,0.96
680,11,0.0,0.0,0.96
681,27,0.0,0.4,1.2
682,28,0.0,0.0,0.96
683,5,0.0,7.217750174397441e-41,0.96
684,1,0.0,2.7844606232560444e-205,0.96
685,7,0.0,0.0,0.96
686,16,0.0,1.7567165343848891e-06,0.96
687,30,0.0,0.0,0.96
688,2,0.0,1.1952190415102568e-185,0.96
689,19,0.0,2.232818300864166e-179,0.96
690,20,0.0,1.5317554386954835e-27,0.96
691,30,0.0,0.0,0.96
692,11,0.0,1.1691734626054176e-54,0.96
693,0,0.0,0.0,0.96
694,12,0.0,1.3337548195155467e-57,0.96
695,17,0.0,1.189305824531278e-158,0.96
696,29,0.0,0.0,0.96
697,18,0.0,1.4252933279018562e-65,0.96
698,11,0.0,5.001793815336634e-56,0.96
699,13,0.0,0.0,0.96
700,8,0.0,1.8597628599126044e-240,0.96
701,26,0.0,3.739291965598012e-132,0.96
702,19,0.0,2.148270962463843e-267,0.96
703,28,0.0,0.0,0.96
704,8,0.0,0.0,0.96
705,23,0.0,5.2452986838903223e-14,0.96
706,17,0.0,9.425319440370719e-34,0.96
707,22,0.08,2.7726766871203093e-52,0.96
708,19,0.0,3.9866276802862295e-84,0.96
709,5,0.0,0.4,1.2
710,5,0.0,1.0003161463779304e-27,0.96
711,30,0.0,1.932037043741147e-30,0.96
712,29,0.0,6.4828743311269694e-15,0.96
713,17,0.0,1.1007897620006747e-43,0.96
714,10,0.0,0.0,0.96
715,28,0.0,0.0008960731797936552,0.96
716,9,0.0,0.0,0.96
717,13,0.0,3.66083884310015e-13,0.96
718,10,0.0,5.214554553229625e-225,0.96
719,24,0.0,6.927679463209242e-121,0.96
720,11,0.0,5.339866438300776e-87,0.96
721,9,0.0,1.1928205050018716e-35,0.96
722,24,0.0,0.0,0.96
723,4,0.32,0.0,0.96
724,24,0.0,1.5595833351304698e-31,0.96
725,20,0.0,0.4,1.2
726,10,0.0,2.0102490125559286e-11,0.96
727,19,0.0,0.0,0.96
728,0,0.0,0.0,0.96
729,14,0.0,0.0031731412311453706,0.96
730,21,0.0,3.849316132900592e-100,0.96
731,7,0.0,0.0,0.96
732,21,0.0,0.0,0.96
733,21,0.0,1.1386461626063104e-13,0.96
734,31,0.0,1.0181978276934907e-164,0.96
735,7,0.0,2.24933039088276e-22,0.96
736,14,0.0,0.0,0.96
737,22,0.08,5.5035e-319,0.96
738,24,0.0,0.0,0.96
739,30,0.0,0.4,1.2
740,16,0.0,1.0737495572676019e-72,0.96
741,3,0.0,0.0,0.96
742,14,0.0,6.919085842473383e-24,0.96
743,13,0.0,0.0,0.96
744,20,0.0,5.796078913455277e-116,0.96
745,20,0.0,6.45421652557272e-104,0.96
746,28,0.0,0.0,0.96
747,23,0.0,0.0,0.96
748,24,0.0,8.499650305658196e-28,0.96
749,28,0.0,1.0546300056025984e-19,0.96
750,22,0.08,5.948102426667773e-34,0.96
751,28,0.0,8.403510260821627e-149,0.96
752,18,0.0,0.0,0.96
753,10,0.0,1.287250763128632e-07,0.96
754,20,0.0,1.1032615949070535e-93,0.96
755,20,0.0,7.142428755894083e-143,0.96
756,24,0.0,3.691324211447973e-21,0.96
757,16,0.0,0.0,0.96
758,14,0.0,0.0,0.96
759,11,0.0,0.0,0.96
760,12,0.0,1.257272804537317e-12,0.96
761,23,0.0,2.1572650896198647e-177,0.96
762,25,0.0,2.6194863057404926e-78,0.96
763,5,0.0,0.0,0.96
764,8,0.0,1.1326590960263145e-28,0.96
765,5,0.0,2.2461144863076013e-100,0.96
766,6,0.0,8.40172386865226e-94,0.96
767,3,0.0,0.0,0.96
768,2,0.0,3.784499834802729e-80,0.96
769,17,0.0,0.4,1.2
770,7,0.0,4.885147945338555e-279,0.96
771,1,0.0,0.0,0.96
772,0,0.0,3.1798556374469354e-74,0.96
773,6,0.0,0.0,0.96
774,25,0.0,8.029664355500021e-19,0.96
775,18,0.0,1.1470548498623302e-21,0.96
776,10,0.0,5.703149207062091e-144,0.96
777,4,0.32,0.0,0.96
778,31,0.0,1.1495084094987014e-34,0.96
779,2,0.0,3.0225843589589124e-34,0.96
780,2,0.0,3.1513005754641535e-232,0.96
781,2,0.0,1.3362218796063626e-09,0.96
782,23,0.0,2.1777525555303616e-56,0.96
783,17,0.0,1.549706159700563e-118,0.96
784,29,0.0,2.9126150980922133e-140,0.96
785,16,0.0,1.8352050387368443e-166,0.96
786,7,0.0,0.0,0.96
787,20,0.0,0.0,0.96
788,0,0.0,5.28503115634106e-47,0.96
789,25,0.0,3.9232096813679675e-36,0.96
790,2,0.0,1.662395132717339e-47,0.96
791,7,0.0,1.5335821622544164e-59,0.96
792,22,0.08,9.29020588692805e-111,0.96
793,23,0.0,0.0,0.96
794,30,0.0,1.5995558821099391e-282,0.96
795,7,0.0,0.0,0.96
796,17,0.0,4.918883198341022e-37,0.96
797,26,0.0,7.624390277343744e-95,0.96
798,5,0.0,1.924133635019042e-255,0.96
799,3,0.0,2.0057325350799094e-28,0.96
800,2,0.0,6.549328669718014e-24,0.96
801,28,0.0,0.05066613612873528,1.2
802,30,0.0,5.258295537556297e-72,0.96
803,14,0.0,1.37108612244797e-94,0.96
804,30,0.0,0.0,0.96
805,9,0.0,0.0,0.96
806,1,0.0,3.4381974305573046e-47,0.96
807,22,0.08,0.0,0.96
808,20,0.0,0.0,0.96
809,9,0.0,1.682342183925193e-230,0.96
810,17,0.0,3.0445098884184074e-127,0.96
811,13,0.0,0.0,0.96
812,29,0.0,0.0,0.96
813,28,0.0,2.858059938403893e-84,0.96
814,9,0.0,7.937047464883088e-139,0.96
815,30,0.0,1.7913752441660299e-199,0.96
816,17,0.0,0.0008169292513943056,0.96
817,19,0.0,7.057042372395112e-09,0.96
818,17,0.0,1.1145706252214404e-60,0.96
819,14,0.0,0.0,0.96
820,26,0.0,1.6169997485109525e-92,0.96
821,20,0.0,4.654574529877087e-12,0.96
822,29,0.0,0.0,0.96
823,10,0.0,2.337436891137665e-41,0.96
824,18,0.0,1.6517430680311076e-116,0.96
825,9,0.0,1.309831448167436e-10,0.96
826,30,0.0,0.0,0.96
827,14,0.0,8.733911157406917e-43,0.96
828,24,0.0,5.5974376537200964e-24,0.96
829,6,0.0,7.086232466456091e-16,0.96
830,29,0.0,3.531013339369653e-66,0.96
831,17,0.0,2.473361126133109e-55,0.96
832,9,0.0,7.251104508768226e-06,0.96
833,0,0.0,0.0,0.96
834,11,0.0,0.4,1.2
835,22,0.08,1.2023480367822024e-133,0.96
836,28,0.0,0.0,0.96
837,27,0.0,0.0,0.96
838,28,0.0,0.0,0.96
839,13,0.0,0.0,0.96
840,30,0.0,1.5158443080779467e-33,0.96
841,11,0.0,0.0,0.96
842,12,0.0,2.2981233541399925e-98,0.96
843,6,0.0,0.0,0.96
844,28,0.0,2.66156361267314e-30,0.96
845,3,0.0,6.794928760694212e-183,0.96
846,1,0.0,0.0,0.96
847,9,0.0,5.09843024328739e-05,0.96
848,29,0.0,0.000713891890518637,0.96
849,22,0.08,1.0384641583855432e-16,0.96
850,27,0.0,5.6925379419454114e-61,0.96
851,22,0.08,1.5473278339660281e-111,0.96
852,14,0.0,9.946686350183977e-25,0.96
853,11,0.0,0.0,0.96
854,13,0.0,0.0,0.96
855,29,0.0,1.387897752659403e-161,0.96
856,31,0.0,1.8687397555900696e-92,0.96
857,3,0.0,0.4,1.2
858,13,0.0,0.00011423065423250451,0.96
859,9,0.0,0.0,0.96
860,26,0.0,8.836262056484257e-131,0.96
861,14,0.0,0.0,0.96
862,25,0.0,0.39999637307191316,1.2
863,8,0.0,1.3630468701317264e-142,0.96
864,10,0.0,0.000291058849342418,0.96
865,26,0.0,0.0,0.96
866,8,0.0,2.2226070307589863e-34,0.96
867,22,0.08,4.007843197007122e-296,0.96
868,28,0.0,1.739458930159721e-228,0.96
869,19,0.0,0.0,0.96
870,5,0.0,0.0,0.96
871,11,0.0,0.4,1.2
872,17,0.0,1.2661958047249284e-97,0.96
873,4,0.32,0.0,0.96
874,29,0.0,9.287610083824126e-21,0.96
875,28,0.0,2.274333127497657e-112,0.96
876,28,0.0,3.2365101975698544e-06,0.96
877,19,0.0,0.0,0.96
878,7,0.0,2.531529275196128e-96,0.96
879,6,0.0,1.2839380060710076e-14,0.96
880,18,0.0,0.0,0.96
881,9,0.0,3.2752156311706838e-18,0.96
882,27,0.0,8.434362917767242e-38,0.96
883,16,0.0,0.0191128565489732,1.12
884,10,0.0,0.4,1.2
885,14,0.0,0.7999936965777787,1.2
886,27,0.0,0.0,0.96
887,0,0.0,2.2026066631088508e-20,0.96
888,11,0.0,0.0,0.96
889,19,0.0,0.0,0.96
890,24,0.0,4.0579429428232305e-205,0.96
891,3,0.0,2.071629402570795e-105,0.96
892,31,0.0,1.6896338090340487e-30,0.96
893,12,0.0,0.0,0.96
894,10,0.0,0.0,0.96
895,18,0.0,0.0,0.96
896,6,0.0,6.571764273650999e-95,0.96
897,25,0.0,1.7927688615972757e-61,0.96
898,16,0.0,3.8267723080725233e-140,0.96
899,0,0.0,6.937e-321,0.96
900,31,0.0,1.0399469089465355e-43,0.96
901,0,0.0,6.259777370085856e-10,0.96
902,28,0.0,9.318691010914307e-16,0.96
903,19,0.0,0.0,0.96
904,31,0.0,1.7562963691813493e-34,0.96
905,10,0.0,1.740211330485981e-111,0.96
906,0,0.0,4.7892418033728504e-14,0.96
907,4,0.32,9.825966221833615e-300,0.96
908,25,0.0,0.0,0.96
909,30,0.0,0.0015112480786673539,0.96
910,6,0.0,6.397332556103137e-109,0.96
911,13,0.0,0.0,0.96
912,14,0.0,4.85875319105718e-192,0.96
913,23,0.0,0.0,0.96
914,30,0.0,1.2330726676111627e-63,0.96
915,24,0.0,0.0,0.96
916,22,0.08,0.0,0.96
917,20,0.0,1.9149929776309552e-73,0.96
918,7,0.0,8.422546690710196e-107,0.96
919,16,0.0,0.4,1.2
920,19,0.0,0.4,1.2
921,22,0.08,1.0604120646889024e-58,0.96
922,16,0.0,3.3833063279412704e-26,0.96
923,0,0.0,1.1995877732127213e-27,0.96
924,22,0.08,0.0,0.96
925,31,0.0,1.32125988677994e-08,0.96
926,25,0.0,3.9138134456149167e-178,0.96
927,21,0.0,4.0177202802264665e-05,0.96
928,29,0.0,0.0,0.96
929,15,0.0,0.0,0.96
930,29,0.0,0.4,1.2
931,27,0.0,1.7284917847345546e-58,0.96
932,16,0.0,2.6068965944739377e-26,0.96
933,22,0.08,6.393587364895654e-10,0.96
934,22,0.08,0.0,0.96
935,15,0.0,1.336687870690536e-34,0.96
936,24,0.0,2.1055509721690687e-26,0.96
937,30,0.0,1.3589848646883512e-71,0.96
938,22,0.08,2.7008272771175213e-88,0.96
939,25,0.0,7.92480212955382e-116,0.96
940,24,0.0,0.0,0.96
941,14,0.0,0.0,0.96
942,14,0.0,0.0,0.96
943,27,0.0,7.092125111945511e-06,0.96
944,7,0.0,5.386867518347323e-116,0.96
945,13,0.0,1.2062485569724238e-63,0.96
946,27,0.0,1.169378373271429e-28,0.96
947,22,0.08,5.720765046052805e-44,0.96
948,25,0.0,0.0,0.96
949,1,0.0,0.0,0.96
950,20,0.0,3.206147046262402e-37,0.96
951,0,0.0,0.0,0.96
952,4,0.32,6.644947952678034e-71,0.96
953,4,0.32,0.4,1.2
954,16,0.0,0.0,0.96
955,27,0.0,7.722203468185028e-246,0.96
956,14,0.0,0.0,0.96
957,11,0.0,1.4651541643088e-196,0.96
958,31,0.0,0.4,1.2
959,22,0.08,0.0,0.96
960,10,0.0,0.0,0.96
961,7,0.0,3.565332331230344e-15,0.96
962,2,0.0,2.291936633964468e-06,0.96
963,9,0.0,0.0,0.96
964,12,0.0,0.0,0.96
965,30,0.0,0.0,0.96
966,24,0.0,0.0,0.96
967,12,0.0,0.015610160492818055,0.96
968,6,0.0,8.707208930464101e-46,0.96
969,30,0.0,6.702350560020553e-19,0.96
970,3,0.0,1.0193330236369061e-170,0.96
971,29,0.0,0.003558999663872553,0.96
972,13,0.0,0.4,1.2
973,15,0.0,3.6175419381805873e-31,0.96
974,8,0.0,1.6227624965775083e-57,0.96
975,8,0.0,0.00011364565048694987,0.96
976,16,0.0,0.03483095278157803,1.04
977,22,0.08,3.331774639946421e-176,0.96
978,21,0.0,3.265601462506398e-95,0.96
979,5,0.0,1.0706713946722024e-110,0.96
980,30,0.0,1.416984061009691e-128,0.96
981,27,0.0,0.0,0.96
982,18,0.0,0.0003918391991024595,0.96
983,20,0.0,4.6250840597886605e-45,0.96
984,10,0.0,0.15999943217930596,1.12
985,26,0.0,3.8407468579280745e-299,0.96
986,0,0.0,0.0,0.96
987,10,0.0,2.527202554596186e-08,0.96
988,29,0.0,0.39999999987590773,1.2
989,16,0.0,7.582643984528858e-127,0.96
990,11,0.0,0.0,0.96
991,13,0.0,3.6866380491562704e-72,0.96
992,18,0.0,1.4851705770118236e-15,0.96
993,27,0.0,9.815800538468465e-197,0.96
994,24,0.0,6.179386753094636e-119,0.96
995,8,0.0,1.176631902649179e-219,0.96
996,10,0.0,0.0,0.96
997,21,0.0,0.0,0.96
998,3,0.0,3.9094615780730534e-185,0.96
999,20,0.0,1.475840527236588e-66,0.96
