update,environment,trajectories_per_batch,transitions,cumulative_trajectories,advantage_mean,advantage_std,value_loss,policy_loss,entropy,approximate_kl,clip_fraction,actor_gradient_norm,value_gradient_norm,mean_training_terminal_cost,entropy_t1,entropy_t2,branch_mean_kl_from_pre_finetune,branch_selected_action_changes,branch_branch_survival_rate,branch_unique_selected_actions,branch_selected_actions,branch_policy_distributions,validation_mean_u_ctrl,validation_std_u_ctrl,validation_median_u_ctrl,validation_q10_u_ctrl,validation_q90_u_ctrl,validation_safety,validation_dominant_sequence,validation_dominant_sequence_fraction,validation_unique_sequences,validation_sequence_entropy,validation_entropy_t1,validation_entropy_t2,validation_entropy_t3,validation_unique_sequence_count,validation_xi2_action_variation_across_y1_bins,validation_xi3_action_variation_across_y1_y2_bins,validation_mi_y1_xi2,validation_mi_y1y2_xi3,validation_observation_action_mutual_information,validation_classification,validation_n_bins,validation_deterministic_policy_evaluation,best_validation_so_far,entropy_t3
1,C0,48,96,48,-0.7444560198507583,0.16968714947376473,0.02399936318397522,-0.08972669392824173,1.6578642129898071,0.01854541338980198,0.53125,0.29435667395591736,0.5892795920372009,0.86875,1.7329646348953247,1.5681246519088745,0.0,0,1.0,1,22 22 22,"[[0.0, 0.0, 0.15479692816734314, 0.0, 0.0, 0.0, 0.0, 0.0, 0.0, 0.1375695765018463, 0.0, 0.0, 0.0, 0.0, 0.1708092987537384, 0.0, 0.0, 0.0, 0.0, 0.0, 0.0, 0.0, 0.2812860310077667, 0.0, 0.0, 0.2555381953716278, 0.0, 0.0, 0.0, 0.0], [0.0, 0.0, 0.15413975715637207, 0.0, 0.0, 0.0, 0.0, 0.0, 0.0, 0.13571716845035553, 0.0, 0.0, 0.0, 0.0, 0.17249654233455658, 0.0, 0.0, 0.0, 0.0, 0.0, 0.0, 0.0, 0.2808273732662201, 0.0, 0.0, 0.2568192183971405, 0.0, 0.0, 0.0, 0.0], [0.0, 0.0, 0.1550024002790451, 0.0, 0.0, 0.0, 0.0, 0.0, 0.0, 0.13805127143859863, 0.0, 0.0, 0.0, 0.0, 0.17250646650791168, 0.0, 0.0, 0.0, 0.0, 0.0, 0.0, 0.0, 0.28040194511413574, 0.0, 0.0, 0.25403785705566406, 0.0, 0.0, 0.0, 0.0]]",0.9083333333333333,0.07592027982620246,0.9,0.8,1.0,1.0,"[14, 22, 29]",0.5833333333333334,2,0.6791932659915256,3.380241870880127,3.3534705440203347,3.3265279134114585,2,1,2,0.0,0.5636687358982013,0.5636687358982013,observation-dependent adaptive,5,True,0.9083333333333333,
2,C0,48,96,96,0.014490636383493759,0.18905178068711806,0.015969643369317055,-0.03459719195961952,1.6302553415298462,-0.018043411895632744,0.21875,0.4549916088581085,0.226878821849823,0.8562500000000001,1.6740792989730835,1.5776777267456055,0.0,0,1.0,1,22 22 22,"[[0.0, 0.0, 0.13899460434913635, 0.0, 0.0, 0.0, 0.0, 0.0, 0.0, 0.13190026581287384, 0.0, 0.0, 0.0, 0.0, 0.20996250212192535, 0.0, 0.0, 0.0, 0.0, 0.0, 0.0, 0.0, 0.2718668580055237, 0.0, 0.0, 0.24727573990821838, 0.0, 0.0, 0.0, 0.0], [0.0, 0.0, 0.13817700743675232, 0.0, 0.0, 0.0, 0.0, 0.0, 0.0, 0.13091234862804413, 0.0, 0.0, 0.0, 0.0, 0.21140702068805695, 0.0, 0.0, 0.0, 0.0, 0.0, 0.0, 0.0, 0.26658785343170166, 0.0, 0.0, 0.25291579961776733, 0.0, 0.0, 0.0, 0.0], [0.0, 0.0, 0.13780684769153595, 0.0, 0.0, 0.0, 0.0, 0.0, 0.0, 0.13335232436656952, 0.0, 0.0, 0.0, 0.0, 0.21274876594543457, 0.0, 0.0, 0.0, 0.0, 0.0, 0.0, 0.0, 0.26996469497680664, 0.0, 0.0, 0.24612733721733093, 0.0, 0.0, 0.0, 0.0]]",,,,,,,,,,,,,,,,,,,,,,,,
3,C0,48,96,144,0.024562704086303733,0.17952379353519102,0.010728436522185802,-0.027354827150702477,1.602485179901123,0.0028311077039688826,0.0729166641831398,0.2565166652202606,0.044898081570863724,0.8250000000000001,1.618727207183838,1.5726391077041626,0.0,0,1.0,1,22 22 22,"[[0.0, 0.0, 0.1663724035024643, 0.0, 0.0, 0.0, 0.0, 0.0, 0.0, 0.11528219282627106, 0.0, 0.0, 0.0, 0.0, 0.22069871425628662, 0.0, 0.0, 0.0, 0.0, 0.0, 0.0, 0.0, 0.25596103072166443, 0.0, 0.0, 0.241685688495636, 0.0, 0.0, 0.0, 0.0], [0.0, 0.0, 0.1630854308605194, 0.0, 0.0, 0.0, 0.0, 0.0, 0.0, 0.11604633927345276, 0.0, 0.0, 0.0, 0.0, 0.22359950840473175, 0.0, 0.0, 0.0, 0.0, 0.0, 0.0, 0.0, 0.24881047010421753, 0.0, 0.0, 0.24845829606056213, 0.0, 0.0, 0.0, 0.0], [0.0, 0.0, 0.1605449914932251, 0.0, 0.0, 0.0, 0.0, 0.0, 0.0, 0.11778274923563004, 0.0, 0.0, 0.0, 0.0, 0.22654420137405396, 0.0, 0.0, 0.0, 0.0, 0.0, 0.0, 0.0, 0.2546256184577942, 0.0, 0.0, 0.2405024766921997, 0.0, 0.0, 0.0, 0.0]]",,,,,,,,,,,,,,,,,,,,,,,,
4,C0,48,96,192,-0.012347205857435838,0.151552700698918,0.010652228258550167,-0.024852976202964783,1.5741616487503052,0.008154666982591152,0.0625,0.31838560104370117,0.06638768315315247,0.8250000000000001,1.5939825773239136,1.5458301305770874,0.0,0,1.0,1,25 25 25,"[[0.0, 0.0, 0.20117531716823578, 0.0, 0.0, 0.0, 0.0, 0.0, 0.0, 0.08757109940052032, 0.0, 0.0, 0.0, 0.0, 0.18221993744373322, 0.0, 0.0, 0.0, 0.0, 0.0, 0.0, 0.0, 0.2582438588142395, 0.0, 0.0, 0.27078977227211, 0.0, 0.0, 0.0, 0.0], [0.0, 0.0, 0.1954592615365982, 0.0, 0.0, 0.0, 0.0, 0.0, 0.0, 0.08940480649471283, 0.0, 0.0, 0.0, 0.0, 0.18665821850299835, 0.0, 0.0, 0.0, 0.0, 0.0, 0.0, 0.0, 0.2486286759376526, 0.0, 0.0, 0.27984896302223206, 0.0, 0.0, 0.0, 0.0], [0.0, 0.0, 0.19059909880161285, 0.0, 0.0, 0.0, 0.0, 0.0, 0.0, 0.09010155498981476, 0.0, 0.0, 0.0, 0.0, 0.19071818888187408, 0.0, 0.0, 0.0, 0.0, 0.0, 0.0, 0.0, 0.2583578824996948, 0.0, 0.0, 0.27022331953048706, 0.0, 0.0, 0.0, 0.0]]",,,,,,,,,,,,,,,,,,,,,,,,
5,C0,48,96,240,-0.08403972867131233,0.12830860072461853,0.00996366236358881,-0.02391834557056427,1.5639982223510742,0.00025305026792921126,0.125,0.4239705502986908,0.18839268386363983,0.9187500000000001,1.6185797452926636,1.5121898651123047,0.0,0,1.0,1,25 25 25,"[[0.0, 0.0, 0.2732502222061157, 0.0, 0.0, 0.0, 0.0, 0.0, 0.0, 0.07251102477312088, 0.0, 0.0, 0.0, 0.0, 0.13553939759731293, 0.0, 0.0, 0.0, 0.0, 0.0, 0.0, 0.0, 0.23758496344089508, 0.0, 0.0, 0.2811144292354584, 0.0, 0.0, 0.0, 0.0], [0.0, 0.0, 0.26142290234565735, 0.0, 0.0, 0.0, 0.0, 0.0, 0.0, 0.07479532808065414, 0.0, 0.0, 0.0, 0.0, 0.14023707807064056, 0.0, 0.0, 0.0, 0.0, 0.0, 0.0, 0.0, 0.2276841700077057, 0.0, 0.0, 0.2958604693412781, 0.0, 0.0, 0.0, 0.0], [0.0, 0.0, 0.2564888894557953, 0.0, 0.0, 0.0, 0.0, 0.0, 0.0, 0.0745587944984436, 0.0, 0.0, 0.0, 0.0, 0.14425159990787506, 0.0, 0.0, 0.0, 0.0, 0.0, 0.0, 0.0, 0.2386108934879303, 0.0, 0.0, 0.28608983755111694, 0.0, 0.0, 0.0, 0.0]]",,,,,,,,,,,,,,,,,,,,,,,,
6,C0,48,96,288,0.1175119645719727,0.14831018993475617,0.010736353695392609,-0.02361813187599182,1.5607056617736816,0.008252948522567749,0.1354166716337204,0.3577985465526581,0.12054289877414703,0.8562500000000001,1.6485520601272583,1.4689887762069702,0.0,0,1.0,1,2 2 2,"[[0.0, 0.0, 0.3777787983417511, 0.0, 0.0, 0.0, 0.0, 0.0, 0.0, 0.06559735536575317, 0.0, 0.0, 0.0, 0.0, 0.10924211144447327, 0.0, 0.0, 0.0, 0.0, 0.0, 0.0, 0.0, 0.22401782870292664, 0.0, 0.0, 0.22336386144161224, 0.0, 0.0, 0.0, 0.0], [0.0, 0.0, 0.35921066999435425, 0.0, 0.0, 0.0, 0.0, 0.0, 0.0, 0.06764288991689682, 0.0, 0.0, 0.0, 0.0, 0.11363732814788818, 0.0, 0.0, 0.0, 0.0, 0.0, 0.0, 0.0, 0.21467623114585876, 0.0, 0.0, 0.24483288824558258, 0.0, 0.0, 0.0, 0.0], [0.0, 0.0, 0.35670745372772217, 0.0, 0.0, 0.0, 0.0, 0.0, 0.0, 0.06725672632455826, 0.0, 0.0, 0.0, 0.0, 0.11702394485473633, 0.0, 0.0, 0.0, 0.0, 0.0, 0.0, 0.0, 0.22431890666484833, 0.0, 0.0, 0.2346930056810379, 0.0, 0.0, 0.0, 0.0]]",,,,,,,,,,,,,,,,,,,,,,,,
7,C0,48,96,336,-0.047983112270633364,0.140985403076013,0.010238274931907654,-0.027168720960617065,1.5433372259140015,0.01769685000181198,0.1770833283662796,0.3627322018146515,0.09528855979442596,0.8375,1.636123776435852,1.4416223764419556,0.0,0,1.0,1,2 2 2,"[[0.0, 0.0, 0.3895485997200012, 0.0, 0.0, 0.0, 0.0, 0.0, 0.0, 0.07378442585468292, 0.0, 0.0, 0.0, 0.0, 0.11471213400363922, 0.0, 0.0, 0.0, 0.0, 0.0, 0.0, 0.0, 0.27300217747688293, 0.0, 0.0, 0.1489526778459549, 0.0, 0.0, 0.0, 0.0], [0.0, 0.0, 0.3721694350242615, 0.0, 0.0, 0.0, 0.0, 0.0, 0.0, 0.07574775815010071, 0.0, 0.0, 0.0, 0.0, 0.11962693929672241, 0.0, 0.0, 0.0, 0.0, 0.0, 0.0, 0.0, 0.2671624422073364, 0.0, 0.0, 0.16529345512390137, 0.0, 0.0, 0.0, 0.0], [0.0, 0.0, 0.3662530183792114, 0.0, 0.0, 0.0, 0.0, 0.0, 0.0, 0.07607528567314148, 0.0, 0.0, 0.0, 0.0, 0.12427036464214325, 0.0, 0.0, 0.0, 0.0, 0.0, 0.0, 0.0, 0.27498114109039307, 0.0, 0.0, 0.15842020511627197, 0.0, 0.0, 0.0, 0.0]]",,,,,,,,,,,,,,,,,,,,,,,,
8,C0,48,96,384,-0.04241776936004558,0.13668880118486798,0.01073139626532793,-0.02794857881963253,1.5097135305404663,0.010363377630710602,0.02083333395421505,0.4159740209579468,0.19656069576740265,0.88125,1.5709484815597534,1.4352599382400513,0.0,0,1.0,1,22 22 22,"[[0.0, 0.0, 0.3200262188911438, 0.0, 0.0, 0.0, 0.0, 0.0, 0.0, 0.08005032688379288, 0.0, 0.0, 0.0, 0.0, 0.12106123566627502, 0.0, 0.0, 0.0, 0.0, 0.0, 0.0, 0.0, 0.3405032455921173, 0.0, 0.0, 0.13835901021957397, 0.0, 0.0, 0.0, 0.0], [0.0, 0.0, 0.3016462028026581, 0.0, 0.0, 0.0, 0.0, 0.0, 0.0, 0.08238666504621506, 0.0, 0.0, 0.0, 0.0, 0.1278356909751892, 0.0, 0.0, 0.0, 0.0, 0.0, 0.0, 0.0, 0.33619222044944763, 0.0, 0.0, 0.15193912386894226, 0.0, 0.0, 0.0, 0.0], [0.0, 0.0, 0.2949260473251343, 0.0, 0.0, 0.0, 0.0, 0.0, 0.0, 0.08328304439783096, 0.0, 0.0, 0.0, 0.0, 0.13441358506679535, 0.0, 0.0, 0.0, 0.0, 0.0, 0.0, 0.0, 0.33981919288635254, 0.0, 0.0, 0.14755821228027344, 0.0, 0.0, 0.0, 0.0]]",,,,,,,,,,,,,,,,,,,,,,,,
9,C0,48,96,432,0.04942625328401726,0.13001682011235127,0.008491807617247105,-0.030781323090195656,1.463178277015686,0.017468908801674843,0.1770833283662796,0.39216476678848267,0.08304370194673538,0.8875000000000001,1.4639854431152344,1.434457778930664,0.0,0,1.0,1,22 22 22,"[[0.0, 0.0, 0.27615296840667725, 0.0, 0.0, 0.0, 0.0, 0.0, 0.0, 0.07659824937582016, 0.0, 0.0, 0.0, 0.0, 0.11217376589775085, 0.0, 0.0, 0.0, 0.0, 0.0, 0.0, 0.0, 0.3884285092353821, 0.0, 0.0, 0.14664648473262787, 0.0, 0.0, 0.0, 0.0], [0.0, 0.0, 0.25504711270332336, 0.0, 0.0, 0.0, 0.0, 0.0, 0.0, 0.07971994578838348, 0.0, 0.0, 0.0, 0.0, 0.12166118621826172, 0.0, 0.0, 0.0, 0.0, 0.0, 0.0, 0.0, 0.38161924481391907, 0.0, 0.0, 0.1619524359703064, 0.0, 0.0, 0.0, 0.0], [0.0, 0.0, 0.24659308791160583, 0.0, 0.0, 0.0, 0.0, 0.0, 0.0, 0.08103186637163162, 0.0, 0.0, 0.0, 0.0, 0.1308985948562622, 0.0, 0.0, 0.0, 0.0, 0.0, 0.0, 0.0, 0.38208043575286865, 0.0, 0.0, 0.15939603745937347, 0.0, 0.0, 0.0, 0.0]]",,,,,,,,,,,,,,,,,,,,,,,,
10,C0,48,96,480,-0.02774348446726797,0.12813855131621243,0.0078102475963532925,-0.02557436376810074,1.397234320640564,0.02370576560497284,0.1145833358168602,0.3278331160545349,0.024096529930830002,0.8812500000000001,1.3834776878356934,1.3972649574279785,0.0,0,1.0,1,22 22 22,"[[0.0, 0.0, 0.26115965843200684, 0.0, 0.0, 0.0, 0.0, 0.0, 0.0, 0.06688226014375687, 0.0, 0.0, 0.0, 0.0, 0.10354859381914139, 0.0, 0.0, 0.0, 0.0, 0.0, 0.0, 0.0, 0.395560622215271, 0.0, 0.0, 0.1728488802909851, 0.0, 0.0, 0.0, 0.0], [0.0, 0.0, 0.23854583501815796, 0.0, 0.0, 0.0, 0.0, 0.0, 0.0, 0.07087501138448715, 0.0, 0.0, 0.0, 0.0, 0.115662582218647, 0.0, 0.0, 0.0, 0.0, 0.0, 0.0, 0.0, 0.38222503662109375, 0.0, 0.0, 0.19269151985645294, 0.0, 0.0, 0.0, 0.0], [0.0, 0.0, 0.22487875819206238, 0.0, 0.0, 0.0, 0.0, 0.0, 0.0, 0.07361733913421631, 0.0, 0.0, 0.0, 0.0, 0.1309797763824463, 0.0, 0.0, 0.0, 0.0, 0.0, 0.0, 0.0, 0.3759666085243225, 0.0, 0.0, 0.1945575624704361, 0.0, 0.0, 0.0, 0.0]]",0.9250000000000002,0.08291561975888496,0.95,0.8,1.0,1.0,"[9, 2, 10]",1.0,1,-0.0,3.2590460777282715,3.2792146603266397,3.3129616181055703,1,1,1,0.0,0.0,0.0,effectively nonadaptive,5,True,0.9083333333333333,
11,C0,48,96,528,0.018466696903109574,0.13337919320498895,0.008940363302826881,-0.041974026709795,1.356393814086914,0.02419126033782959,0.09375,0.5951413512229919,0.04075870290398598,0.86875,1.3415888547897339,1.349452018737793,0.0,0,1.0,2,2 2 22,"[[0.0, 0.0, 0.3726131319999695, 0.0, 0.0, 0.0, 0.0, 0.0, 0.0, 0.05820451304316521, 0.0, 0.0, 0.0, 0.0, 0.06913420557975769, 0.0, 0.0, 0.0, 0.0, 0.0, 0.0, 0.0, 0.34024158120155334, 0.0, 0.0, 0.15980666875839233, 0.0, 0.0, 0.0, 0.0], [0.0, 0.0, 0.34465715289115906, 0.0, 0.0, 0.0, 0.0, 0.0, 0.0, 0.06321337819099426, 0.0, 0.0, 0.0, 0.0, 0.07809196412563324, 0.0, 0.0, 0.0, 0.0, 0.0, 0.0, 0.0, 0.33105185627937317, 0.0, 0.0, 0.18298563361167908, 0.0, 0.0, 0.0, 0.0], [0.0, 0.0, 0.3177565932273865, 0.0, 0.0, 0.0, 0.0, 0.0, 0.0, 0.0681658536195755, 0.0, 0.0, 0.0, 0.0, 0.0947602316737175, 0.0, 0.0, 0.0, 0.0, 0.0, 0.0, 0.0, 0.32695111632347107, 0.0, 0.0, 0.19236613810062408, 0.0, 0.0, 0.0, 0.0]]",,,,,,,,,,,,,,,,,,,,,,,,
12,C0,48,96,576,0.01945197103917601,0.13330476782470607,0.009031020104885101,-0.010909068398177624,1.3579812049865723,0.006509978324174881,0.1145833358168602,0.5160263180732727,0.07665661722421646,0.85,1.4488087892532349,1.2997803688049316,0.0,0,1.0,1,2 2 2,"[[0.0, 0.0, 0.482828825712204, 0.0, 0.0, 0.0, 0.0, 0.0, 0.0, 0.05266980826854706, 0.0, 0.0, 0.0, 0.0, 0.05135558173060417, 0.0, 0.0, 0.0, 0.0, 0.0, 0.0, 0.0, 0.2772640585899353, 0.0, 0.0, 0.13588173687458038, 0.0, 0.0, 0.0, 0.0], [0.0, 0.0, 0.4508693516254425, 0.0, 0.0, 0.0, 0.0, 0.0, 0.0, 0.05853589251637459, 0.0, 0.0, 0.0, 0.0, 0.05776209011673927, 0.0, 0.0, 0.0, 0.0, 0.0, 0.0, 0.0, 0.2727433741092682, 0.0, 0.0, 0.160089373588562, 0.0, 0.0, 0.0, 0.0], [0.0, 0.0, 0.4050571620464325, 0.0, 0.0, 0.0, 0.0, 0.0, 0.0, 0.0671326294541359, 0.0, 0.0, 0.0, 0.0, 0.07527537643909454, 0.0, 0.0, 0.0, 0.0, 0.0, 0.0, 0.0, 0.2730293869972229, 0.0, 0.0, 0.17950546741485596, 0.0, 0.0, 0.0, 0.0]]",,,,,,,,,,,,,,,,,,,,,,,,
13,C1,48,96,624,-0.05758807225525379,0.12806981331646916,0.008136321790516376,-0.034171368926763535,1.9322627782821655,0.0045183985494077206,0.02083333395421505,0.527686357498169,0.08393941074609756,0.8895833333333334,1.9832277297973633,1.872055172920227,0.0,0,1.0,1,2 2 2,"[[0.0, 0.0, 0.5360330939292908, 0.0, 0.0, 0.0, 0.0, 0.0, 0.0, 0.04825940355658531, 0.0, 0.0, 0.0, 0.0, 0.047420475631952286, 0.0, 0.0, 0.0, 0.0, 0.0, 0.0, 0.0, 0.24218802154064178, 0.0, 0.0, 0.12609893083572388, 0.0, 0.0, 0.0, 0.0], [0.0, 0.0, 0.4990345537662506, 0.0, 0.0, 0.0, 0.0, 0.0, 0.0, 0.05473356693983078, 0.0, 0.0, 0.0, 0.0, 0.05366242304444313, 0.0, 0.0, 0.0, 0.0, 0.0, 0.0, 0.0, 0.2399626523256302, 0.0, 0.0, 0.15260683000087738, 0.0, 0.0, 0.0, 0.0], [0.0, 0.0, 0.4321806728839874, 0.0, 0.0, 0.0, 0.0, 0.0, 0.0, 0.06624024361371994, 0.0, 0.0, 0.0, 0.0, 0.07457941025495529, 0.0, 0.0, 0.0, 0.0, 0.0, 0.0, 0.0, 0.2444903552532196, 0.0, 0.0, 0.18250931799411774, 0.0, 0.0, 0.0, 0.0]]",,,,,,,,,,,,,,,,,,,,,,,,
14,C1,48,96,672,0.05100506152957678,0.12650172106769283,0.007599666249006987,-0.04371105507016182,1.8440333604812622,0.023246729746460915,0.40625,0.5738977193832397,0.03136501833796501,0.8854166666666666,1.8307523727416992,1.8225598335266113,0.0,0,1.0,1,2 2 2,"[[0.0, 0.0, 0.5989393591880798, 0.0, 0.0, 0.0, 0.0, 0.0, 0.0, 0.041492488235235214, 0.0, 0.0, 0.0, 0.0, 0.041104428470134735, 0.0, 0.0, 0.0, 0.0, 0.0, 0.0, 0.0, 0.18674436211585999, 0.0, 0.0, 0.13171939551830292, 0.0, 0.0, 0.0, 0.0], [0.0, 0.0, 0.5434572696685791, 0.0, 0.0, 0.0, 0.0, 0.0, 0.0, 0.04947774112224579, 0.0, 0.0, 0.0, 0.0, 0.04880848154425621, 0.0, 0.0, 0.0, 0.0, 0.0, 0.0, 0.0, 0.1865062415599823, 0.0, 0.0, 0.1717502921819687, 0.0, 0.0, 0.0, 0.0], [0.0, 0.0, 0.4497397541999817, 0.0, 0.0, 0.0, 0.0, 0.0, 0.0, 0.06299512088298798, 0.0, 0.0, 0.0, 0.0, 0.07254546135663986, 0.0, 0.0, 0.0, 0.0, 0.0, 0.0, 0.0, 0.19461975991725922, 0.0, 0.0, 0.22009992599487305, 0.0, 0.0, 0.0, 0.0]]",,,,,,,,,,,,,,,,,,,,,,,,
15,C1,48,96,720,-0.005425954366723684,0.13687078044557144,0.009200708009302616,-0.05211206153035164,1.7433167695999146,0.006133131217211485,0.1979166716337204,0.6273503303527832,0.0642646998167038,0.8666666666666667,1.759689211845398,1.7050442695617676,0.0,0,1.0,1,2 2 2,"[[0.0, 0.0, 0.5958160758018494, 0.0, 0.0, 0.0, 0.0, 0.0, 0.0, 0.054701607674360275, 0.0, 0.0, 0.0, 0.0, 0.046021539717912674, 0.0, 0.0, 0.0, 0.0, 0.0, 0.0, 0.0, 0.15846922993659973, 0.0, 0.0, 0.14499151706695557, 0.0, 0.0, 0.0, 0.0], [0.0, 0.0, 0.504998505115509, 0.0, 0.0, 0.0, 0.0, 0.0, 0.0, 0.07236439734697342, 0.0, 0.0, 0.0, 0.0, 0.060115523636341095, 0.0, 0.0, 0.0, 0.0, 0.0, 0.0, 0.0, 0.15956023335456848, 0.0, 0.0, 0.20296131074428558, 0.0, 0.0, 0.0, 0.0], [0.0, 0.0, 0.36651936173439026, 0.0, 0.0, 0.0, 0.0, 0.0, 0.0, 0.09990809857845306, 0.0, 0.0, 0.0, 0.0, 0.09890656918287277, 0.0, 0.0, 0.0, 0.0, 0.0, 0.0, 0.0, 0.16590525209903717, 0.0, 0.0, 0.26876068115234375, 0.0, 0.0, 0.0, 0.0]]",,,,,,,,,,,,,,,,,,,,,,,,
16,C1,48,96,768,-0.028667803205549718,0.1124871528200488,0.006749837193638086,-0.022270003333687782,1.7175054550170898,0.010180064477026463,0.125,0.4203605353832245,0.08769825100898743,0.8791666666666668,1.7847834825515747,1.663245677947998,0.0,0,1.0,1,2 2 2,"[[0.0, 0.0, 0.5818485021591187, 0.0, 0.0, 0.0, 0.0, 0.0, 0.0, 0.07391577214002609, 0.0, 0.0, 0.0, 0.0, 0.0575493723154068, 0.0, 0.0, 0.0, 0.0, 0.0, 0.0, 0.0, 0.15885372459888458, 0.0, 0.0, 0.1278325915336609, 0.0, 0.0, 0.0, 0.0], [0.0, 0.0, 0.47196251153945923, 0.0, 0.0, 0.0, 0.0, 0.0, 0.0, 0.10363174974918365, 0.0, 0.0, 0.0, 0.0, 0.07861839979887009, 0.0, 0.0, 0.0, 0.0, 0.0, 0.0, 0.0, 0.15943209826946259, 0.0, 0.0, 0.18635524809360504, 0.0, 0.0, 0.0, 0.0], [0.0, 0.0, 0.31444424390792847, 0.0, 0.0, 0.0, 0.0, 0.0, 0.0, 0.14323996007442474, 0.0, 0.0, 0.0, 0.0, 0.12935471534729004, 0.0, 0.0, 0.0, 0.0, 0.0, 0.0, 0.0, 0.1606222242116928, 0.0, 0.0, 0.2523387670516968, 0.0, 0.0, 0.0, 0.0]]",,,,,,,,,,,,,,,,,,,,,,,,
17,C1,48,96,816,0.06534459026654561,0.1356432184154319,0.00955197587609291,-0.025060921907424927,1.7154287099838257,0.01060283463448286,0.0729166641831398,0.3367692828178406,0.09207990765571594,0.8354166666666667,1.7748042345046997,1.6446729898452759,0.0,0,1.0,1,2 2 2,"[[0.0, 0.0, 0.5608105063438416, 0.0, 0.0, 0.0, 0.0, 0.0, 0.0, 0.08450420945882797, 0.0, 0.0, 0.0, 0.0, 0.06924574822187424, 0.0, 0.0, 0.0, 0.0, 0.0, 0.0, 0.0, 0.1739538460969925, 0.0, 0.0, 0.11148563772439957, 0.0, 0.0, 0.0, 0.0], [0.0, 0.0, 0.42442116141319275, 0.0, 0.0, 0.0, 0.0, 0.0, 0.0, 0.12951436638832092, 0.0, 0.0, 0.0, 0.0, 0.10418188571929932, 0.0, 0.0, 0.0, 0.0, 0.0, 0.0, 0.0, 0.1710091233253479, 0.0, 0.0, 0.17087338864803314, 0.0, 0.0, 0.0, 0.0], [0.0, 0.0, 0.24165520071983337, 0.0, 0.0, 0.0, 0.0, 0.0, 0.0, 0.1829502433538437, 0.0, 0.0, 0.0, 0.0, 0.1778601109981537, 0.0, 0.0, 0.0, 0.0, 0.0, 0.0, 0.0, 0.15647323429584503, 0.0, 0.0, 0.24106121063232422, 0.0, 0.0, 0.0, 0.0]]",,,,,,,,,,,,,,,,,,,,,,,,
18,C1,48,96,864,-0.06178932332992554,0.13092055880163672,0.008388250134885311,-0.03790978714823723,1.6837515830993652,0.013110555708408356,0.0833333358168602,0.4331657290458679,0.01846092939376831,0.8500000000000001,1.6948522329330444,1.6339753866195679,0.0,0,1.0,2,2 2 25,"[[0.0, 0.0, 0.6114562749862671, 0.0, 0.0, 0.0, 0.0, 0.0, 0.0, 0.06591103225946426, 0.0, 0.0, 0.0, 0.0, 0.0580369234085083, 0.0, 0.0, 0.0, 0.0, 0.0, 0.0, 0.0, 0.17707476019859314, 0.0, 0.0, 0.087521031498909, 0.0, 0.0, 0.0, 0.0], [0.0, 0.0, 0.4580734372138977, 0.0, 0.0, 0.0, 0.0, 0.0, 0.0, 0.1113230437040329, 0.0, 0.0, 0.0, 0.0, 0.09870068728923798, 0.0, 0.0, 0.0, 0.0, 0.0, 0.0, 0.0, 0.18034808337688446, 0.0, 0.0, 0.15155473351478577, 0.0, 0.0, 0.0, 0.0], [0.0, 0.0, 0.20047511160373688, 0.0, 0.0, 0.0, 0.0, 0.0, 0.0, 0.17902015149593353, 0.0, 0.0, 0.0, 0.0, 0.20400995016098022, 0.0, 0.0, 0.0, 0.0, 0.0, 0.0, 0.0, 0.150211364030838, 0.0, 0.0, 0.26628342270851135, 0.0, 0.0, 0.0, 0.0]]",,,,,,,,,,,,,,,,,,,,,,,,
19,C1,48,96,912,0.005270708573361242,0.12518518843187448,0.0077954549342393875,-0.041818201541900635,1.5847948789596558,0.012370992451906204,0.1354166716337204,0.41668179631233215,0.08724962174892426,0.8916666666666666,1.624573826789856,1.5046523809432983,0.0,0,1.0,2,2 2 25,"[[0.0, 0.0, 0.6940600872039795, 0.0, 0.0, 0.0, 0.0, 0.0, 0.0, 0.04394401237368584, 0.0, 0.0, 0.0, 0.0, 0.04033287987112999, 0.0, 0.0, 0.0, 0.0, 0.0, 0.0, 0.0, 0.16188064217567444, 0.0, 0.0, 0.05978237837553024, 0.0, 0.0, 0.0, 0.0], [0.0, 0.0, 0.5308818817138672, 0.0, 0.0, 0.0, 0.0, 0.0, 0.0, 0.08227574825286865, 0.0, 0.0, 0.0, 0.0, 0.0781475380063057, 0.0, 0.0, 0.0, 0.0, 0.0, 0.0, 0.0, 0.17876113951206207, 0.0, 0.0, 0.12993362545967102, 0.0, 0.0, 0.0, 0.0], [0.0, 0.0, 0.20177903771400452, 0.0, 0.0, 0.0, 0.0, 0.0, 0.0, 0.1471123993396759, 0.0, 0.0, 0.0, 0.0, 0.19099293649196625, 0.0, 0.0, 0.0, 0.0, 0.0, 0.0, 0.0, 0.1465897262096405, 0.0, 0.0, 0.31352588534355164, 0.0, 0.0, 0.0, 0.0]]",,,,,,,,,,,,,,,,,,,,,,,,
20,C1,48,96,960,0.08638159577548506,0.12227111568560638,0.008546738885343075,-0.025979600846767426,1.546648383140564,0.04161939397454262,0.1875,0.566845715045929,0.16049684584140778,0.7937500000000001,1.728455662727356,1.3959652185440063,0.0,0,1.0,1,2 2 2,"[[0.0, 0.0, 0.7911314964294434, 0.0, 0.0, 0.0, 0.0, 0.0, 0.0, 0.02302173338830471, 0.0, 0.0, 0.0, 0.0, 0.020272374153137207, 0.0, 0.0, 0.0, 0.0, 0.0, 0.0, 0.0, 0.12293501198291779, 0.0, 0.0, 0.04263928532600403, 0.0, 0.0, 0.0, 0.0], [0.0, 0.0, 0.7181476354598999, 0.0, 0.0, 0.0, 0.0, 0.0, 0.0, 0.03464023396372795, 0.0, 0.0, 0.0, 0.0, 0.03009675443172455, 0.0, 0.0, 0.0, 0.0, 0.0, 0.0, 0.0, 0.13560602068901062, 0.0, 0.0, 0.08150937408208847, 0.0, 0.0, 0.0, 0.0], [0.0, 0.0, 0.38590651750564575, 0.0, 0.0, 0.0, 0.0, 0.0, 0.0, 0.07993055880069733, 0.0, 0.0, 0.0, 0.0, 0.09106167405843735, 0.0, 0.0, 0.0, 0.0, 0.0, 0.0, 0.0, 0.1530088186264038, 0.0, 0.0, 0.29009246826171875, 0.0, 0.0, 0.0, 0.0]]",0.8916666666666666,0.09537935951882998,0.9,0.8,1.0,1.0,"[14, 2, 9]",0.6666666666666666,5,1.0986122886681098,3.140228509902954,2.865759571393331,3.280070205529531,5,2,4,0.17215754235845662,0.9830877585747854,1.155245300933242,observation-dependent adaptive,5,True,0.8916666666666666,
21,C1,48,96,1008,-0.11485655947277944,0.1326910165919183,0.00899607501924038,-0.054324179887771606,1.4693951606750488,0.024706019088625908,0.1875,0.7570686936378479,0.06823074072599411,0.8541666666666666,1.6163445711135864,1.2499184608459473,0.0,0,1.0,1,2 2 2,"[[0.0, 0.0, 0.8562148213386536, 0.0, 0.0, 0.0, 0.0, 0.0, 0.0, 0.013279005885124207, 0.0, 0.0, 0.0, 0.0, 0.011320222169160843, 0.0, 0.0, 0.0, 0.0, 0.0, 0.0, 0.0, 0.08445281535387039, 0.0, 0.0, 0.03473316505551338, 0.0, 0.0, 0.0, 0.0], [0.0, 0.0, 0.7782771587371826, 0.0, 0.0, 0.0, 0.0, 0.0, 0.0, 0.02090298756957054, 0.0, 0.0, 0.0, 0.0, 0.017806747928261757, 0.0, 0.0, 0.0, 0.0, 0.0, 0.0, 0.0, 0.09743422269821167, 0.0, 0.0, 0.08557893335819244, 0.0, 0.0, 0.0, 0.0], [0.0, 0.0, 0.5356621742248535, 0.0, 0.0, 0.0, 0.0, 0.0, 0.0, 0.039565205574035645, 0.0, 0.0, 0.0, 0.0, 0.041695039719343185, 0.0, 0.0, 0.0, 0.0, 0.0, 0.0, 0.0, 0.11681550741195679, 0.0, 0.0, 0.266262024641037, 0.0, 0.0, 0.0, 0.0]]",,,,,,,,,,,,,,,,,,,,,,,,
22,C1,48,96,1056,0.0843112786312898,0.11640561843323977,0.006832859944552183,-0.022572532296180725,1.3121929168701172,0.017618877813220024,0.1458333283662796,0.3627665340900421,0.05500909686088562,0.8250000000000001,1.464370846748352,1.1312252283096313,0.0,0,1.0,2,2 2 25,"[[0.0, 0.0, 0.8870294094085693, 0.0, 0.0, 0.0, 0.0, 0.0, 0.0, 0.009521628729999065, 0.0, 0.0, 0.0, 0.0, 0.007928336039185524, 0.0, 0.0, 0.0, 0.0, 0.0, 0.0, 0.0, 0.061660539358854294, 0.0, 0.0, 0.033860087394714355, 0.0, 0.0, 0.0, 0.0], [0.0, 0.0, 0.815786600112915, 0.0, 0.0, 0.0, 0.0, 0.0, 0.0, 0.013636157847940922, 0.0, 0.0, 0.0, 0.0, 0.011512973345816135, 0.0, 0.0, 0.0, 0.0, 0.0, 0.0, 0.0, 0.06899429112672806, 0.0, 0.0, 0.09006991982460022, 0.0, 0.0, 0.0, 0.0], [0.0, 0.0, 0.3958013355731964, 0.0, 0.0, 0.0, 0.0, 0.0, 0.0, 0.02547615021467209, 0.0, 0.0, 0.0, 0.0, 0.02944267727434635, 0.0, 0.0, 0.0, 0.0, 0.0, 0.0, 0.0, 0.07381554692983627, 0.0, 0.0, 0.47546425461769104, 0.0, 0.0, 0.0, 0.0]]",,,,,,,,,,,,,,,,,,,,,,,,
23,C1,48,96,1104,-0.043129533059895024,0.12725961987628054,0.008686070330440998,-0.02013857662677765,1.202002763748169,0.0068379975855350494,0.0520833320915699,0.4479621648788452,0.11730258166790009,0.85,1.3744316101074219,0.9970888495445251,0.0,0,1.0,2,2 2 25,"[[0.0, 0.0, 0.895431637763977, 0.0, 0.0, 0.0, 0.0, 0.0, 0.0, 0.008130840957164764, 0.0, 0.0, 0.0, 0.0, 0.006802356336265802, 0.0, 0.0, 0.0, 0.0, 0.0, 0.0, 0.0, 0.053886838257312775, 0.0, 0.0, 0.035748306661844254, 0.0, 0.0, 0.0, 0.0], [0.0, 0.0, 0.8601167798042297, 0.0, 0.0, 0.0, 0.0, 0.0, 0.0, 0.009484926238656044, 0.0, 0.0, 0.0, 0.0, 0.007844221778213978, 0.0, 0.0, 0.0, 0.0, 0.0, 0.0, 0.0, 0.054883185774087906, 0.0, 0.0, 0.06767094135284424, 0.0, 0.0, 0.0, 0.0], [0.0, 0.0, 0.23536416888237, 0.0, 0.0, 0.0, 0.0, 0.0, 0.0, 0.016488706693053246, 0.0, 0.0, 0.0, 0.0, 0.020917827263474464, 0.0, 0.0, 0.0, 0.0, 0.0, 0.0, 0.0, 0.046598516404628754, 0.0, 0.0, 0.6806308031082153, 0.0, 0.0, 0.0, 0.0]]",,,,,,,,,,,,,,,,,,,,,,,,
24,C1,48,96,1152,-0.030232088821629685,0.13597165981317155,0.010471892543137074,-0.015618868172168732,1.0990792512893677,-0.016741614788770676,0.03125,0.4252709150314331,0.15983015298843384,0.8624999999999999,1.3205732107162476,0.8475770950317383,0.0,0,1.0,2,2 2 25,"[[0.0, 0.0, 0.9109814763069153, 0.0, 0.0, 0.0, 0.0, 0.0, 0.0, 0.0063559794798493385, 0.0, 0.0, 0.0, 0.0, 0.005254814401268959, 0.0, 0.0, 0.0, 0.0, 0.0, 0.0, 0.0, 0.04355267807841301, 0.0, 0.0, 0.033855047076940536, 0.0, 0.0, 0.0, 0.0], [0.0, 0.0, 0.8930681347846985, 0.0, 0.0, 0.0, 0.0, 0.0, 0.0, 0.0069475178606808186, 0.0, 0.0, 0.0, 0.0, 0.00555667607113719, 0.0, 0.0, 0.0, 0.0, 0.0, 0.0, 0.0, 0.04253649339079857, 0.0, 0.0, 0.051891155540943146, 0.0, 0.0, 0.0, 0.0], [0.0, 0.0, 0.1972961574792862, 0.0, 0.0, 0.0, 0.0, 0.0, 0.0, 0.014230252243578434, 0.0, 0.0, 0.0, 0.0, 0.01707986183464527, 0.0, 0.0, 0.0, 0.0, 0.0, 0.0, 0.0, 0.03339754417538643, 0.0, 0.0, 0.7379962205886841, 0.0, 0.0, 0.0, 0.0]]",,,,,,,,,,,,,,,,,,,,,,,,
25,ieee5_full,48,144,1200,0.02865315682358211,0.10167780172378159,0.004927110392600298,-0.0495598129928112,2.859447956085205,0.006075640674680471,0.125,0.47272101044654846,0.08807245641946793,0.8854166666666666,2.8459012508392334,2.5366568565368652,0.0005250147660262883,0,1.0,2,2 2 25,"[[0.0, 0.0, 0.9141342639923096, 0.0, 0.0, 0.0, 0.0, 0.0, 0.0, 0.005826860666275024, 0.0, 0.0, 0.0, 0.0, 0.004899199120700359, 0.0, 0.0, 0.0, 0.0, 0.0, 0.0, 0.0, 0.04363645985722542, 0.0, 0.0, 0.03150324895977974, 0.0, 0.0, 0.0, 0.0], [0.0, 0.0, 0.9043824076652527, 0.0, 0.0, 0.0, 0.0, 0.0, 0.0, 0.006185443606227636, 0.0, 0.0, 0.0, 0.0, 0.0049965339712798595, 0.0, 0.0, 0.0, 0.0, 0.0, 0.0, 0.0, 0.041886165738105774, 0.0, 0.0, 0.042549412697553635, 0.0, 0.0, 0.0, 0.0], [0.0, 0.0, 0.20620939135551453, 0.0, 0.0, 0.0, 0.0, 0.0, 0.0, 0.015391377732157707, 0.0, 0.0, 0.0, 0.0, 0.01755346730351448, 0.0, 0.0, 0.0, 0.0, 0.0, 0.0, 0.0, 0.03186481446027756, 0.0, 0.0, 0.7289808988571167, 0.0, 0.0, 0.0, 0.0]]",,,,,,,,,,,,,,,,,,,,,,,,3.2025651931762695
26,ieee5_full,48,144,1248,-0.0023196217684944525,0.13183419045418812,0.007954447530210018,-0.03875185176730156,2.783053398132324,0.010118949227035046,0.0625,0.48278945684432983,0.02484719082713127,0.8520833333333333,2.8142192363739014,2.3716838359832764,0.007979343645274639,0,1.0,2,2 2 25,"[[0.0, 0.0, 0.9159656167030334, 0.0, 0.0, 0.0, 0.0, 0.0, 0.0, 0.005027934908866882, 0.0, 0.0, 0.0, 0.0, 0.00422153202816844, 0.0, 0.0, 0.0, 0.0, 0.0, 0.0, 0.0, 0.04198367893695831, 0.0, 0.0, 0.03280128166079521, 0.0, 0.0, 0.0, 0.0], [0.0, 0.0, 0.9105856418609619, 0.0, 0.0, 0.0, 0.0, 0.0, 0.0, 0.00521157868206501, 0.0, 0.0, 0.0, 0.0, 0.0042367856949567795, 0.0, 0.0, 0.0, 0.0, 0.0, 0.0, 0.0, 0.04073808714747429, 0.0, 0.0, 0.03922786936163902, 0.0, 0.0, 0.0, 0.0], [0.0, 0.0, 0.13066953420639038, 0.0, 0.0, 0.0, 0.0, 0.0, 0.0, 0.012715148739516735, 0.0, 0.0, 0.0, 0.0, 0.01486114226281643, 0.0, 0.0, 0.0, 0.0, 0.0, 0.0, 0.0, 0.023004088550806046, 0.0, 0.0, 0.8187500238418579, 0.0, 0.0, 0.0, 0.0]]",,,,,,,,,,,,,,,,,,,,,,,,3.1098034381866455
27,ieee5_full,48,144,1296,-0.004722154484026976,0.11083538523844287,0.0059139239601790905,-0.04601781442761421,2.819244146347046,0.019107164815068245,0.1319444477558136,0.5093293786048889,0.01938760094344616,0.875,2.830198049545288,2.5110924243927,0.00859855581074953,0,1.0,2,2 2 25,"[[0.0, 0.0, 0.9153661131858826, 0.0, 0.0, 0.0, 0.0, 0.0, 0.0, 0.00508734630420804, 0.0, 0.0, 0.0, 0.0, 0.004253402352333069, 0.0, 0.0, 0.0, 0.0, 0.0, 0.0, 0.0, 0.039733584970235825, 0.0, 0.0, 0.03555954247713089, 0.0, 0.0, 0.0, 0.0], [0.0, 0.0, 0.9110891222953796, 0.0, 0.0, 0.0, 0.0, 0.0, 0.0, 0.00528318714350462, 0.0, 0.0, 0.0, 0.0, 0.004302202723920345, 0.0, 0.0, 0.0, 0.0, 0.0, 0.0, 0.0, 0.03914916515350342, 0.0, 0.0, 0.04017630219459534, 0.0, 0.0, 0.0, 0.0], [0.0, 0.0, 0.12863995134830475, 0.0, 0.0, 0.0, 0.0, 0.0, 0.0, 0.0136647317558527, 0.0, 0.0, 0.0, 0.0, 0.015575330704450607, 0.0, 0.0, 0.0, 0.0, 0.0, 0.0, 0.0, 0.021357106044888496, 0.0, 0.0, 0.8207628726959229, 0.0, 0.0, 0.0, 0.0]]",,,,,,,,,,,,,,,,,,,,,,,,3.149301767349243
28,ieee5_full,48,144,1344,0.044042387953499934,0.11225304931309564,0.006461886689066887,-0.03778812661767006,2.832714796066284,0.02931296080350876,0.1041666641831398,0.39724722504615784,0.05303315073251724,0.8208333333333334,2.85782790184021,2.552248239517212,0.009798149578273296,0,1.0,2,2 2 25,"[[0.0, 0.0, 0.8867574334144592, 0.0, 0.0, 0.0, 0.0, 0.0, 0.0, 0.006508663762360811, 0.0, 0.0, 0.0, 0.0, 0.005629589315503836, 0.0, 0.0, 0.0, 0.0, 0.0, 0.0, 0.0, 0.04419665411114693, 0.0, 0.0, 0.05690762773156166, 0.0, 0.0, 0.0, 0.0], [0.0, 0.0, 0.8782767057418823, 0.0, 0.0, 0.0, 0.0, 0.0, 0.0, 0.006914640311151743, 0.0, 0.0, 0.0, 0.0, 0.005837959703058004, 0.0, 0.0, 0.0, 0.0, 0.0, 0.0, 0.0, 0.04402408376336098, 0.0, 0.0, 0.06494659930467606, 0.0, 0.0, 0.0, 0.0], [0.0, 0.0, 0.12903092801570892, 0.0, 0.0, 0.0, 0.0, 0.0, 0.0, 0.01602349802851677, 0.0, 0.0, 0.0, 0.0, 0.017867663875222206, 0.0, 0.0, 0.0, 0.0, 0.0, 0.0, 0.0, 0.02189956232905388, 0.0, 0.0, 0.8151783347129822, 0.0, 0.0, 0.0, 0.0]]",,,,,,,,,,,,,,,,,,,,,,,,3.132150650024414
29,ieee5_full,48,144,1392,-0.04929344004859527,0.11386197849554555,0.006279320456087589,-0.031054556369781494,2.9201180934906006,0.015683282166719437,0.0833333358168602,0.5526340007781982,0.026859985664486885,0.8270833333333334,2.844792366027832,2.7343082427978516,0.02540287934243679,0,1.0,2,2 2 25,"[[0.0, 0.0, 0.8546851277351379, 0.0, 0.0, 0.0, 0.0, 0.0, 0.0, 0.007961656898260117, 0.0, 0.0, 0.0, 0.0, 0.006961646489799023, 0.0, 0.0, 0.0, 0.0, 0.0, 0.0, 0.0, 0.05104219913482666, 0.0, 0.0, 0.0793493390083313, 0.0, 0.0, 0.0, 0.0], [0.0, 0.0, 0.8424239158630371, 0.0, 0.0, 0.0, 0.0, 0.0, 0.0, 0.008612367324531078, 0.0, 0.0, 0.0, 0.0, 0.007335148751735687, 0.0, 0.0, 0.0, 0.0, 0.0, 0.0, 0.0, 0.051084935665130615, 0.0, 0.0, 0.09054359793663025, 0.0, 0.0, 0.0, 0.0], [0.0, 0.0, 0.10298579931259155, 0.0, 0.0, 0.0, 0.0, 0.0, 0.0, 0.017162565141916275, 0.0, 0.0, 0.0, 0.0, 0.019053077325224876, 0.0, 0.0, 0.0, 0.0, 0.0, 0.0, 0.0, 0.020362326875329018, 0.0, 0.0, 0.8404362201690674, 0.0, 0.0, 0.0, 0.0]]",,,,,,,,,,,,,,,,,,,,,,,,3.1814353466033936
30,C1,48,96,1440,0.054006013219555234,0.12202157232643582,0.007577337324619293,-0.033166516572237015,1.1773643493652344,0.0025547361001372337,0.0729166641831398,0.6936055421829224,0.02446509152650833,0.7833333333333333,1.3927464485168457,0.9945907592773438,0.050007257610559464,0,1.0,2,2 2 25,"[[0.0, 0.0, 0.8341389298439026, 0.0, 0.0, 0.0, 0.0, 0.0, 0.0, 0.00873216800391674, 0.0, 0.0, 0.0, 0.0, 0.007605379913002253, 0.0, 0.0, 0.0, 0.0, 0.0, 0.0, 0.0, 0.056848473846912384, 0.0, 0.0, 0.092675119638443, 0.0, 0.0, 0.0, 0.0], [0.0, 0.0, 0.8126475811004639, 0.0, 0.0, 0.0, 0.0, 0.0, 0.0, 0.009764994494616985, 0.0, 0.0, 0.0, 0.0, 0.008283957839012146, 0.0, 0.0, 0.0, 0.0, 0.0, 0.0, 0.0, 0.057222116738557816, 0.0, 0.0, 0.1120813861489296, 0.0, 0.0, 0.0, 0.0], [0.0, 0.0, 0.07118242979049683, 0.0, 0.0, 0.0, 0.0, 0.0, 0.0, 0.016410313546657562, 0.0, 0.0, 0.0, 0.0, 0.01976672187447548, 0.0, 0.0, 0.0, 0.0, 0.0, 0.0, 0.0, 0.0176150593906641, 0.0, 0.0, 0.8750254511833191, 0.0, 0.0, 0.0, 0.0]]",0.9083333333333335,0.08620067027323831,0.9,0.8,1.0,1.0,"[9, 2, 25]",0.4166666666666667,5,1.4241299173467734,2.8959732055664062,2.673415958881378,3.1478309432665506,5,2,5,0.5636687358982013,1.3086053872534493,1.8722741231516506,observation-dependent adaptive,5,True,0.8916666666666666,
31,ieee5_full,48,144,1488,-0.06676401945064467,0.1299092718175026,0.0072214314714074135,-0.04369393363595009,2.905411958694458,-0.0016152800526469946,0.1111111119389534,0.5764195322990417,0.01852414570748806,0.8770833333333333,2.9396731853485107,2.697427749633789,0.021449001505970955,0,1.0,2,2 2 25,"[[0.0, 0.0, 0.8622933030128479, 0.0, 0.0, 0.0, 0.0, 0.0, 0.0, 0.00835347268730402, 0.0, 0.0, 0.0, 0.0, 0.007375662215054035, 0.0, 0.0, 0.0, 0.0, 0.0, 0.0, 0.0, 0.058201394975185394, 0.0, 0.0, 0.06377620249986649, 0.0, 0.0, 0.0, 0.0], [0.0, 0.0, 0.842079222202301, 0.0, 0.0, 0.0, 0.0, 0.0, 0.0, 0.009457675740122795, 0.0, 0.0, 0.0, 0.0, 0.008127128705382347, 0.0, 0.0, 0.0, 0.0, 0.0, 0.0, 0.0, 0.05852813273668289, 0.0, 0.0, 0.08180779963731766, 0.0, 0.0, 0.0, 0.0], [0.0, 0.0, 0.10555285960435867, 0.0, 0.0, 0.0, 0.0, 0.0, 0.0, 0.017934288829565048, 0.0, 0.0, 0.0, 0.0, 0.02212597243487835, 0.0, 0.0, 0.0, 0.0, 0.0, 0.0, 0.0, 0.021945107728242874, 0.0, 0.0, 0.8324417471885681, 0.0, 0.0, 0.0, 0.0]]",,,,,,,,,,,,,,,,,,,,,,,,3.0863254070281982
32,C1,48,96,1536,0.049967700769503916,0.13205677979182748,0.007827667519450188,-0.03357717767357826,1.1624943017959595,0.0050634038634598255,0.0520833320915699,0.6416779160499573,0.059891071170568466,0.8208333333333333,1.3113478422164917,1.0167127847671509,0.03688113018870354,0,1.0,2,2 2 25,"[[0.0, 0.0, 0.8287952542304993, 0.0, 0.0, 0.0, 0.0, 0.0, 0.0, 0.011327001266181469, 0.0, 0.0, 0.0, 0.0, 0.010879553854465485, 0.0, 0.0, 0.0, 0.0, 0.0, 0.0, 0.0, 0.07398343831300735, 0.0, 0.0, 0.07501474767923355, 0.0, 0.0, 0.0, 0.0], [0.0, 0.0, 0.7700932621955872, 0.0, 0.0, 0.0, 0.0, 0.0, 0.0, 0.015177248045802116, 0.0, 0.0, 0.0, 0.0, 0.014225787483155727, 0.0, 0.0, 0.0, 0.0, 0.0, 0.0, 0.0, 0.07453802973031998, 0.0, 0.0, 0.12596574425697327, 0.0, 0.0, 0.0, 0.0], [0.0, 0.0, 0.12269292771816254, 0.0, 0.0, 0.0, 0.0, 0.0, 0.0, 0.027468238025903702, 0.0, 0.0, 0.0, 0.0, 0.03471430763602257, 0.0, 0.0, 0.0, 0.0, 0.0, 0.0, 0.0, 0.029465829953551292, 0.0, 0.0, 0.7856586575508118, 0.0, 0.0, 0.0, 0.0]]",,,,,,,,,,,,,,,,,,,,,,,,
33,ieee5_full,48,144,1584,-0.026434372392131235,0.09705923504001042,0.005693970248103142,-0.0322422981262207,2.993410587310791,0.036301061511039734,0.2013888955116272,0.6388680338859558,0.08508539944887161,0.875,2.8073225021362305,3.035928726196289,0.20193243026733398,0,1.0,2,2 2 25,"[[0.0, 0.0, 0.7043532133102417, 0.0, 0.0, 0.0, 0.0, 0.0, 0.0, 0.028108401224017143, 0.0, 0.0, 0.0, 0.0, 0.028284257277846336, 0.0, 0.0, 0.0, 0.0, 0.0, 0.0, 0.0, 0.11275633424520493, 0.0, 0.0, 0.12649773061275482, 0.0, 0.0, 0.0, 0.0], [0.0, 0.0, 0.5090740323066711, 0.0, 0.0, 0.0, 0.0, 0.0, 0.0, 0.04861564561724663, 0.0, 0.0, 0.0, 0.0, 0.04996147379279137, 0.0, 0.0, 0.0, 0.0, 0.0, 0.0, 0.0, 0.10484890639781952, 0.0, 0.0, 0.28749993443489075, 0.0, 0.0, 0.0, 0.0], [0.0, 0.0, 0.07592873275279999, 0.0, 0.0, 0.0, 0.0, 0.0, 0.0, 0.05736495926976204, 0.0, 0.0, 0.0, 0.0, 0.07966936379671097, 0.0, 0.0, 0.0, 0.0, 0.0, 0.0, 0.0, 0.033817727118730545, 0.0, 0.0, 0.7532191872596741, 0.0, 0.0, 0.0, 0.0]]",,,,,,,,,,,,,,,,,,,,,,,,3.1791210174560547
34,C1,48,96,1632,-0.020824631993969268,0.1321837800782596,0.008709740824997425,-0.017856070771813393,1.3803815841674805,-0.005723719950765371,0.15625,0.5891075134277344,0.09085874259471893,0.8520833333333334,1.3292057514190674,1.4065724611282349,0.32481029629707336,1,0.6666666666666666,2,2 25 25,"[[0.0, 0.0, 0.6890718340873718, 0.0, 0.0, 0.0, 0.0, 0.0, 0.0, 0.03344124183058739, 0.0, 0.0, 0.0, 0.0, 0.03322821483016014, 0.0, 0.0, 0.0, 0.0, 0.0, 0.0, 0.0, 0.13613559305667877, 0.0, 0.0, 0.10812312364578247, 0.0, 0.0, 0.0, 0.0], [0.0, 0.0, 0.3543848693370819, 0.0, 0.0, 0.0, 0.0, 0.0, 0.0, 0.07201113551855087, 0.0, 0.0, 0.0, 0.0, 0.08039720356464386, 0.0, 0.0, 0.0, 0.0, 0.0, 0.0, 0.0, 0.10950267314910889, 0.0, 0.0, 0.38370412588119507, 0.0, 0.0, 0.0, 0.0], [0.0, 0.0, 0.06055662781000137, 0.0, 0.0, 0.0, 0.0, 0.0, 0.0, 0.06455004215240479, 0.0, 0.0, 0.0, 0.0, 0.10128476470708847, 0.0, 0.0, 0.0, 0.0, 0.0, 0.0, 0.0, 0.03594399243593216, 0.0, 0.0, 0.7376645803451538, 0.0, 0.0, 0.0, 0.0]]",,,,,,,,,,,,,,,,,,,,,,,,
35,C1,48,96,1680,0.05753132609526318,0.13191466694708012,0.009351476095616817,-0.0245788786560297,1.2680903673171997,0.025465190410614014,0.1458333283662796,0.7026442885398865,0.09143845736980438,0.8104166666666667,1.2856451272964478,1.2246776819229126,0.28513720631599426,1,0.6666666666666666,2,2 25 25,"[[0.0, 0.0, 0.7546072602272034, 0.0, 0.0, 0.0, 0.0, 0.0, 0.0, 0.021638181060552597, 0.0, 0.0, 0.0, 0.0, 0.020029578357934952, 0.0, 0.0, 0.0, 0.0, 0.0, 0.0, 0.0, 0.12351347506046295, 0.0, 0.0, 0.08021149039268494, 0.0, 0.0, 0.0, 0.0], [0.0, 0.0, 0.3578062355518341, 0.0, 0.0, 0.0, 0.0, 0.0, 0.0, 0.04697621613740921, 0.0, 0.0, 0.0, 0.0, 0.054319728165864944, 0.0, 0.0, 0.0, 0.0, 0.0, 0.0, 0.0, 0.09934953600168228, 0.0, 0.0, 0.44154825806617737, 0.0, 0.0, 0.0, 0.0], [0.0, 0.0, 0.0610911101102829, 0.0, 0.0, 0.0, 0.0, 0.0, 0.0, 0.035866111516952515, 0.0, 0.0, 0.0, 0.0, 0.061741285026073456, 0.0, 0.0, 0.0, 0.0, 0.0, 0.0, 0.0, 0.032098107039928436, 0.0, 0.0, 0.8092033863067627, 0.0, 0.0, 0.0, 0.0]]",,,,,,,,,,,,,,,,,,,,,,,,
36,C1,48,96,1728,-0.08092057334880033,0.1311159856374954,0.008890434168279171,-0.02168365754187107,1.1886528730392456,0.02533329278230667,0.0625,0.5188568830490112,0.07321274280548096,0.8541666666666666,1.270132064819336,1.1051691770553589,0.1937401294708252,0,1.0,2,2 2 25,"[[0.0, 0.0, 0.7822550535202026, 0.0, 0.0, 0.0, 0.0, 0.0, 0.0, 0.01976022496819496, 0.0, 0.0, 0.0, 0.0, 0.016875483095645905, 0.0, 0.0, 0.0, 0.0, 0.0, 0.0, 0.0, 0.1190846860408783, 0.0, 0.0, 0.06202450394630432, 0.0, 0.0, 0.0, 0.0], [0.0, 0.0, 0.4612305760383606, 0.0, 0.0, 0.0, 0.0, 0.0, 0.0, 0.041478876024484634, 0.0, 0.0, 0.0, 0.0, 0.04546386003494263, 0.0, 0.0, 0.0, 0.0, 0.0, 0.0, 0.0, 0.11014631390571594, 0.0, 0.0, 0.3416804075241089, 0.0, 0.0, 0.0, 0.0], [0.0, 0.0, 0.07894529402256012, 0.0, 0.0, 0.0, 0.0, 0.0, 0.0, 0.03340737521648407, 0.0, 0.0, 0.0, 0.0, 0.059254225343465805, 0.0, 0.0, 0.0, 0.0, 0.0, 0.0, 0.0, 0.03680098056793213, 0.0, 0.0, 0.7915921211242676, 0.0, 0.0, 0.0, 0.0]]",,,,,,,,,,,,,,,,,,,,,,,,
37,C1,48,96,1776,0.08394464468955994,0.12342348027851299,0.007245748769491911,-0.02859758399426937,1.2385743856430054,0.01778342016041279,0.2291666716337204,0.598198652267456,0.016398459672927856,0.81875,1.191283106803894,1.3084651231765747,0.16513347625732422,0,1.0,2,2 2 25,"[[0.0, 0.0, 0.7291968464851379, 0.0, 0.0, 0.0, 0.0, 0.0, 0.0, 0.02871696650981903, 0.0, 0.0, 0.0, 0.0, 0.024511221796274185, 0.0, 0.0, 0.0, 0.0, 0.0, 0.0, 0.0, 0.16190657019615173, 0.0, 0.0, 0.0556684285402298, 0.0, 0.0, 0.0, 0.0], [0.0, 0.0, 0.5752447247505188, 0.0, 0.0, 0.0, 0.0, 0.0, 0.0, 0.051078762859106064, 0.0, 0.0, 0.0, 0.0, 0.04993355646729469, 0.0, 0.0, 0.0, 0.0, 0.0, 0.0, 0.0, 0.1633528769016266, 0.0, 0.0, 0.16039009392261505, 0.0, 0.0, 0.0, 0.0], [0.0, 0.0, 0.16840122640132904, 0.0, 0.0, 0.0, 0.0, 0.0, 0.0, 0.06707506626844406, 0.0, 0.0, 0.0, 0.0, 0.10586906224489212, 0.0, 0.0, 0.0, 0.0, 0.0, 0.0, 0.0, 0.08569937199354172, 0.0, 0.0, 0.5729552507400513, 0.0, 0.0, 0.0, 0.0]]",,,,,,,,,,,,,,,,,,,,,,,,
38,C1,48,96,1824,-0.03127923899888992,0.12504309199933838,0.008643516339361668,-0.018882563337683678,1.2652016878128052,0.00391344353556633,0.0520833320915699,0.7311448454856873,0.1047169491648674,0.8083333333333332,1.1900101900100708,1.3218259811401367,0.18281467258930206,0,1.0,2,2 2 25,"[[0.0, 0.0, 0.7332022786140442, 0.0, 0.0, 0.0, 0.0, 0.0, 0.0, 0.024257918819785118, 0.0, 0.0, 0.0, 0.0, 0.020164409652352333, 0.0, 0.0, 0.0, 0.0, 0.0, 0.0, 0.0, 0.17526277899742126, 0.0, 0.0, 0.04711262136697769, 0.0, 0.0, 0.0, 0.0], [0.0, 0.0, 0.6698490381240845, 0.0, 0.0, 0.0, 0.0, 0.0, 0.0, 0.035273123532533646, 0.0, 0.0, 0.0, 0.0, 0.030267851427197456, 0.0, 0.0, 0.0, 0.0, 0.0, 0.0, 0.0, 0.177935391664505, 0.0, 0.0, 0.08667457103729248, 0.0, 0.0, 0.0, 0.0], [0.0, 0.0, 0.3167479634284973, 0.0, 0.0, 0.0, 0.0, 0.0, 0.0, 0.07035109400749207, 0.0, 0.0, 0.0, 0.0, 0.08876118808984756, 0.0, 0.0, 0.0, 0.0, 0.0, 0.0, 0.0, 0.13982881605625153, 0.0, 0.0, 0.3843109607696533, 0.0, 0.0, 0.0, 0.0]]",,,,,,,,,,,,,,,,,,,,,,,,
39,ieee5_full,48,144,1872,-0.05806992789533405,0.08801074728240732,0.00532552320510149,-0.04042482376098633,2.9265353679656982,0.005999595858156681,0.125,0.5291249752044678,0.16346094012260437,0.8770833333333333,2.6546082496643066,2.9747531414031982,0.2286972999572754,1,0.6666666666666666,1,2 2 2,"[[0.0, 0.0, 0.7267004251480103, 0.0, 0.0, 0.0, 0.0, 0.0, 0.0, 0.02750438265502453, 0.0, 0.0, 0.0, 0.0, 0.023202363401651382, 0.0, 0.0, 0.0, 0.0, 0.0, 0.0, 0.0, 0.171675443649292, 0.0, 0.0, 0.050917454063892365, 0.0, 0.0, 0.0, 0.0], [0.0, 0.0, 0.6725059151649475, 0.0, 0.0, 0.0, 0.0, 0.0, 0.0, 0.039499495178461075, 0.0, 0.0, 0.0, 0.0, 0.033840544521808624, 0.0, 0.0, 0.0, 0.0, 0.0, 0.0, 0.0, 0.17255564033985138, 0.0, 0.0, 0.0815984234213829, 0.0, 0.0, 0.0, 0.0], [0.0, 0.0, 0.34222349524497986, 0.0, 0.0, 0.0, 0.0, 0.0, 0.0, 0.0913488045334816, 0.0, 0.0, 0.0, 0.0, 0.11133527010679245, 0.0, 0.0, 0.0, 0.0, 0.0, 0.0, 0.0, 0.1445360630750656, 0.0, 0.0, 0.31055641174316406, 0.0, 0.0, 0.0, 0.0]]",,,,,,,,,,,,,,,,,,,,,,,,3.1583359241485596
40,C1,48,96,1920,0.048390421430269885,0.12499225442712478,0.007842455990612507,-0.018181709572672844,1.2029403448104858,0.032608307898044586,0.1145833358168602,0.47429269552230835,0.02803598903119564,0.8708333333333332,1.0975512266159058,1.274296522140503,0.2332785725593567,0,1.0,2,2 2 25,"[[0.0, 0.0, 0.7039340138435364, 0.0, 0.0, 0.0, 0.0, 0.0, 0.0, 0.034832265228033066, 0.0, 0.0, 0.0, 0.0, 0.029812786728143692, 0.0, 0.0, 0.0, 0.0, 0.0, 0.0, 0.0, 0.16884993016719818, 0.0, 0.0, 0.06257099658250809, 0.0, 0.0, 0.0, 0.0], [0.0, 0.0, 0.626434326171875, 0.0, 0.0, 0.0, 0.0, 0.0, 0.0, 0.052871301770210266, 0.0, 0.0, 0.0, 0.0, 0.04681556671857834, 0.0, 0.0, 0.0, 0.0, 0.0, 0.0, 0.0, 0.16784469783306122, 0.0, 0.0, 0.10603411495685577, 0.0, 0.0, 0.0, 0.0], [0.0, 0.0, 0.26804518699645996, 0.0, 0.0, 0.0, 0.0, 0.0, 0.0, 0.11205361783504486, 0.0, 0.0, 0.0, 0.0, 0.14334844052791595, 0.0, 0.0, 0.0, 0.0, 0.0, 0.0, 0.0, 0.12079454958438873, 0.0, 0.0, 0.3557582199573517, 0.0, 0.0, 0.0, 0.0]]",0.8833333333333334,0.06871842709362766,0.9,0.8,0.99,1.0,"[9, 2, 14]",0.5,5,1.357977854987324,2.572587013244629,2.9890950520833335,3.160016198952993,5,2,4,0.6365141682948128,1.083324782820297,1.7198389511151098,observation-dependent adaptive,5,True,0.8833333333333334,
41,ieee5_full,48,144,1968,0.0021795527829064124,0.08851671282826647,0.004231839440762997,-0.030736148357391357,2.921633243560791,0.014836360700428486,0.0416666679084301,0.5948629975318909,0.08260919153690338,0.8541666666666666,2.5936901569366455,3.0550591945648193,0.31752923130989075,0,1.0,2,2 2 25,"[[0.0, 0.0, 0.671741247177124, 0.0, 0.0, 0.0, 0.0, 0.0, 0.0, 0.04700387641787529, 0.0, 0.0, 0.0, 0.0, 0.041652120649814606, 0.0, 0.0, 0.0, 0.0, 0.0, 0.0, 0.0, 0.17287425696849823, 0.0, 0.0, 0.06672857701778412, 0.0, 0.0, 0.0, 0.0], [0.0, 0.0, 0.582554817199707, 0.0, 0.0, 0.0, 0.0, 0.0, 0.0, 0.07098933309316635, 0.0, 0.0, 0.0, 0.0, 0.06624322384595871, 0.0, 0.0, 0.0, 0.0, 0.0, 0.0, 0.0, 0.17106521129608154, 0.0, 0.0, 0.1091473400592804, 0.0, 0.0, 0.0, 0.0], [0.0, 0.0, 0.2755664885044098, 0.0, 0.0, 0.0, 0.0, 0.0, 0.0, 0.1358923316001892, 0.0, 0.0, 0.0, 0.0, 0.17572517693042755, 0.0, 0.0, 0.0, 0.0, 0.0, 0.0, 0.0, 0.13135722279548645, 0.0, 0.0, 0.2814587652683258, 0.0, 0.0, 0.0, 0.0]]",,,,,,,,,,,,,,,,,,,,,,,,3.1410186290740967
42,ieee5_full,48,144,2016,-0.0061336783188912685,0.10633456062868885,0.005734390113502741,-0.03893113136291504,2.937580108642578,0.0058479588478803635,0.0416666679084301,0.5679006576538086,0.0477728545665741,0.84375,2.656853675842285,3.022409677505493,0.3182932734489441,1,0.6666666666666666,1,2 2 2,"[[0.0, 0.0, 0.6583581566810608, 0.0, 0.0, 0.0, 0.0, 0.0, 0.0, 0.05262700095772743, 0.0, 0.0, 0.0, 0.0, 0.047297608107328415, 0.0, 0.0, 0.0, 0.0, 0.0, 0.0, 0.0, 0.16677197813987732, 0.0, 0.0, 0.07494531571865082, 0.0, 0.0, 0.0, 0.0], [0.0, 0.0, 0.6057647466659546, 0.0, 0.0, 0.0, 0.0, 0.0, 0.0, 0.0653982013463974, 0.0, 0.0, 0.0, 0.0, 0.060767762362957, 0.0, 0.0, 0.0, 0.0, 0.0, 0.0, 0.0, 0.16525058448314667, 0.0, 0.0, 0.10281868278980255, 0.0, 0.0, 0.0, 0.0], [0.0, 0.0, 0.3117048740386963, 0.0, 0.0, 0.0, 0.0, 0.0, 0.0, 0.12458129227161407, 0.0, 0.0, 0.0, 0.0, 0.16027724742889404, 0.0, 0.0, 0.0, 0.0, 0.0, 0.0, 0.0, 0.1367674171924591, 0.0, 0.0, 0.2666691541671753, 0.0, 0.0, 0.0, 0.0]]",,,,,,,,,,,,,,,,,,,,,,,,3.1478681564331055
43,ieee5_full,48,144,2064,-0.0030196930831008564,0.10220001158989281,0.004915841389447451,-0.04230121150612831,2.985039234161377,0.006506032310426235,0.125,0.5376185178756714,0.02433682419359684,0.8583333333333334,2.79459547996521,3.0267937183380127,0.34102439880371094,1,0.6666666666666666,1,2 2 2,"[[0.0, 0.0, 0.6060216426849365, 0.0, 0.0, 0.0, 0.0, 0.0, 0.0, 0.0670461654663086, 0.0, 0.0, 0.0, 0.0, 0.06359552592039108, 0.0, 0.0, 0.0, 0.0, 0.0, 0.0, 0.0, 0.16697236895561218, 0.0, 0.0, 0.09636431187391281, 0.0, 0.0, 0.0, 0.0], [0.0, 0.0, 0.6039164066314697, 0.0, 0.0, 0.0, 0.0, 0.0, 0.0, 0.06588894873857498, 0.0, 0.0, 0.0, 0.0, 0.061906710267066956, 0.0, 0.0, 0.0, 0.0, 0.0, 0.0, 0.0, 0.16539090871810913, 0.0, 0.0, 0.102897047996521, 0.0, 0.0, 0.0, 0.0], [0.0, 0.0, 0.3239089846611023, 0.0, 0.0, 0.0, 0.0, 0.0, 0.0, 0.11643285304307938, 0.0, 0.0, 0.0, 0.0, 0.15312500298023224, 0.0, 0.0, 0.0, 0.0, 0.0, 0.0, 0.0, 0.14318925142288208, 0.0, 0.0, 0.263343870639801, 0.0, 0.0, 0.0, 0.0]]",,,,,,,,,,,,,,,,,,,,,,,,3.1649818420410156
44,ieee5_full,48,144,2112,-0.016789904777242088,0.09768677795744156,0.004688443150371313,-0.044697102159261703,3.034090042114258,0.02224426157772541,0.2222222238779068,0.46670618653297424,0.0391739085316658,0.8791666666666668,2.9488909244537354,3.0073776245117188,0.33399197459220886,0,1.0,2,2 2 25,"[[0.0, 0.0, 0.549716055393219, 0.0, 0.0, 0.0, 0.0, 0.0, 0.0, 0.07508592307567596, 0.0, 0.0, 0.0, 0.0, 0.07536090165376663, 0.0, 0.0, 0.0, 0.0, 0.0, 0.0, 0.0, 0.16935843229293823, 0.0, 0.0, 0.1304786503314972, 0.0, 0.0, 0.0, 0.0], [0.0, 0.0, 0.5829419493675232, 0.0, 0.0, 0.0, 0.0, 0.0, 0.0, 0.06662169098854065, 0.0, 0.0, 0.0, 0.0, 0.06324534863233566, 0.0, 0.0, 0.0, 0.0, 0.0, 0.0, 0.0, 0.16913434863090515, 0.0, 0.0, 0.11805668473243713, 0.0, 0.0, 0.0, 0.0], [0.0, 0.0, 0.28790679574012756, 0.0, 0.0, 0.0, 0.0, 0.0, 0.0, 0.10452212393283844, 0.0, 0.0, 0.0, 0.0, 0.14833030104637146, 0.0, 0.0, 0.0, 0.0, 0.0, 0.0, 0.0, 0.13769546151161194, 0.0, 0.0, 0.3215453028678894, 0.0, 0.0, 0.0, 0.0]]",,,,,,,,,,,,,,,,,,,,,,,,3.158993721008301
45,ieee5_full,48,144,2160,0.015333303320738999,0.11152063583035994,0.0059514096938073635,-0.04213407263159752,3.013251781463623,0.021337635815143585,0.1319444477558136,0.47616180777549744,0.010377269238233566,0.875,3.0481679439544678,2.8972465991973877,0.33595356345176697,0,1.0,2,2 2 25,"[[0.0, 0.0, 0.5071310997009277, 0.0, 0.0, 0.0, 0.0, 0.0, 0.0, 0.07585182040929794, 0.0, 0.0, 0.0, 0.0, 0.07752525061368942, 0.0, 0.0, 0.0, 0.0, 0.0, 0.0, 0.0, 0.17618229985237122, 0.0, 0.0, 0.16330952942371368, 0.0, 0.0, 0.0, 0.0], [0.0, 0.0, 0.5768716335296631, 0.0, 0.0, 0.0, 0.0, 0.0, 0.0, 0.06184431537985802, 0.0, 0.0, 0.0, 0.0, 0.05666932836174965, 0.0, 0.0, 0.0, 0.0, 0.0, 0.0, 0.0, 0.1789150983095169, 0.0, 0.0, 0.12569954991340637, 0.0, 0.0, 0.0, 0.0], [0.0, 0.0, 0.27079612016677856, 0.0, 0.0, 0.0, 0.0, 0.0, 0.0, 0.09592294692993164, 0.0, 0.0, 0.0, 0.0, 0.13567964732646942, 0.0, 0.0, 0.0, 0.0, 0.0, 0.0, 0.0, 0.14070533215999603, 0.0, 0.0, 0.3568960130214691, 0.0, 0.0, 0.0, 0.0]]",,,,,,,,,,,,,,,,,,,,,,,,3.103304862976074
46,ieee5_full,48,144,2208,0.011224412028061008,0.09955916645751729,0.004990715067833662,-0.02179059013724327,3.0682835578918457,0.00568618718534708,0.0416666679084301,0.477128803730011,0.03497764468193054,0.8458333333333332,3.063502073287964,2.984351396560669,0.36654219031333923,0,1.0,2,2 2 25,"[[0.0, 0.0, 0.4898696839809418, 0.0, 0.0, 0.0, 0.0, 0.0, 0.0, 0.0781407579779625, 0.0, 0.0, 0.0, 0.0, 0.08135847747325897, 0.0, 0.0, 0.0, 0.0, 0.0, 0.0, 0.0, 0.18375974893569946, 0.0, 0.0, 0.1668713092803955, 0.0, 0.0, 0.0, 0.0], [0.0, 0.0, 0.5706002712249756, 0.0, 0.0, 0.0, 0.0, 0.0, 0.0, 0.060949817299842834, 0.0, 0.0, 0.0, 0.0, 0.05614249408245087, 0.0, 0.0, 0.0, 0.0, 0.0, 0.0, 0.0, 0.18931332230567932, 0.0, 0.0, 0.12299410253763199, 0.0, 0.0, 0.0, 0.0], [0.0, 0.0, 0.27793675661087036, 0.0, 0.0, 0.0, 0.0, 0.0, 0.0, 0.10239984095096588, 0.0, 0.0, 0.0, 0.0, 0.14251375198364258, 0.0, 0.0, 0.0, 0.0, 0.0, 0.0, 0.0, 0.1497044563293457, 0.0, 0.0, 0.3274451792240143, 0.0, 0.0, 0.0, 0.0]]",,,,,,,,,,,,,,,,,,,,,,,,3.1596879959106445
47,ieee5_full,48,144,2256,-0.008057644827167195,0.11109822193438015,0.005797490477561951,-0.055540818721055984,3.0698025226593018,0.0010657873935997486,0.1180555522441864,0.625089704990387,0.005893200635910034,0.84375,3.1014368534088135,2.986966133117676,0.4708126485347748,0,1.0,2,2 2 25,"[[0.0, 0.0, 0.4275699257850647, 0.0, 0.0, 0.0, 0.0, 0.0, 0.0, 0.10784873366355896, 0.0, 0.0, 0.0, 0.0, 0.116798035800457, 0.0, 0.0, 0.0, 0.0, 0.0, 0.0, 0.0, 0.18553675711154938, 0.0, 0.0, 0.16224651038646698, 0.0, 0.0, 0.0, 0.0], [0.0, 0.0, 0.5212010145187378, 0.0, 0.0, 0.0, 0.0, 0.0, 0.0, 0.08147943764925003, 0.0, 0.0, 0.0, 0.0, 0.07822799682617188, 0.0, 0.0, 0.0, 0.0, 0.0, 0.0, 0.0, 0.19822870194911957, 0.0, 0.0, 0.12086281180381775, 0.0, 0.0, 0.0, 0.0], [0.0, 0.0, 0.23418106138706207, 0.0, 0.0, 0.0, 0.0, 0.0, 0.0, 0.13865619897842407, 0.0, 0.0, 0.0, 0.0, 0.19473448395729065, 0.0, 0.0, 0.0, 0.0, 0.0, 0.0, 0.0, 0.1428249180316925, 0.0, 0.0, 0.2896033227443695, 0.0, 0.0, 0.0, 0.0]]",,,,,,,,,,,,,,,,,,,,,,,,3.1228857040405273
48,ieee5_full,48,144,2304,0.009122072949575045,0.1118394955018595,0.006114221177995205,-0.04581870511174202,3.039546012878418,-0.002343148458749056,0.1180555522441864,0.4841526448726654,0.008777965791523457,0.8354166666666668,3.098588705062866,2.9181673526763916,0.36437487602233887,0,1.0,2,2 2 25,"[[0.0, 0.0, 0.49983423948287964, 0.0, 0.0, 0.0, 0.0, 0.0, 0.0, 0.08707990497350693, 0.0, 0.0, 0.0, 0.0, 0.08449196070432663, 0.0, 0.0, 0.0, 0.0, 0.0, 0.0, 0.0, 0.1776842623949051, 0.0, 0.0, 0.15090958774089813, 0.0, 0.0, 0.0, 0.0], [0.0, 0.0, 0.6014326214790344, 0.0, 0.0, 0.0, 0.0, 0.0, 0.0, 0.05938783288002014, 0.0, 0.0, 0.0, 0.0, 0.050972264260053635, 0.0, 0.0, 0.0, 0.0, 0.0, 0.0, 0.0, 0.18549948930740356, 0.0, 0.0, 0.10270772129297256, 0.0, 0.0, 0.0, 0.0], [0.0, 0.0, 0.2548345923423767, 0.0, 0.0, 0.0, 0.0, 0.0, 0.0, 0.1289684772491455, 0.0, 0.0, 0.0, 0.0, 0.1651516705751419, 0.0, 0.0, 0.0, 0.0, 0.0, 0.0, 0.0, 0.13643191754817963, 0.0, 0.0, 0.3146132826805115, 0.0, 0.0, 0.0, 0.0]]",,,,,,,,,,,,,,,,,,,,,,,,3.0691442489624023
49,ieee5_full,48,144,2352,-0.01974821407960522,0.10932894239761892,0.0055274381302297115,-0.03801986947655678,3.0459535121917725,0.011250144802033901,0.0763888880610466,0.5100982785224915,0.01794935204088688,0.875,3.0851519107818604,2.959381103515625,0.3541255295276642,1,0.6666666666666666,1,2 2 2,"[[0.0, 0.0, 0.5345699787139893, 0.0, 0.0, 0.0, 0.0, 0.0, 0.0, 0.08613340556621552, 0.0, 0.0, 0.0, 0.0, 0.07145367562770844, 0.0, 0.0, 0.0, 0.0, 0.0, 0.0, 0.0, 0.1686829924583435, 0.0, 0.0, 0.13915996253490448, 0.0, 0.0, 0.0, 0.0], [0.0, 0.0, 0.6315376162528992, 0.0, 0.0, 0.0, 0.0, 0.0, 0.0, 0.05561426654458046, 0.0, 0.0, 0.0, 0.0, 0.041931167244911194, 0.0, 0.0, 0.0, 0.0, 0.0, 0.0, 0.0, 0.1763232797384262, 0.0, 0.0, 0.09459371119737625, 0.0, 0.0, 0.0, 0.0], [0.0, 0.0, 0.2998473048210144, 0.0, 0.0, 0.0, 0.0, 0.0, 0.0, 0.13926126062870026, 0.0, 0.0, 0.0, 0.0, 0.14502796530723572, 0.0, 0.0, 0.0, 0.0, 0.0, 0.0, 0.0, 0.13792818784713745, 0.0, 0.0, 0.27793529629707336, 0.0, 0.0, 0.0, 0.0]]",,,,,,,,,,,,,,,,,,,,,,,,3.1165683269500732
50,ieee5_full,48,144,2400,0.00963652017964256,0.1039068044119875,0.005254961084574461,-0.04269407317042351,3.1082544326782227,-0.0015189913101494312,0.0694444477558136,0.4541955292224884,0.013206182047724724,0.85,3.0755345821380615,3.092055320739746,0.3716686964035034,1,0.6666666666666666,1,2 2 2,"[[0.0, 0.0, 0.5302687287330627, 0.0, 0.0, 0.0, 0.0, 0.0, 0.0, 0.10095508396625519, 0.0, 0.0, 0.0, 0.0, 0.07503670454025269, 0.0, 0.0, 0.0, 0.0, 0.0, 0.0, 0.0, 0.15503372251987457, 0.0, 0.0, 0.13870581984519958, 0.0, 0.0, 0.0, 0.0], [0.0, 0.0, 0.6389994025230408, 0.0, 0.0, 0.0, 0.0, 0.0, 0.0, 0.06147475913167, 0.0, 0.0, 0.0, 0.0, 0.04245555400848389, 0.0, 0.0, 0.0, 0.0, 0.0, 0.0, 0.0, 0.16385403275489807, 0.0, 0.0, 0.09321621060371399, 0.0, 0.0, 0.0, 0.0], [0.0, 0.0, 0.30436834692955017, 0.0, 0.0, 0.0, 0.0, 0.0, 0.0, 0.16359467804431915, 0.0, 0.0, 0.0, 0.0, 0.14579416811466217, 0.0, 0.0, 0.0, 0.0, 0.0, 0.0, 0.0, 0.1275104582309723, 0.0, 0.0, 0.2587323784828186, 0.0, 0.0, 0.0, 0.0]]",0.875,0.1299038105676658,0.9,0.7,1.0,1.0,"[1, 11, 20]",0.4166666666666667,4,1.2650013752730702,3.0756356716156006,3.253464420636495,3.2659960786501565,4,2,3,0.3748900964125389,0.8239592165010822,1.198849312913621,observation-dependent adaptive,5,True,0.875,3.149866819381714
51,ieee5_full,48,144,2448,0.009355678896175485,0.10343710224060584,0.005392561201006174,-0.04419880360364914,3.016781806945801,0.006288247182965279,0.1180555522441864,0.485787034034729,0.029749466106295586,0.8354166666666667,3.026569366455078,2.9092957973480225,0.34762346744537354,1,0.6666666666666666,1,2 2 2,"[[0.0, 0.0, 0.5533589720726013, 0.0, 0.0, 0.0, 0.0, 0.0, 0.0, 0.10131862014532089, 0.0, 0.0, 0.0, 0.0, 0.07168962061405182, 0.0, 0.0, 0.0, 0.0, 0.0, 0.0, 0.0, 0.143565371632576, 0.0, 0.0, 0.1300673633813858, 0.0, 0.0, 0.0, 0.0], [0.0, 0.0, 0.6772179007530212, 0.0, 0.0, 0.0, 0.0, 0.0, 0.0, 0.05500670149922371, 0.0, 0.0, 0.0, 0.0, 0.03655146807432175, 0.0, 0.0, 0.0, 0.0, 0.0, 0.0, 0.0, 0.15034236013889313, 0.0, 0.0, 0.08088160306215286, 0.0, 0.0, 0.0, 0.0], [0.0, 0.0, 0.2942196726799011, 0.0, 0.0, 0.0, 0.0, 0.0, 0.0, 0.17673107981681824, 0.0, 0.0, 0.0, 0.0, 0.15085236728191376, 0.0, 0.0, 0.0, 0.0, 0.0, 0.0, 0.0, 0.1167297437787056, 0.0, 0.0, 0.26146718859672546, 0.0, 0.0, 0.0, 0.0]]",,,,,,,,,,,,,,,,,,,,,,,,3.084454298019409
52,ieee5_full,48,144,2496,-0.012031230008734605,0.10699965273809957,0.005479375831782818,-0.03813393414020538,3.052330493927002,0.00019822186732199043,0.0555555559694767,0.5028131008148193,0.015227352268993855,0.85,2.98818039894104,3.013589859008789,0.2481371909379959,1,0.6666666666666666,1,2 2 2,"[[0.0, 0.0, 0.6439815759658813, 0.0, 0.0, 0.0, 0.0, 0.0, 0.0, 0.07095130532979965, 0.0, 0.0, 0.0, 0.0, 0.04723105579614639, 0.0, 0.0, 0.0, 0.0, 0.0, 0.0, 0.0, 0.12589164078235626, 0.0, 0.0, 0.11194446682929993, 0.0, 0.0, 0.0, 0.0], [0.0, 0.0, 0.7585329413414001, 0.0, 0.0, 0.0, 0.0, 0.0, 0.0, 0.03314485028386116, 0.0, 0.0, 0.0, 0.0, 0.020957540720701218, 0.0, 0.0, 0.0, 0.0, 0.0, 0.0, 0.0, 0.12726135551929474, 0.0, 0.0, 0.0601033978164196, 0.0, 0.0, 0.0, 0.0], [0.0, 0.0, 0.31559064984321594, 0.0, 0.0, 0.0, 0.0, 0.0, 0.0, 0.15246425569057465, 0.0, 0.0, 0.0, 0.0, 0.1266808807849884, 0.0, 0.0, 0.0, 0.0, 0.0, 0.0, 0.0, 0.1068248376250267, 0.0, 0.0, 0.29843947291374207, 0.0, 0.0, 0.0, 0.0]]",,,,,,,,,,,,,,,,,,,,,,,,3.1418874263763428
53,ieee5_full,48,144,2544,-0.009309115176233987,0.10740409483539652,0.005736838094890118,-0.04163229092955589,2.9833428859710693,0.00953953992575407,0.125,0.523415744304657,0.022053897380828857,0.875,2.870943784713745,2.9417314529418945,0.21464233100414276,1,0.6666666666666666,1,2 2 2,"[[0.0, 0.0, 0.7348666787147522, 0.0, 0.0, 0.0, 0.0, 0.0, 0.0, 0.04722307249903679, 0.0, 0.0, 0.0, 0.0, 0.029824843630194664, 0.0, 0.0, 0.0, 0.0, 0.0, 0.0, 0.0, 0.1089167520403862, 0.0, 0.0, 0.07916870713233948, 0.0, 0.0, 0.0, 0.0], [0.0, 0.0, 0.8116613626480103, 0.0, 0.0, 0.0, 0.0, 0.0, 0.0, 0.02189195156097412, 0.0, 0.0, 0.0, 0.0, 0.013374026864767075, 0.0, 0.0, 0.0, 0.0, 0.0, 0.0, 0.0, 0.10935720056295395, 0.0, 0.0, 0.04371551796793938, 0.0, 0.0, 0.0, 0.0], [0.0, 0.0, 0.36708471179008484, 0.0, 0.0, 0.0, 0.0, 0.0, 0.0, 0.13956966996192932, 0.0, 0.0, 0.0, 0.0, 0.11346359550952911, 0.0, 0.0, 0.0, 0.0, 0.0, 0.0, 0.0, 0.10256607830524445, 0.0, 0.0, 0.27731603384017944, 0.0, 0.0, 0.0, 0.0]]",,,,,,,,,,,,,,,,,,,,,,,,3.08443546295166
54,ieee5_full,48,144,2592,-0.008409849872589123,0.08785392931875348,0.003335217945277691,-0.035474225878715515,2.9145727157592773,0.017636273056268692,0.1111111119389534,0.5496054291725159,0.03182473033666611,0.8729166666666667,2.7498254776000977,2.883620023727417,0.17763827741146088,1,0.6666666666666666,1,2 2 2,"[[0.0, 0.0, 0.8378653526306152, 0.0, 0.0, 0.0, 0.0, 0.0, 0.0, 0.018278542906045914, 0.0, 0.0, 0.0, 0.0, 0.01048554852604866, 0.0, 0.0, 0.0, 0.0, 0.0, 0.0, 0.0, 0.08633992075920105, 0.0, 0.0, 0.04703063145279884, 0.0, 0.0, 0.0, 0.0], [0.0, 0.0, 0.863818883895874, 0.0, 0.0, 0.0, 0.0, 0.0, 0.0, 0.010240869596600533, 0.0, 0.0, 0.0, 0.0, 0.005820626858621836, 0.0, 0.0, 0.0, 0.0, 0.0, 0.0, 0.0, 0.08954405784606934, 0.0, 0.0, 0.030575674027204514, 0.0, 0.0, 0.0, 0.0], [0.0, 0.0, 0.46994951367378235, 0.0, 0.0, 0.0, 0.0, 0.0, 0.0, 0.09437533468008041, 0.0, 0.0, 0.0, 0.0, 0.0726938471198082, 0.0, 0.0, 0.0, 0.0, 0.0, 0.0, 0.0, 0.09316248446702957, 0.0, 0.0, 0.26981887221336365, 0.0, 0.0, 0.0, 0.0]]",,,,,,,,,,,,,,,,,,,,,,,,3.0664446353912354
55,ieee5_full,48,144,2640,0.023709019120666707,0.10335496790753858,0.005503513850271702,-0.045464299619197845,2.895127058029175,0.010869059711694717,0.1388888955116272,0.4818822145462036,0.04402684047818184,0.8583333333333333,2.6150259971618652,2.992417573928833,0.2061997652053833,1,0.6666666666666666,1,2 2 2,"[[0.0, 0.0, 0.8557095527648926, 0.0, 0.0, 0.0, 0.0, 0.0, 0.0, 0.013906613923609257, 0.0, 0.0, 0.0, 0.0, 0.0076762605458498, 0.0, 0.0, 0.0, 0.0, 0.0, 0.0, 0.0, 0.08172478526830673, 0.0, 0.0, 0.04098275303840637, 0.0, 0.0, 0.0, 0.0], [0.0, 0.0, 0.8686169385910034, 0.0, 0.0, 0.0, 0.0, 0.0, 0.0, 0.009104633703827858, 0.0, 0.0, 0.0, 0.0, 0.004944474436342716, 0.0, 0.0, 0.0, 0.0, 0.0, 0.0, 0.0, 0.08613468706607819, 0.0, 0.0, 0.031199291348457336, 0.0, 0.0, 0.0, 0.0], [0.0, 0.0, 0.5438835620880127, 0.0, 0.0, 0.0, 0.0, 0.0, 0.0, 0.07844019681215286, 0.0, 0.0, 0.0, 0.0, 0.058964937925338745, 0.0, 0.0, 0.0, 0.0, 0.0, 0.0, 0.0, 0.08878929167985916, 0.0, 0.0, 0.22992201149463654, 0.0, 0.0, 0.0, 0.0]]",,,,,,,,,,,,,,,,,,,,,,,,3.049908399581909
56,ieee5_full,48,144,2688,-0.013530811374353042,0.10437996112119245,0.004961518570780754,-0.03254591301083565,2.780630111694336,0.01953832618892193,0.1319444477558136,0.4848814010620117,0.010726457461714745,0.8604166666666667,2.389683961868286,2.945199966430664,0.19783401489257812,1,0.6666666666666666,1,2 2 2,"[[0.0, 0.0, 0.8388461470603943, 0.0, 0.0, 0.0, 0.0, 0.0, 0.0, 0.017691606655716896, 0.0, 0.0, 0.0, 0.0, 0.009758367203176022, 0.0, 0.0, 0.0, 0.0, 0.0, 0.0, 0.0, 0.08667775988578796, 0.0, 0.0, 0.047026168555021286, 0.0, 0.0, 0.0, 0.0], [0.0, 0.0, 0.8550363183021545, 0.0, 0.0, 0.0, 0.0, 0.0, 0.0, 0.011486277915537357, 0.0, 0.0, 0.0, 0.0, 0.006083752028644085, 0.0, 0.0, 0.0, 0.0, 0.0, 0.0, 0.0, 0.09056233614683151, 0.0, 0.0, 0.03683128580451012, 0.0, 0.0, 0.0, 0.0], [0.0, 0.0, 0.49849024415016174, 0.0, 0.0, 0.0, 0.0, 0.0, 0.0, 0.0949341282248497, 0.0, 0.0, 0.0, 0.0, 0.07546855509281158, 0.0, 0.0, 0.0, 0.0, 0.0, 0.0, 0.0, 0.08679386228322983, 0.0, 0.0, 0.2443132847547531, 0.0, 0.0, 0.0, 0.0]]",,,,,,,,,,,,,,,,,,,,,,,,2.9397242069244385
57,ieee5_full,48,144,2736,0.026833307068811516,0.0999645444190744,0.005106479395180941,-0.027890371158719063,2.791973114013672,0.008065891452133656,0.0902777761220932,0.6611997485160828,0.019454699009656906,0.8312499999999999,2.329509973526001,3.0615975856781006,0.22728563845157623,1,0.6666666666666666,1,2 2 2,"[[0.0, 0.0, 0.8133589029312134, 0.0, 0.0, 0.0, 0.0, 0.0, 0.0, 0.023057835176587105, 0.0, 0.0, 0.0, 0.0, 0.013082161545753479, 0.0, 0.0, 0.0, 0.0, 0.0, 0.0, 0.0, 0.10183203965425491, 0.0, 0.0, 0.04866904765367508, 0.0, 0.0, 0.0, 0.0], [0.0, 0.0, 0.8312838673591614, 0.0, 0.0, 0.0, 0.0, 0.0, 0.0, 0.014317242428660393, 0.0, 0.0, 0.0, 0.0, 0.007902439683675766, 0.0, 0.0, 0.0, 0.0, 0.0, 0.0, 0.0, 0.10720638185739517, 0.0, 0.0, 0.03929003328084946, 0.0, 0.0, 0.0, 0.0], [0.0, 0.0, 0.4276278614997864, 0.0, 0.0, 0.0, 0.0, 0.0, 0.0, 0.1386861652135849, 0.0, 0.0, 0.0, 0.0, 0.11183623224496841, 0.0, 0.0, 0.0, 0.0, 0.0, 0.0, 0.0, 0.09156888723373413, 0.0, 0.0, 0.23028089106082916, 0.0, 0.0, 0.0, 0.0]]",,,,,,,,,,,,,,,,,,,,,,,,3.00602650642395
58,ieee5_full,48,144,2784,-0.014652340886493528,0.10344138696618077,0.005123840644955635,-0.0313665010035038,2.8736069202423096,-0.001784363528713584,0.0833333358168602,0.5077757239341736,0.013748185709118843,0.8333333333333334,2.465240716934204,3.155055284500122,0.2986120283603668,1,0.6666666666666666,1,2 2 2,"[[0.0, 0.0, 0.7857887744903564, 0.0, 0.0, 0.0, 0.0, 0.0, 0.0, 0.0266727227717638, 0.0, 0.0, 0.0, 0.0, 0.01606491021811962, 0.0, 0.0, 0.0, 0.0, 0.0, 0.0, 0.0, 0.1251942366361618, 0.0, 0.0, 0.04627929627895355, 0.0, 0.0, 0.0, 0.0], [0.0, 0.0, 0.7998667359352112, 0.0, 0.0, 0.0, 0.0, 0.0, 0.0, 0.01746964082121849, 0.0, 0.0, 0.0, 0.0, 0.01051174383610487, 0.0, 0.0, 0.0, 0.0, 0.0, 0.0, 0.0, 0.13235296308994293, 0.0, 0.0, 0.03979884460568428, 0.0, 0.0, 0.0, 0.0], [0.0, 0.0, 0.4176030457019806, 0.0, 0.0, 0.0, 0.0, 0.0, 0.0, 0.16445660591125488, 0.0, 0.0, 0.0, 0.0, 0.128338024020195, 0.0, 0.0, 0.0, 0.0, 0.0, 0.0, 0.0, 0.10810660570859909, 0.0, 0.0, 0.18149572610855103, 0.0, 0.0, 0.0, 0.0]]",,,,,,,,,,,,,,,,,,,,,,,,3.0405547618865967
59,ieee5_full,48,144,2832,-0.0007911527331339011,0.09789364159823598,0.0046104914508759975,-0.031200123950839043,2.9129676818847656,0.0018577778246253729,0.0416666679084301,0.5238235592842102,0.009354299865663052,0.8416666666666667,2.6012308597564697,3.1140918731689453,0.3466823995113373,1,0.6666666666666666,1,2 2 2,"[[0.0, 0.0, 0.7103203535079956, 0.0, 0.0, 0.0, 0.0, 0.0, 0.0, 0.04351480305194855, 0.0, 0.0, 0.0, 0.0, 0.02779453992843628, 0.0, 0.0, 0.0, 0.0, 0.0, 0.0, 0.0, 0.15878701210021973, 0.0, 0.0, 0.05958326533436775, 0.0, 0.0, 0.0, 0.0], [0.0, 0.0, 0.7360346913337708, 0.0, 0.0, 0.0, 0.0, 0.0, 0.0, 0.026462649926543236, 0.0, 0.0, 0.0, 0.0, 0.01712813600897789, 0.0, 0.0, 0.0, 0.0, 0.0, 0.0, 0.0, 0.17024852335453033, 0.0, 0.0, 0.05012596771121025, 0.0, 0.0, 0.0, 0.0], [0.0, 0.0, 0.2764124870300293, 0.0, 0.0, 0.0, 0.0, 0.0, 0.0, 0.23635736107826233, 0.0, 0.0, 0.0, 0.0, 0.19183626770973206, 0.0, 0.0, 0.0, 0.0, 0.0, 0.0, 0.0, 0.10389844328165054, 0.0, 0.0, 0.1914953887462616, 0.0, 0.0, 0.0, 0.0]]",,,,,,,,,,,,,,,,,,,,,,,,3.0495736598968506
60,ieee5_full,48,144,2880,-0.000386776988274532,0.09473038467387351,0.004473081789910793,-0.030310729518532753,2.931664228439331,0.014478915371000767,0.0763888880610466,0.7963027954101562,0.012853856198489666,0.8416666666666667,2.663978338241577,3.1053638458251953,0.5218647122383118,1,0.6666666666666666,2,2 2 9,"[[0.0, 0.0, 0.5458984971046448, 0.0, 0.0, 0.0, 0.0, 0.0, 0.0, 0.10767178237438202, 0.0, 0.0, 0.0, 0.0, 0.07529057562351227, 0.0, 0.0, 0.0, 0.0, 0.0, 0.0, 0.0, 0.18097344040870667, 0.0, 0.0, 0.09016569703817368, 0.0, 0.0, 0.0, 0.0], [0.0, 0.0, 0.6346448659896851, 0.0, 0.0, 0.0, 0.0, 0.0, 0.0, 0.05130678415298462, 0.0, 0.0, 0.0, 0.0, 0.0356258898973465, 0.0, 0.0, 0.0, 0.0, 0.0, 0.0, 0.0, 0.20785102248191833, 0.0, 0.0, 0.07057139277458191, 0.0, 0.0, 0.0, 0.0], [0.0, 0.0, 0.12920166552066803, 0.0, 0.0, 0.0, 0.0, 0.0, 0.0, 0.31833335757255554, 0.0, 0.0, 0.0, 0.0, 0.3060072064399719, 0.0, 0.0, 0.0, 0.0, 0.0, 0.0, 0.0, 0.07203000783920288, 0.0, 0.0, 0.17442773282527924, 0.0, 0.0, 0.0, 0.0]]",0.8500000000000001,0.09574271077563382,0.8500000000000001,0.71,0.99,1.0,"[1, 7, 28]",0.3333333333333333,4,1.3579778549873243,2.6629607677459717,3.2610046664873757,3.1713030338287354,4,2,3,0.5200647239178224,0.9620317969734766,1.482096520891299,observation-dependent adaptive,5,True,0.8500000000000001,3.0198495388031006
