update,mean_train_u_ctrl,mean_train_control_cost,method,update_seconds,trajectories_sampled,policy_entropy,validation_mean_u_ctrl,validation_n_unique_sequences,validation_sequence_entropy,validation_unique_frac,validation_under_control_rate,validation_valid,validation_mean_shortfall,validation_checkpoint_score,validation_meets_unique_floor
1,0.27437500000000004,0.27437500000000004,DAD,0.7939314842224121,64,4.400508880615234,,,,,,,,,
2,0.31562500000000004,0.31562500000000004,DAD,0.5941729545593262,128,4.399657726287842,,,,,,,,,
3,0.291875,0.291875,DAD,0.5921566486358643,192,4.399022579193115,,,,,,,,,
4,0.28500000000000003,0.28500000000000003,DAD,0.5923604965209961,256,4.398523330688477,,,,,,,,,
5,0.29500000000000004,0.29500000000000004,DAD,0.5972859859466553,320,4.397958755493164,,,,,,,,,
6,0.305,0.305,DAD,0.5971651077270508,384,4.397475242614746,,,,,,,,,
7,0.281875,0.281875,DAD,0.5965273380279541,448,4.397410869598389,,,,,,,,,
8,0.27437500000000004,0.27437500000000004,DAD,0.6002969741821289,512,4.397406101226807,,,,,,,,,
9,0.29874999999999996,0.29874999999999996,DAD,0.5934505462646484,576,4.397063732147217,,,,,,,,,
10,0.2925,0.2925,DAD,0.5914762020111084,640,4.396645545959473,,,,,,,,,
11,0.260625,0.260625,DAD,0.5923986434936523,704,4.396292209625244,,,,,,,,,
12,0.271875,0.271875,DAD,0.597571611404419,768,4.395854949951172,,,,,,,,,
13,0.2925,0.2925,DAD,0.5957310199737549,832,4.395248889923096,,,,,,,,,
14,0.311875,0.311875,DAD,0.5961952209472656,896,4.394848823547363,,,,,,,,,
15,0.30125,0.30125,DAD,0.5953443050384521,960,4.394508361816406,,,,,,,,,
16,0.31000000000000005,0.31000000000000005,DAD,0.5928030014038086,1024,4.394094467163086,,,,,,,,,
17,0.27687500000000004,0.27687500000000004,DAD,0.5952324867248535,1088,4.393548011779785,,,,,,,,,
18,0.2875,0.2875,DAD,0.6014518737792969,1152,4.393180847167969,,,,,,,,,
19,0.27875000000000005,0.27875000000000005,DAD,0.5971953868865967,1216,4.392892360687256,,,,,,,,,
20,0.270625,0.270625,DAD,0.5933458805084229,1280,4.392537593841553,,,,,,,,,
21,0.268125,0.268125,DAD,0.5940296649932861,1344,4.392459869384766,,,,,,,,,
22,0.25875000000000004,0.25875000000000004,DAD,0.599149227142334,1408,4.391944408416748,,,,,,,,,
23,0.28375,0.28375,DAD,0.5931873321533203,1472,4.3917975425720215,,,,,,,,,
24,0.27125,0.27125,DAD,0.5911798477172852,1536,4.39131498336792,,,,,,,,,
25,0.28750000000000003,0.28750000000000003,DAD,0.599952220916748,1600,4.391287326812744,0.27843750000000006,11,1.7255395509216576,0.0859375,0.203125,0,0.02,1001.8096875,0
26,0.28812499999999996,0.28812499999999996,DAD,0.5912482738494873,1664,4.390976905822754,,,,,,,,,
27,0.28125,0.28125,DAD,0.6001083850860596,1728,4.390644073486328,,,,,,,,,
28,0.275625,0.275625,DAD,0.5967841148376465,1792,4.391219615936279,,,,,,,,,
29,0.29812500000000003,0.29812500000000003,DAD,0.5921361446380615,1856,4.390777111053467,,,,,,,,,
30,0.2825,0.2825,DAD,0.6016228199005127,1920,4.390962600708008,,,,,,,,,
31,0.260625,0.260625,DAD,0.6006438732147217,1984,4.390023231506348,,,,,,,,,
32,0.280625,0.280625,DAD,0.5935595035552979,2048,4.390092372894287,,,,,,,,,
33,0.29875,0.29875,DAD,0.600867509841919,2112,4.389535427093506,,,,,,,,,
34,0.29875,0.29875,DAD,0.5997674465179443,2176,4.389714241027832,,,,,,,,,
35,0.29625,0.29625,DAD,0.5964772701263428,2240,4.389123439788818,,,,,,,,,
36,0.27875,0.27875,DAD,0.5927760601043701,2304,4.388915538787842,,,,,,,,,
37,0.27875,0.27875,DAD,0.6003904342651367,2368,4.388913631439209,,,,,,,,,
38,0.299375,0.299375,DAD,0.6004562377929688,2432,4.38910436630249,,,,,,,,,
39,0.27875,0.27875,DAD,0.592167854309082,2496,4.388675212860107,,,,,,,,,
40,0.31125,0.31125,DAD,0.59995436668396,2560,4.388577938079834,,,,,,,,,
41,0.28500000000000003,0.28500000000000003,DAD,0.600719690322876,2624,4.388139247894287,,,,,,,,,
42,0.29375,0.29375,DAD,0.5943689346313477,2688,4.388126373291016,,,,,,,,,
43,0.303125,0.303125,DAD,0.6003298759460449,2752,4.387411594390869,,,,,,,,,
44,0.26875000000000004,0.26875000000000004,DAD,0.6006007194519043,2816,4.387460231781006,,,,,,,,,
45,0.308125,0.308125,DAD,0.5978713035583496,2880,4.386781215667725,,,,,,,,,
46,0.28,0.28,DAD,0.6014361381530762,2944,4.386856555938721,,,,,,,,,
47,0.286875,0.286875,DAD,0.6009378433227539,3008,4.386964321136475,,,,,,,,,
48,0.278125,0.278125,DAD,0.6001696586608887,3072,4.386768341064453,,,,,,,,,
49,0.28875,0.28875,DAD,0.5956254005432129,3136,4.386872291564941,,,,,,,,,
50,0.3025,0.3025,DAD,0.5997083187103271,3200,4.386813163757324,0.27625,5,1.1160155132954874,0.0390625,0.1875,0,0.018437500000000002,1001.65125,0
51,0.32000000000000006,0.32000000000000006,DAD,0.5915615558624268,3264,4.386544227600098,,,,,,,,,
52,0.310625,0.310625,DAD,0.6005792617797852,3328,4.386517524719238,,,,,,,,,
53,0.27937500000000004,0.27937500000000004,DAD,0.6008601188659668,3392,4.3857855796813965,,,,,,,,,
54,0.278125,0.278125,DAD,0.5947713851928711,3456,4.385525703430176,,,,,,,,,
55,0.27625,0.27625,DAD,0.6006736755371094,3520,4.385390758514404,,,,,,,,,
56,0.279375,0.279375,DAD,0.6001648902893066,3584,4.385439395904541,,,,,,,,,
57,0.26875000000000004,0.26875000000000004,DAD,0.597247838973999,3648,4.384992599487305,,,,,,,,,
58,0.301875,0.301875,DAD,0.6003282070159912,3712,4.384819507598877,,,,,,,,,
59,0.26750000000000007,0.26750000000000007,DAD,0.6016237735748291,3776,4.384276866912842,,,,,,,,,
60,0.270625,0.270625,DAD,0.5999104976654053,3840,4.384047985076904,,,,,,,,,
61,0.283125,0.283125,DAD,0.5926954746246338,3904,4.383556842803955,,,,,,,,,
62,0.280625,0.280625,DAD,0.6115717887878418,3968,4.383645534515381,,,,,,,,,
63,0.286875,0.286875,DAD,0.6005938053131104,4032,4.382936000823975,,,,,,,,,
64,0.275625,0.275625,DAD,0.595285177230835,4096,4.382730007171631,,,,,,,,,
65,0.29125,0.29125,DAD,0.6013534069061279,4160,4.382480144500732,,,,,,,,,
66,0.25687499999999996,0.25687499999999996,DAD,0.6022074222564697,4224,4.382524013519287,,,,,,,,,
67,0.286875,0.286875,DAD,0.5974693298339844,4288,4.382805347442627,,,,,,,,,
68,0.3075,0.3075,DAD,0.5936439037322998,4352,4.3829803466796875,,,,,,,,,
69,0.284375,0.284375,DAD,0.6010160446166992,4416,4.383467674255371,,,,,,,,,
70,0.278125,0.278125,DAD,0.5999338626861572,4480,4.383397579193115,,,,,,,,,
71,0.296875,0.296875,DAD,0.5925791263580322,4544,4.383611679077148,,,,,,,,,
72,0.27125,0.27125,DAD,0.5994775295257568,4608,4.384548187255859,,,,,,,,,
73,0.284375,0.284375,DAD,0.5994634628295898,4672,4.385385036468506,,,,,,,,,
74,0.27437500000000004,0.27437500000000004,DAD,0.5960798263549805,4736,4.385566711425781,,,,,,,,,
75,0.275625,0.275625,DAD,0.59267258644104,4800,4.3856096267700195,0.27937500000000004,22,2.754664192350962,0.171875,0.0625,0,0.0046875,1000.404375,0
76,0.28500000000000003,0.28500000000000003,DAD,0.5988962650299072,4864,4.3860063552856445,,,,,,,,,
77,0.271875,0.271875,DAD,0.6013031005859375,4928,4.386030197143555,,,,,,,,,
78,0.30625,0.30625,DAD,0.6015241146087646,4992,4.3866448402404785,,,,,,,,,
79,0.265,0.265,DAD,0.5985767841339111,5056,4.386809825897217,,,,,,,,,
80,0.25625000000000003,0.25625000000000003,DAD,0.5942246913909912,5120,4.387722015380859,,,,,,,,,
81,0.28875,0.28875,DAD,0.600200891494751,5184,4.388360023498535,,,,,,,,,
82,0.290625,0.290625,DAD,0.600250244140625,5248,4.388376712799072,,,,,,,,,
83,0.270625,0.270625,DAD,0.5929467678070068,5312,4.389025688171387,,,,,,,,,
84,0.266875,0.266875,DAD,0.6005463600158691,5376,4.388814926147461,,,,,,,,,
85,0.281875,0.281875,DAD,0.5998115539550781,5440,4.389892578125,,,,,,,,,
86,0.266875,0.266875,DAD,0.5957167148590088,5504,4.390279293060303,,,,,,,,,
87,0.29125,0.29125,DAD,0.5998024940490723,5568,4.390172481536865,,,,,,,,,
88,0.29500000000000004,0.29500000000000004,DAD,0.5999515056610107,5632,4.390670299530029,,,,,,,,,
89,0.278125,0.278125,DAD,0.5977251529693604,5696,4.390651226043701,,,,,,,,,
90,0.266875,0.266875,DAD,0.6003811359405518,5760,4.390845775604248,,,,,,,,,
91,0.29874999999999996,0.29874999999999996,DAD,0.5997114181518555,5824,4.391082763671875,,,,,,,,,
92,0.29000000000000004,0.29000000000000004,DAD,0.5931203365325928,5888,4.391347885131836,,,,,,,,,
93,0.273125,0.273125,DAD,0.5896861553192139,5952,4.391541957855225,,,,,,,,,
94,0.30000000000000004,0.30000000000000004,DAD,0.5931825637817383,6016,4.3914313316345215,,,,,,,,,
95,0.29500000000000004,0.29500000000000004,DAD,0.5931644439697266,6080,4.391870975494385,,,,,,,,,
96,0.27687500000000004,0.27687500000000004,DAD,0.5914242267608643,6144,4.391969680786133,,,,,,,,,
97,0.27375,0.27375,DAD,0.5921604633331299,6208,4.391797065734863,,,,,,,,,
98,0.275625,0.275625,DAD,0.5939326286315918,6272,4.391948699951172,,,,,,,,,
99,0.28875,0.28875,DAD,0.5917832851409912,6336,4.391915798187256,,,,,,,,,
100,0.270625,0.270625,DAD,0.5897583961486816,6400,4.391965389251709,0.2828125,40,3.0964631601764925,0.3125,0.15625,0,0.015000000000000001,1001.3453125,1
101,0.27249999999999996,0.27249999999999996,DAD,0.5903415679931641,6464,4.391900062561035,,,,,,,,,
102,0.295625,0.295625,DAD,0.5910398960113525,6528,4.392107009887695,,,,,,,,,
103,0.27625,0.27625,DAD,0.5912201404571533,6592,4.392061233520508,,,,,,,,,
104,0.2725,0.2725,DAD,0.5926275253295898,6656,4.391820430755615,,,,,,,,,
105,0.27812499999999996,0.27812499999999996,DAD,0.5903294086456299,6720,4.3919267654418945,,,,,,,,,
106,0.28500000000000003,0.28500000000000003,DAD,0.5934572219848633,6784,4.391978740692139,,,,,,,,,
107,0.27375000000000005,0.27375000000000005,DAD,0.5925219058990479,6848,4.39227819442749,,,,,,,,,
108,0.27125,0.27125,DAD,0.5922117233276367,6912,4.392026901245117,,,,,,,,,
109,0.28875,0.28875,DAD,0.5933132171630859,6976,4.3922553062438965,,,,,,,,,
110,0.28125,0.28125,DAD,0.5932567119598389,7040,4.392092227935791,,,,,,,,,
111,0.3025,0.3025,DAD,0.5933761596679688,7104,4.391962051391602,,,,,,,,,
112,0.289375,0.289375,DAD,0.5911774635314941,7168,4.3918962478637695,,,,,,,,,
113,0.279375,0.279375,DAD,0.592310905456543,7232,4.392047882080078,,,,,,,,,
114,0.30125,0.30125,DAD,0.5940048694610596,7296,4.391891956329346,,,,,,,,,
115,0.296875,0.296875,DAD,0.5912477970123291,7360,4.391818523406982,,,,,,,,,
116,0.26250000000000007,0.26250000000000007,DAD,0.5939412117004395,7424,4.391757488250732,,,,,,,,,
117,0.29125,0.29125,DAD,0.5912768840789795,7488,4.392017841339111,,,,,,,,,
118,0.291875,0.291875,DAD,0.5992295742034912,7552,4.392003059387207,,,,,,,,,
119,0.281875,0.281875,DAD,0.5918822288513184,7616,4.392187595367432,,,,,,,,,
120,0.270625,0.270625,DAD,0.5984101295471191,7680,4.392147541046143,,,,,,,,,
121,0.296875,0.296875,DAD,0.5931386947631836,7744,4.392283916473389,,,,,,,,,
122,0.28125,0.28125,DAD,0.5907535552978516,7808,4.392213821411133,,,,,,,,,
123,0.30125,0.30125,DAD,0.5938355922698975,7872,4.392452239990234,,,,,,,,,
124,0.30000000000000004,0.30000000000000004,DAD,0.5908503532409668,7936,4.392292499542236,,,,,,,,,
125,0.2775,0.2775,DAD,0.5968093872070312,8000,4.392580509185791,0.30250000000000005,66,3.8031834979347003,0.515625,0.1171875,0,0.0115625,1000.974375,1
126,0.28875,0.28875,DAD,0.5918228626251221,8064,4.392334461212158,,,,,,,,,
127,0.2975,0.2975,DAD,0.591442346572876,8128,4.392335414886475,,,,,,,,,
128,0.26499999999999996,0.26499999999999996,DAD,0.5905382633209229,8192,4.392117977142334,,,,,,,,,
129,0.27437500000000004,0.27437500000000004,DAD,0.5933232307434082,8256,4.391939163208008,,,,,,,,,
130,0.273125,0.273125,DAD,0.5998926162719727,8320,4.391854286193848,,,,,,,,,
131,0.3025,0.3025,DAD,0.5927784442901611,8384,4.391643524169922,,,,,,,,,
132,0.301875,0.301875,DAD,0.6006104946136475,8448,4.391706943511963,,,,,,,,,
133,0.290625,0.290625,DAD,0.5941953659057617,8512,4.39139986038208,,,,,,,,,
134,0.27187500000000003,0.27187500000000003,DAD,0.5962495803833008,8576,4.391394138336182,,,,,,,,,
135,0.30874999999999997,0.30874999999999997,DAD,0.6010315418243408,8640,4.3911871910095215,,,,,,,,,
136,0.280625,0.280625,DAD,0.5973272323608398,8704,4.390900135040283,,,,,,,,,
137,0.27875000000000005,0.27875000000000005,DAD,0.5974223613739014,8768,4.391184329986572,,,,,,,,,
138,0.296875,0.296875,DAD,0.6304652690887451,8832,4.391286373138428,,,,,,,,,
139,0.276875,0.276875,DAD,0.5990111827850342,8896,4.391437530517578,,,,,,,,,
140,0.27312500000000006,0.27312500000000006,DAD,0.5991733074188232,8960,4.391457557678223,,,,,,,,,
141,0.29375,0.29375,DAD,0.5928237438201904,9024,4.391695499420166,,,,,,,,,
142,0.28875,0.28875,DAD,0.6003491878509521,9088,4.391930103302002,,,,,,,,,
143,0.255,0.255,DAD,0.5950515270233154,9152,4.392299652099609,,,,,,,,,
144,0.323125,0.323125,DAD,0.5951380729675293,9216,4.392322540283203,,,,,,,,,
145,0.27187500000000003,0.27187500000000003,DAD,0.5903847217559814,9280,4.392200469970703,,,,,,,,,
146,0.280625,0.280625,DAD,0.5924601554870605,9344,4.392293453216553,,,,,,,,,
147,0.26749999999999996,0.26749999999999996,DAD,0.5931358337402344,9408,4.392405986785889,,,,,,,,,
148,0.273125,0.273125,DAD,0.5914385318756104,9472,4.392423152923584,,,,,,,,,
149,0.30874999999999997,0.30874999999999997,DAD,0.5933816432952881,9536,4.392406940460205,,,,,,,,,
150,0.263125,0.263125,DAD,0.590395450592041,9600,4.392312526702881,0.2803125000000001,58,3.6944326382666297,0.453125,0.140625,0,0.015625,1001.1865625,1
151,0.27375,0.27375,DAD,0.5896632671356201,9664,4.392544746398926,,,,,,,,,
152,0.278125,0.278125,DAD,0.5916624069213867,9728,4.39272928237915,,,,,,,,,
153,0.29000000000000004,0.29000000000000004,DAD,0.5909566879272461,9792,4.392440319061279,,,,,,,,,
154,0.286875,0.286875,DAD,0.5909335613250732,9856,4.392657279968262,,,,,,,,,
155,0.2775,0.2775,DAD,0.5939018726348877,9920,4.392819404602051,,,,,,,,,
156,0.28625,0.28625,DAD,0.5918571949005127,9984,4.392808437347412,,,,,,,,,
157,0.3025,0.3025,DAD,0.5931375026702881,10048,4.3928751945495605,,,,,,,,,
158,0.29125,0.29125,DAD,0.5932188034057617,10112,4.3928632736206055,,,,,,,,,
159,0.28812499999999996,0.28812499999999996,DAD,0.5912578105926514,10176,4.392844200134277,,,,,,,,,
160,0.29625,0.29625,DAD,0.5895318984985352,10240,4.392721652984619,,,,,,,,,
161,0.28437500000000004,0.28437500000000004,DAD,0.5907955169677734,10304,4.392496585845947,,,,,,,,,
162,0.265,0.265,DAD,0.5928030014038086,10368,4.392340660095215,,,,,,,,,
163,0.30125,0.30125,DAD,0.5914967060089111,10432,4.3923659324646,,,,,,,,,
164,0.276875,0.276875,DAD,0.592479944229126,10496,4.392462253570557,,,,,,,,,
165,0.29250000000000004,0.29250000000000004,DAD,0.5936872959136963,10560,4.392326354980469,,,,,,,,,
166,0.30562500000000004,0.30562500000000004,DAD,0.5917460918426514,10624,4.39277982711792,,,,,,,,,
167,0.30125,0.30125,DAD,0.5942308902740479,10688,4.392672061920166,,,,,,,,,
168,0.28750000000000003,0.28750000000000003,DAD,0.5906295776367188,10752,4.392862319946289,,,,,,,,,
169,0.29500000000000004,0.29500000000000004,DAD,0.5927636623382568,10816,4.3930182456970215,,,,,,,,,
170,0.304375,0.304375,DAD,0.5899472236633301,10880,4.393192291259766,,,,,,,,,
171,0.298125,0.298125,DAD,0.5933153629302979,10944,4.393361568450928,,,,,,,,,
172,0.27937500000000004,0.27937500000000004,DAD,0.5938966274261475,11008,4.393156051635742,,,,,,,,,
173,0.29562499999999997,0.29562499999999997,DAD,0.5914459228515625,11072,4.393531322479248,,,,,,,,,
174,0.28750000000000003,0.28750000000000003,DAD,0.5931997299194336,11136,4.393533229827881,,,,,,,,,
175,0.273125,0.273125,DAD,0.5940413475036621,11200,4.393815040588379,0.3046875,73,4.095261887281787,0.5703125,0.1640625,0,0.0153125,1001.4453125,1
176,0.2625,0.2625,DAD,0.5888283252716064,11264,4.394111156463623,,,,,,,,,
177,0.27375000000000005,0.27375000000000005,DAD,0.5919685363769531,11328,4.394042491912842,,,,,,,,,
178,0.29125,0.29125,DAD,0.5977976322174072,11392,4.394207954406738,,,,,,,,,
179,0.296875,0.296875,DAD,0.6010351181030273,11456,4.394463539123535,,,,,,,,,
180,0.288125,0.288125,DAD,0.5957067012786865,11520,4.394467830657959,,,,,,,,,
181,0.2975,0.2975,DAD,0.5961265563964844,11584,4.3945794105529785,,,,,,,,,
182,0.2875,0.2875,DAD,0.5935671329498291,11648,4.394769668579102,,,,,,,,,
183,0.29125,0.29125,DAD,0.6000025272369385,11712,4.3948655128479,,,,,,,,,
184,0.295625,0.295625,DAD,0.6010012626647949,11776,4.39469051361084,,,,,,,,,
185,0.27812499999999996,0.27812499999999996,DAD,0.5973844528198242,11840,4.394887447357178,,,,,,,,,
186,0.27625,0.27625,DAD,0.6006653308868408,11904,4.394853115081787,,,,,,,,,
187,0.26,0.26,DAD,0.5964536666870117,11968,4.39474630355835,,,,,,,,,
188,0.27437500000000004,0.27437500000000004,DAD,0.5985779762268066,12032,4.3945512771606445,,,,,,,,,
189,0.266875,0.266875,DAD,0.5929558277130127,12096,4.394692420959473,,,,,,,,,
190,0.2825,0.2825,DAD,0.5975492000579834,12160,4.394251346588135,,,,,,,,,
191,0.27875,0.27875,DAD,0.5997805595397949,12224,4.394795894622803,,,,,,,,,
192,0.2625,0.2625,DAD,0.592529296875,12288,4.394782543182373,,,,,,,,,
193,0.29625,0.29625,DAD,0.6002120971679688,12352,4.394639015197754,,,,,,,,,
194,0.289375,0.289375,DAD,0.5935873985290527,12416,4.394676208496094,,,,,,,,,
195,0.31625000000000003,0.31625000000000003,DAD,0.5979087352752686,12480,4.394645690917969,,,,,,,,,
196,0.30062500000000003,0.30062500000000003,DAD,0.6006772518157959,12544,4.394583225250244,,,,,,,,,
197,0.32062500000000005,0.32062500000000005,DAD,0.5986068248748779,12608,4.3945794105529785,,,,,,,,,
198,0.30874999999999997,0.30874999999999997,DAD,0.5988254547119141,12672,4.394378662109375,,,,,,,,,
199,0.283125,0.283125,DAD,0.5951542854309082,12736,4.394420146942139,,,,,,,,,
200,0.28812499999999996,0.28812499999999996,DAD,0.6007590293884277,12800,4.394285202026367,0.29906250000000006,45,3.2674490899431805,0.3515625,0.1640625,0,0.013749999999999998,1001.4396875,1
201,0.315625,0.315625,DAD,0.5918543338775635,12864,4.3940606117248535,,,,,,,,,
202,0.30500000000000005,0.30500000000000005,DAD,0.5935752391815186,12928,4.393826961517334,,,,,,,,,
203,0.28437500000000004,0.28437500000000004,DAD,0.5918726921081543,12992,4.394079685211182,,,,,,,,,
204,0.294375,0.294375,DAD,0.5908441543579102,13056,4.394033432006836,,,,,,,,,
205,0.285625,0.285625,DAD,0.59454345703125,13120,4.394009590148926,,,,,,,,,
206,0.2925,0.2925,DAD,0.5922071933746338,13184,4.394117832183838,,,,,,,,,
207,0.31,0.31,DAD,0.5976369380950928,13248,4.394053936004639,,,,,,,,,
208,0.28937500000000005,0.28937500000000005,DAD,0.5934431552886963,13312,4.394152641296387,,,,,,,,,
209,0.281875,0.281875,DAD,0.5921597480773926,13376,4.394202709197998,,,,,,,,,
210,0.275,0.275,DAD,0.5922558307647705,13440,4.394688129425049,,,,,,,,,
211,0.295625,0.295625,DAD,0.5905535221099854,13504,4.394516944885254,,,,,,,,,
212,0.28312499999999996,0.28312499999999996,DAD,0.5935220718383789,13568,4.394710063934326,,,,,,,,,
213,0.283125,0.283125,DAD,0.5919833183288574,13632,4.3951334953308105,,,,,,,,,
214,0.27749999999999997,0.27749999999999997,DAD,0.5926125049591064,13696,4.3954081535339355,,,,,,,,,
215,0.28,0.28,DAD,0.5902583599090576,13760,4.395287990570068,,,,,,,,,
216,0.283125,0.283125,DAD,0.5933723449707031,13824,4.395577907562256,,,,,,,,,
217,0.28,0.28,DAD,0.5914351940155029,13888,4.395707130432129,,,,,,,,,
218,0.27875,0.27875,DAD,0.5928080081939697,13952,4.395791530609131,,,,,,,,,
219,0.274375,0.274375,DAD,0.593144416809082,14016,4.395765781402588,,,,,,,,,
220,0.3,0.3,DAD,0.5908136367797852,14080,4.39618444442749,,,,,,,,,
221,0.28312499999999996,0.28312499999999996,DAD,0.5911281108856201,14144,4.396041393280029,,,,,,,,,
222,0.27,0.27,DAD,0.5902996063232422,14208,4.396092891693115,,,,,,,,,
223,0.28812499999999996,0.28812499999999996,DAD,0.5930712223052979,14272,4.396187782287598,,,,,,,,,
224,0.276875,0.276875,DAD,0.5920279026031494,14336,4.395857334136963,,,,,,,,,
225,0.31500000000000006,0.31500000000000006,DAD,0.592339277267456,14400,4.3961100578308105,0.2778125,48,3.3436608608001652,0.375,0.0390625,1,0.0034375000000000005,0.2778125,1
226,0.293125,0.293125,DAD,0.5903892517089844,14464,4.3961896896362305,,,,,,,,,
227,0.2875,0.2875,DAD,0.5925946235656738,14528,4.396115779876709,,,,,,,,,
228,0.27749999999999997,0.27749999999999997,DAD,0.593597412109375,14592,4.396053314208984,,,,,,,,,
229,0.265,0.265,DAD,0.5907707214355469,14656,4.3958587646484375,,,,,,,,,
230,0.31562500000000004,0.31562500000000004,DAD,0.5896990299224854,14720,4.396046161651611,,,,,,,,,
231,0.286875,0.286875,DAD,0.5901734828948975,14784,4.396205425262451,,,,,,,,,
232,0.279375,0.279375,DAD,0.5935370922088623,14848,4.39608097076416,,,,,,,,,
233,0.276875,0.276875,DAD,0.591062068939209,14912,4.396060943603516,,,,,,,,,
234,0.273125,0.273125,DAD,0.5930421352386475,14976,4.396029949188232,,,,,,,,,
235,0.285625,0.285625,DAD,0.5929903984069824,15040,4.396165370941162,,,,,,,,,
236,0.28,0.28,DAD,0.5918123722076416,15104,4.3959856033325195,,,,,,,,,
237,0.30875,0.30875,DAD,0.5943708419799805,15168,4.395925521850586,,,,,,,,,
238,0.2825,0.2825,DAD,0.589496374130249,15232,4.395732402801514,,,,,,,,,
239,0.260625,0.260625,DAD,0.5928075313568115,15296,4.395666599273682,,,,,,,,,
240,0.31999999999999995,0.31999999999999995,DAD,0.5903041362762451,15360,4.395493507385254,,,,,,,,,
241,0.286875,0.286875,DAD,0.5914146900177002,15424,4.395303726196289,,,,,,,,,
242,0.261875,0.261875,DAD,0.5934276580810547,15488,4.395031929016113,,,,,,,,,
243,0.281875,0.281875,DAD,0.591332197189331,15552,4.3948540687561035,,,,,,,,,
244,0.28374999999999995,0.28374999999999995,DAD,0.5926768779754639,15616,4.394690036773682,,,,,,,,,
245,0.27875000000000005,0.27875000000000005,DAD,0.5901758670806885,15680,4.394578456878662,,,,,,,,,
246,0.27625,0.27625,DAD,0.5919833183288574,15744,4.394420623779297,,,,,,,,,
247,0.294375,0.294375,DAD,0.5896375179290771,15808,4.394237995147705,,,,,,,,,
248,0.29312499999999997,0.29312499999999997,DAD,0.59102463722229,15872,4.394123554229736,,,,,,,,,
249,0.2625,0.2625,DAD,0.5939838886260986,15936,4.393807411193848,,,,,,,,,
250,0.28375,0.28375,DAD,0.5902533531188965,16000,4.393662452697754,0.2878125,31,2.5170567845185166,0.2421875,0.1328125,0,0.013749999999999998,1001.1159375,0
251,0.29437500000000005,0.29437500000000005,DAD,0.5889654159545898,16064,4.393524169921875,,,,,,,,,
252,0.270625,0.270625,DAD,0.5908782482147217,16128,4.393448829650879,,,,,,,,,
253,0.28812499999999996,0.28812499999999996,DAD,0.5940699577331543,16192,4.3932671546936035,,,,,,,,,
254,0.284375,0.284375,DAD,0.5906870365142822,16256,4.3931169509887695,,,,,,,,,
255,0.283125,0.283125,DAD,0.5919437408447266,16320,4.393062591552734,,,,,,,,,
256,0.296875,0.296875,DAD,0.5937449932098389,16384,4.393029689788818,,,,,,,,,
257,0.263125,0.263125,DAD,0.5931274890899658,16448,4.39299201965332,,,,,,,,,
258,0.2925,0.2925,DAD,0.5928006172180176,16512,4.392974376678467,,,,,,,,,
259,0.281875,0.281875,DAD,0.5900449752807617,16576,4.392737865447998,,,,,,,,,
260,0.27875000000000005,0.27875000000000005,DAD,0.5934295654296875,16640,4.392601490020752,,,,,,,,,
261,0.26125,0.26125,DAD,0.5935883522033691,16704,4.392378330230713,,,,,,,,,
262,0.28875,0.28875,DAD,0.5920932292938232,16768,4.392270088195801,,,,,,,,,
263,0.273125,0.273125,DAD,0.5931999683380127,16832,4.391936779022217,,,,,,,,,
264,0.27,0.27,DAD,0.5916821956634521,16896,4.391852378845215,,,,,,,,,
265,0.2925,0.2925,DAD,0.5920815467834473,16960,4.391747951507568,,,,,,,,,
266,0.321875,0.321875,DAD,0.5908713340759277,17024,4.391770839691162,,,,,,,,,
267,0.296875,0.296875,DAD,0.5939159393310547,17088,4.391581058502197,,,,,,,,,
268,0.29625,0.29625,DAD,0.5939979553222656,17152,4.391589641571045,,,,,,,,,
269,0.2925,0.2925,DAD,0.5906548500061035,17216,4.391719818115234,,,,,,,,,
270,0.275625,0.275625,DAD,0.593935489654541,17280,4.391690731048584,,,,,,,,,
271,0.28437500000000004,0.28437500000000004,DAD,0.5905497074127197,17344,4.391924858093262,,,,,,,,,
272,0.28125,0.28125,DAD,0.5917930603027344,17408,4.391863822937012,,,,,,,,,
273,0.275625,0.275625,DAD,0.5910470485687256,17472,4.3918681144714355,,,,,,,,,
274,0.27937500000000004,0.27937500000000004,DAD,0.5907785892486572,17536,4.391845703125,,,,,,,,,
275,0.32125000000000004,0.32125000000000004,DAD,0.5922894477844238,17600,4.391829967498779,0.2790625,21,2.140998244728006,0.1640625,0.1328125,0,0.0159375,1001.1071875,0
276,0.301875,0.301875,DAD,0.5896990299224854,17664,4.3918609619140625,,,,,,,,,
277,0.29375,0.29375,DAD,0.5935320854187012,17728,4.391892433166504,,,,,,,,,
278,0.31499999999999995,0.31499999999999995,DAD,0.5900156497955322,17792,4.391873359680176,,,,,,,,,
279,0.27375,0.27375,DAD,0.5931844711303711,17856,4.391876697540283,,,,,,,,,
280,0.27875,0.27875,DAD,0.5912165641784668,17920,4.391952037811279,,,,,,,,,
281,0.289375,0.289375,DAD,0.5921745300292969,17984,4.392127513885498,,,,,,,,,
282,0.281875,0.281875,DAD,0.5903346538543701,18048,4.392129898071289,,,,,,,,,
283,0.28937500000000005,0.28937500000000005,DAD,0.5940992832183838,18112,4.3922882080078125,,,,,,,,,
284,0.288125,0.288125,DAD,0.5995705127716064,18176,4.392402648925781,,,,,,,,,
285,0.26375000000000004,0.26375000000000004,DAD,0.5940201282501221,18240,4.392431259155273,,,,,,,,,
286,0.27249999999999996,0.27249999999999996,DAD,0.5998814105987549,18304,4.3926682472229,,,,,,,,,
287,0.260625,0.260625,DAD,0.5950498580932617,18368,4.392770290374756,,,,,,,,,
288,0.27625,0.27625,DAD,0.5950593948364258,18432,4.392796993255615,,,,,,,,,
289,0.276875,0.276875,DAD,0.592479944229126,18496,4.392762184143066,,,,,,,,,
290,0.26937500000000003,0.26937500000000003,DAD,0.5992193222045898,18560,4.392737865447998,,,,,,,,,
291,0.26875000000000004,0.26875000000000004,DAD,0.5958149433135986,18624,4.392678737640381,,,,,,,,,
292,0.298125,0.298125,DAD,0.596949577331543,18688,4.392659664154053,,,,,,,,,
293,0.275625,0.275625,DAD,0.599773645401001,18752,4.392680644989014,,,,,,,,,
294,0.28875000000000006,0.28875000000000006,DAD,0.5938923358917236,18816,4.392622470855713,,,,,,,,,
295,0.28,0.28,DAD,0.6001529693603516,18880,4.392697334289551,,,,,,,,,
296,0.299375,0.299375,DAD,0.633784294128418,18944,4.392812252044678,,,,,,,,,
297,0.270625,0.270625,DAD,0.5901985168457031,19008,4.3928728103637695,,,,,,,,,
298,0.27625,0.27625,DAD,0.5902862548828125,19072,4.392989635467529,,,,,,,,,
299,0.280625,0.280625,DAD,0.5908288955688477,19136,4.393104076385498,,,,,,,,,
300,0.29500000000000004,0.29500000000000004,DAD,0.5945241451263428,19200,4.393349647521973,0.283125,35,2.9566832782305865,0.2734375,0.1328125,0,0.017187499999999998,1001.11125,1
301,0.27437500000000004,0.27437500000000004,DAD,0.5908854007720947,19264,4.393222808837891,,,,,,,,,
302,0.299375,0.299375,DAD,0.5928316116333008,19328,4.393141269683838,,,,,,,,,
303,0.2725,0.2725,DAD,0.5906336307525635,19392,4.393049716949463,,,,,,,,,
304,0.27375,0.27375,DAD,0.5930037498474121,19456,4.392996311187744,,,,,,,,,
305,0.28812499999999996,0.28812499999999996,DAD,0.5925750732421875,19520,4.393062114715576,,,,,,,,,
306,0.294375,0.294375,DAD,0.5913715362548828,19584,4.393036842346191,,,,,,,,,
307,0.31,0.31,DAD,0.5908575057983398,19648,4.392930507659912,,,,,,,,,
308,0.27499999999999997,0.27499999999999997,DAD,0.5933897495269775,19712,4.392817974090576,,,,,,,,,
309,0.24875,0.24875,DAD,0.5962803363800049,19776,4.39289665222168,,,,,,,,,
310,0.288125,0.288125,DAD,0.5969653129577637,19840,4.392669200897217,,,,,,,,,
311,0.2775,0.2775,DAD,0.5923082828521729,19904,4.392820358276367,,,,,,,,,
312,0.27125,0.27125,DAD,0.5976583957672119,19968,4.392724514007568,,,,,,,,,
313,0.26812500000000006,0.26812500000000006,DAD,0.5963802337646484,20032,4.39269495010376,,,,,,,,,
314,0.271875,0.271875,DAD,0.5913248062133789,20096,4.39270544052124,,,,,,,,,
315,0.27999999999999997,0.27999999999999997,DAD,0.5923335552215576,20160,4.392605781555176,,,,,,,,,
316,0.25625,0.25625,DAD,0.592806339263916,20224,4.392520427703857,,,,,,,,,
317,0.24,0.24,DAD,0.5904700756072998,20288,4.392414569854736,,,,,,,,,
318,0.298125,0.298125,DAD,0.5932145118713379,20352,4.392425060272217,,,,,,,,,
319,0.291875,0.291875,DAD,0.5928220748901367,20416,4.3923516273498535,,,,,,,,,
320,0.30375,0.30375,DAD,0.5905485153198242,20480,4.392406463623047,,,,,,,,,
321,0.268125,0.268125,DAD,0.5946226119995117,20544,4.392186641693115,,,,,,,,,
322,0.27437500000000004,0.27437500000000004,DAD,0.5912895202636719,20608,4.392223358154297,,,,,,,,,
323,0.29312499999999997,0.29312499999999997,DAD,0.5926773548126221,20672,4.3919806480407715,,,,,,,,,
324,0.290625,0.290625,DAD,0.5901908874511719,20736,4.391671657562256,,,,,,,,,
325,0.30562500000000004,0.30562500000000004,DAD,0.5912408828735352,20800,4.391631603240967,0.31000000000000005,51,3.533910096329712,0.3984375,0.1171875,0,0.014374999999999999,1000.981875,1
326,0.27437500000000004,0.27437500000000004,DAD,0.5897104740142822,20864,4.3912506103515625,,,,,,,,,
327,0.2825,0.2825,DAD,0.5915493965148926,20928,4.391178131103516,,,,,,,,,
328,0.276875,0.276875,DAD,0.5931792259216309,20992,4.391204833984375,,,,,,,,,
329,0.2725,0.2725,DAD,0.5900640487670898,21056,4.3909125328063965,,,,,,,,,
330,0.290625,0.290625,DAD,0.5930373668670654,21120,4.3908185958862305,,,,,,,,,
331,0.294375,0.294375,DAD,0.5894794464111328,21184,4.390855312347412,,,,,,,,,
332,0.28437500000000004,0.28437500000000004,DAD,0.5911259651184082,21248,4.390743255615234,,,,,,,,,
333,0.26875000000000004,0.26875000000000004,DAD,0.5946271419525146,21312,4.390866756439209,,,,,,,,,
334,0.29125,0.29125,DAD,0.5923442840576172,21376,4.391064643859863,,,,,,,,,
335,0.286875,0.286875,DAD,0.5919394493103027,21440,4.39105749130249,,,,,,,,,
336,0.301875,0.301875,DAD,0.5908675193786621,21504,4.391153335571289,,,,,,,,,
337,0.2925,0.2925,DAD,0.592130184173584,21568,4.39115571975708,,,,,,,,,
338,0.278125,0.278125,DAD,0.5906107425689697,21632,4.390863418579102,,,,,,,,,
339,0.2625,0.2625,DAD,0.5909483432769775,21696,4.390979290008545,,,,,,,,,
340,0.3025,0.3025,DAD,0.5930526256561279,21760,4.391172885894775,,,,,,,,,
341,0.3025,0.3025,DAD,0.5916850566864014,21824,4.391119956970215,,,,,,,,,
342,0.31062500000000004,0.31062500000000004,DAD,0.592846155166626,21888,4.3911261558532715,,,,,,,,,
343,0.2675,0.2675,DAD,0.5916330814361572,21952,4.39104700088501,,,,,,,,,
344,0.26,0.26,DAD,0.5942859649658203,22016,4.3909735679626465,,,,,,,,,
345,0.29874999999999996,0.29874999999999996,DAD,0.5901610851287842,22080,4.390845775604248,,,,,,,,,
346,0.26625,0.26625,DAD,0.5898270606994629,22144,4.39096736907959,,,,,,,,,
347,0.299375,0.299375,DAD,0.592465877532959,22208,4.390974521636963,,,,,,,,,
348,0.27375000000000005,0.27375000000000005,DAD,0.5924882888793945,22272,4.390937328338623,,,,,,,,,
349,0.263125,0.263125,DAD,0.5916135311126709,22336,4.391000270843506,,,,,,,,,
350,0.28,0.28,DAD,0.5917754173278809,22400,4.390857219696045,0.2878125,22,2.439881660398555,0.171875,0.1640625,0,0.0175,1001.4284375,0
351,0.2575,0.2575,DAD,0.5890746116638184,22464,4.390755653381348,,,,,,,,,
352,0.26187499999999997,0.26187499999999997,DAD,0.5897567272186279,22528,4.390570163726807,,,,,,,,,
353,0.28437500000000004,0.28437500000000004,DAD,0.5932474136352539,22592,4.390384197235107,,,,,,,,,
354,0.268125,0.268125,DAD,0.589709997177124,22656,4.389967441558838,,,,,,,,,
355,0.2875,0.2875,DAD,0.5908102989196777,22720,4.38959264755249,,,,,,,,,
356,0.28812499999999996,0.28812499999999996,DAD,0.5912497043609619,22784,4.388972759246826,,,,,,,,,
357,0.271875,0.271875,DAD,0.5899214744567871,22848,4.388367652893066,,,,,,,,,
358,0.315625,0.315625,DAD,0.5906281471252441,22912,4.387599945068359,,,,,,,,,
359,0.291875,0.291875,DAD,0.5900812149047852,22976,4.3870368003845215,,,,,,,,,
360,0.284375,0.284375,DAD,0.5911414623260498,23040,4.3863043785095215,,,,,,,,,
361,0.276875,0.276875,DAD,0.5899753570556641,23104,4.385653972625732,,,,,,,,,
362,0.28812499999999996,0.28812499999999996,DAD,0.5902607440948486,23168,4.384974002838135,,,,,,,,,
363,0.26749999999999996,0.26749999999999996,DAD,0.5915849208831787,23232,4.384159088134766,,,,,,,,,
364,0.296875,0.296875,DAD,0.5911438465118408,23296,4.3836188316345215,,,,,,,,,
365,0.28500000000000003,0.28500000000000003,DAD,0.5909461975097656,23360,4.383086204528809,,,,,,,,,
366,0.285625,0.285625,DAD,0.5906054973602295,23424,4.382775783538818,,,,,,,,,
367,0.31562500000000004,0.31562500000000004,DAD,0.5920917987823486,23488,4.382569313049316,,,,,,,,,
368,0.29125,0.29125,DAD,0.5911998748779297,23552,4.382308006286621,,,,,,,,,
369,0.29875,0.29875,DAD,0.5914306640625,23616,4.382169246673584,,,,,,,,,
370,0.25312500000000004,0.25312500000000004,DAD,0.5911350250244141,23680,4.382066249847412,,,,,,,,,
371,0.285625,0.285625,DAD,0.5907433032989502,23744,4.382020473480225,,,,,,,,,
372,0.301875,0.301875,DAD,0.5931742191314697,23808,4.382070541381836,,,,,,,,,
373,0.27625,0.27625,DAD,0.5894510746002197,23872,4.3821702003479,,,,,,,,,
374,0.31625000000000003,0.31625000000000003,DAD,0.5928988456726074,23936,4.382012367248535,,,,,,,,,
375,0.25375000000000003,0.25375000000000003,DAD,0.5907785892486572,24000,4.382025241851807,0.2881250000000001,23,2.716707448023005,0.1796875,0.171875,0,0.0175,1001.506875,0
376,0.2575,0.2575,DAD,0.5899519920349121,24064,4.381654262542725,,,,,,,,,
377,0.274375,0.274375,DAD,0.5896327495574951,24128,4.381404876708984,,,,,,,,,
378,0.303125,0.303125,DAD,0.591829776763916,24192,4.381213188171387,,,,,,,,,
379,0.30000000000000004,0.30000000000000004,DAD,0.5922164916992188,24256,4.381150722503662,,,,,,,,,
380,0.28,0.28,DAD,0.5904541015625,24320,4.381227016448975,,,,,,,,,
381,0.286875,0.286875,DAD,0.5922591686248779,24384,4.3812785148620605,,,,,,,,,
382,0.30375,0.30375,DAD,0.5899069309234619,24448,4.381404399871826,,,,,,,,,
383,0.27875000000000005,0.27875000000000005,DAD,0.5918731689453125,24512,4.3814826011657715,,,,,,,,,
384,0.265625,0.265625,DAD,0.5894238948822021,24576,4.381746768951416,,,,,,,,,
385,0.29437500000000005,0.29437500000000005,DAD,0.5973489284515381,24640,4.381813049316406,,,,,,,,,
386,0.273125,0.273125,DAD,0.5999550819396973,24704,4.381925106048584,,,,,,,,,
387,0.28375,0.28375,DAD,0.5946941375732422,24768,4.382137298583984,,,,,,,,,
388,0.29625,0.29625,DAD,0.5998096466064453,24832,4.382140636444092,,,,,,,,,
389,0.25937499999999997,0.25937499999999997,DAD,0.5940108299255371,24896,4.3823418617248535,,,,,,,,,
390,0.279375,0.279375,DAD,0.5990340709686279,24960,4.382537364959717,,,,,,,,,
391,0.295625,0.295625,DAD,0.6017177104949951,25024,4.382756233215332,,,,,,,,,
392,0.275,0.275,DAD,0.5928666591644287,25088,4.382733345031738,,,,,,,,,
393,0.29125,0.29125,DAD,0.6008045673370361,25152,4.38271951675415,,,,,,,,,
394,0.27937500000000004,0.27937500000000004,DAD,0.5922441482543945,25216,4.3825602531433105,,,,,,,,,
395,0.27125,0.27125,DAD,0.5964529514312744,25280,4.382247447967529,,,,,,,,,
396,0.275625,0.275625,DAD,0.601569652557373,25344,4.382216930389404,,,,,,,,,
397,0.283125,0.283125,DAD,0.5969336032867432,25408,4.382044315338135,,,,,,,,,
398,0.29437500000000005,0.29437500000000005,DAD,0.5941123962402344,25472,4.381895065307617,,,,,,,,,
399,0.29000000000000004,0.29000000000000004,DAD,0.5918920040130615,25536,4.381886005401611,,,,,,,,,
400,0.289375,0.289375,DAD,0.5928628444671631,25600,4.381936073303223,0.31062500000000004,32,2.8747348847109078,0.25,0.1015625,0,0.0096875,1000.82625,1
401,0.283125,0.283125,DAD,0.5904719829559326,25664,4.382032871246338,,,,,,,,,
402,0.265625,0.265625,DAD,0.5929806232452393,25728,4.382031440734863,,,,,,,,,
403,0.28125,0.28125,DAD,0.5909180641174316,25792,4.382002830505371,,,,,,,,,
404,0.290625,0.290625,DAD,0.594569206237793,25856,4.381948947906494,,,,,,,,,
405,0.3075,0.3075,DAD,0.5932683944702148,25920,4.381832599639893,,,,,,,,,
406,0.29875,0.29875,DAD,0.5919270515441895,25984,4.381625652313232,,,,,,,,,
407,0.30000000000000004,0.30000000000000004,DAD,0.5930252075195312,26048,4.3814496994018555,,,,,,,,,
408,0.3125,0.3125,DAD,0.5906186103820801,26112,4.38127326965332,,,,,,,,,
409,0.278125,0.278125,DAD,0.5919208526611328,26176,4.381213188171387,,,,,,,,,
410,0.2775,0.2775,DAD,0.5903811454772949,26240,4.381097793579102,,,,,,,,,
411,0.285625,0.285625,DAD,0.5926811695098877,26304,4.380948066711426,,,,,,,,,
412,0.273125,0.273125,DAD,0.5929000377655029,26368,4.3808488845825195,,,,,,,,,
413,0.27312500000000006,0.27312500000000006,DAD,0.5897955894470215,26432,4.380640506744385,,,,,,,,,
414,0.306875,0.306875,DAD,0.592886209487915,26496,4.380592346191406,,,,,,,,,
415,0.28375,0.28375,DAD,0.5913331508636475,26560,4.3803935050964355,,,,,,,,,
416,0.294375,0.294375,DAD,0.5960350036621094,26624,4.380108833312988,,,,,,,,,
417,0.309375,0.309375,DAD,0.5925776958465576,26688,4.379878997802734,,,,,,,,,
418,0.28,0.28,DAD,0.5934939384460449,26752,4.37963342666626,,,,,,,,,
419,0.30062500000000003,0.30062500000000003,DAD,0.5924434661865234,26816,4.379199504852295,,,,,,,,,
420,0.274375,0.274375,DAD,0.5897791385650635,26880,4.379134654998779,,,,,,,,,
421,0.264375,0.264375,DAD,0.5935671329498291,26944,4.3790388107299805,,,,,,,,,
422,0.303125,0.303125,DAD,0.5902783870697021,27008,4.378854751586914,,,,,,,,,
423,0.28437500000000004,0.28437500000000004,DAD,0.5905590057373047,27072,4.3788299560546875,,,,,,,,,
424,0.2825,0.2825,DAD,0.5934739112854004,27136,4.37897253036499,,,,,,,,,
425,0.28375000000000006,0.28375000000000006,DAD,0.592057466506958,27200,4.378986358642578,0.2946875000000001,29,2.7832270465430433,0.2265625,0.1328125,0,0.01125,1001.1228125,0
426,0.26249999999999996,0.26249999999999996,DAD,0.589092493057251,27264,4.378782749176025,,,,,,,,,
427,0.275,0.275,DAD,0.5913798809051514,27328,4.378621578216553,,,,,,,,,
428,0.304375,0.304375,DAD,0.591954231262207,27392,4.3784918785095215,,,,,,,,,
429,0.2975,0.2975,DAD,0.5930352210998535,27456,4.378365516662598,,,,,,,,,
430,0.29125,0.29125,DAD,0.5930097103118896,27520,4.378494739532471,,,,,,,,,
431,0.28750000000000003,0.28750000000000003,DAD,0.59173583984375,27584,4.378599643707275,,,,,,,,,
432,0.27249999999999996,0.27249999999999996,DAD,0.590158224105835,27648,4.378743648529053,,,,,,,,,
433,0.27875,0.27875,DAD,0.5906062126159668,27712,4.37902307510376,,,,,,,,,
434,0.279375,0.279375,DAD,0.5929956436157227,27776,4.379574775695801,,,,,,,,,
435,0.29125,0.29125,DAD,0.591639518737793,27840,4.3800482749938965,,,,,,,,,
436,0.295,0.295,DAD,0.5920984745025635,27904,4.380262851715088,,,,,,,,,
437,0.30125,0.30125,DAD,0.5934698581695557,27968,4.3802409172058105,,,,,,,,,
438,0.2675,0.2675,DAD,0.5914444923400879,28032,4.380374908447266,,,,,,,,,
439,0.27999999999999997,0.27999999999999997,DAD,0.5902235507965088,28096,4.380401134490967,,,,,,,,,
440,0.311875,0.311875,DAD,0.5933191776275635,28160,4.380548000335693,,,,,,,,,
441,0.27312500000000006,0.27312500000000006,DAD,0.5927944183349609,28224,4.380680084228516,,,,,,,,,
442,0.28500000000000003,0.28500000000000003,DAD,0.5908768177032471,28288,4.380664825439453,,,,,,,,,
443,0.285625,0.285625,DAD,0.5916292667388916,28352,4.381062984466553,,,,,,,,,
444,0.290625,0.290625,DAD,0.5934278964996338,28416,4.381019592285156,,,,,,,,,
445,0.295625,0.295625,DAD,0.5937397480010986,28480,4.381613254547119,,,,,,,,,
446,0.28375,0.28375,DAD,0.593083381652832,28544,4.381803512573242,,,,,,,,,
447,0.288125,0.288125,DAD,0.5940322875976562,28608,4.382187843322754,,,,,,,,,
448,0.28,0.28,DAD,0.592057466506958,28672,4.382334232330322,,,,,,,,,
449,0.313125,0.313125,DAD,0.5912117958068848,28736,4.3824238777160645,,,,,,,,,
450,0.29312499999999997,0.29312499999999997,DAD,0.5906262397766113,28800,4.382802963256836,0.2825000000000001,30,2.8700892574274555,0.234375,0.1875,0,0.01625,1001.6575,0
451,0.301875,0.301875,DAD,0.5904080867767334,28864,4.382721900939941,,,,,,,,,
452,0.3025,0.3025,DAD,0.5904433727264404,28928,4.382962703704834,,,,,,,,,
453,0.29875,0.29875,DAD,0.6346735954284668,28992,4.3830885887146,,,,,,,,,
454,0.30500000000000005,0.30500000000000005,DAD,0.5910778045654297,29056,4.3833842277526855,,,,,,,,,
455,0.27625,0.27625,DAD,0.592571496963501,29120,4.383510589599609,,,,,,,,,
456,0.26687500000000003,0.26687500000000003,DAD,0.595250129699707,29184,4.384210109710693,,,,,,,,,
457,0.29437500000000005,0.29437500000000005,DAD,0.5907766819000244,29248,4.3843913078308105,,,,,,,,,
458,0.276875,0.276875,DAD,0.6029489040374756,29312,4.384975433349609,,,,,,,,,
459,0.30437499999999995,0.30437499999999995,DAD,0.5954840183258057,29376,4.384933948516846,,,,,,,,,
460,0.28125,0.28125,DAD,0.6015269756317139,29440,4.385063171386719,,,,,,,,,
461,0.28,0.28,DAD,0.5930004119873047,29504,4.385266304016113,,,,,,,,,
462,0.279375,0.279375,DAD,0.5995526313781738,29568,4.385164737701416,,,,,,,,,
463,0.30312500000000003,0.30312500000000003,DAD,0.6020619869232178,29632,4.384726524353027,,,,,,,,,
464,0.295,0.295,DAD,0.5949914455413818,29696,4.384853839874268,,,,,,,,,
465,0.28437500000000004,0.28437500000000004,DAD,0.6004090309143066,29760,4.3848185539245605,,,,,,,,,
466,0.29125,0.29125,DAD,0.59291672706604,29824,4.384738445281982,,,,,,,,,
467,0.2975,0.2975,DAD,0.5918798446655273,29888,4.384668827056885,,,,,,,,,
468,0.30625,0.30625,DAD,0.6008944511413574,29952,4.384627342224121,,,,,,,,,
469,0.266875,0.266875,DAD,0.59657883644104,30016,4.384463787078857,,,,,,,,,
470,0.295625,0.295625,DAD,0.6000185012817383,30080,4.384395599365234,,,,,,,,,
471,0.26375,0.26375,DAD,0.592414140701294,30144,4.384261131286621,,,,,,,,,
472,0.303125,0.303125,DAD,0.6009922027587891,30208,4.384042263031006,,,,,,,,,
473,0.278125,0.278125,DAD,0.6011409759521484,30272,4.383691310882568,,,,,,,,,
474,0.298125,0.298125,DAD,0.5955901145935059,30336,4.383120059967041,,,,,,,,,
475,0.31124999999999997,0.31124999999999997,DAD,0.6007239818572998,30400,4.382545471191406,0.2846875,23,2.063557840332471,0.1796875,0.1640625,0,0.017187499999999998,1001.4253125,0
476,0.291875,0.291875,DAD,0.5887317657470703,30464,4.381909370422363,,,,,,,,,
477,0.306875,0.306875,DAD,0.6019420623779297,30528,4.380809307098389,,,,,,,,,
478,0.2825,0.2825,DAD,0.5964920520782471,30592,4.379698753356934,,,,,,,,,
479,0.320625,0.320625,DAD,0.5997231006622314,30656,4.378691673278809,,,,,,,,,
480,0.280625,0.280625,DAD,0.5944263935089111,30720,4.377955436706543,,,,,,,,,
481,0.280625,0.280625,DAD,0.600872278213501,30784,4.377213478088379,,,,,,,,,
482,0.29,0.29,DAD,0.6026108264923096,30848,4.376613616943359,,,,,,,,,
483,0.29812500000000003,0.29812500000000003,DAD,0.5935306549072266,30912,4.376476287841797,,,,,,,,,
484,0.28625,0.28625,DAD,0.6007988452911377,30976,4.376297473907471,,,,,,,,,
485,0.294375,0.294375,DAD,0.5957057476043701,31040,4.375495433807373,,,,,,,,,
486,0.2925,0.2925,DAD,0.5962944030761719,31104,4.374991416931152,,,,,,,,,
487,0.2825,0.2825,DAD,0.5933835506439209,31168,4.374156951904297,,,,,,,,,
488,0.279375,0.279375,DAD,0.5992329120635986,31232,4.37378454208374,,,,,,,,,
489,0.290625,0.290625,DAD,0.5995221138000488,31296,4.373272895812988,,,,,,,,,
490,0.315,0.315,DAD,0.5962896347045898,31360,4.372275352478027,,,,,,,,,
491,0.275625,0.275625,DAD,0.601212739944458,31424,4.3718180656433105,,,,,,,,,
492,0.27,0.27,DAD,0.5939686298370361,31488,4.371192932128906,,,,,,,,,
493,0.27125,0.27125,DAD,0.5931572914123535,31552,4.370788097381592,,,,,,,,,
494,0.26125,0.26125,DAD,0.6012113094329834,31616,4.37067174911499,,,,,,,,,
495,0.26,0.26,DAD,0.5981791019439697,31680,4.370147705078125,,,,,,,,,
496,0.300625,0.300625,DAD,0.5969424247741699,31744,4.370053768157959,,,,,,,,,
497,0.276875,0.276875,DAD,0.5952033996582031,31808,4.369827747344971,,,,,,,,,
498,0.28,0.28,DAD,0.6003150939941406,31872,4.369449138641357,,,,,,,,,
499,0.30000000000000004,0.30000000000000004,DAD,0.5921330451965332,31936,4.369484901428223,,,,,,,,,
500,0.28875000000000006,0.28875000000000006,DAD,0.5986599922180176,32000,4.369668483734131,0.2896875000000001,19,1.9580490430816013,0.1484375,0.1484375,0,0.0128125,1001.2740625,0
501,0.255,0.255,DAD,0.5940711498260498,32064,4.369673252105713,,,,,,,,,
502,0.2875,0.2875,DAD,0.5925581455230713,32128,4.369608402252197,,,,,,,,,
503,0.271875,0.271875,DAD,0.6006405353546143,32192,4.369243144989014,,,,,,,,,
504,0.28125,0.28125,DAD,0.5964992046356201,32256,4.368288516998291,,,,,,,,,
505,0.30875,0.30875,DAD,0.5929374694824219,32320,4.368157863616943,,,,,,,,,
506,0.30312500000000003,0.30312500000000003,DAD,0.5941028594970703,32384,4.36738920211792,,,,,,,,,
507,0.28812499999999996,0.28812499999999996,DAD,0.5989055633544922,32448,4.367103576660156,,,,,,,,,
508,0.28375,0.28375,DAD,0.5928022861480713,32512,4.367254257202148,,,,,,,,,
509,0.279375,0.279375,DAD,0.5982813835144043,32576,4.367374420166016,,,,,,,,,
510,0.29875,0.29875,DAD,0.60042405128479,32640,4.367941379547119,,,,,,,,,
511,0.26625,0.26625,DAD,0.5956859588623047,32704,4.368045330047607,,,,,,,,,
512,0.30374999999999996,0.30374999999999996,DAD,0.5915796756744385,32768,4.3683600425720215,,,,,,,,,
513,0.27125,0.27125,DAD,0.5927531719207764,32832,4.368757724761963,,,,,,,,,
514,0.28812499999999996,0.28812499999999996,DAD,0.5982294082641602,32896,4.36934232711792,,,,,,,,,
515,0.255625,0.255625,DAD,0.5933549404144287,32960,4.369883060455322,,,,,,,,,
516,0.2975,0.2975,DAD,0.5973978042602539,33024,4.370517253875732,,,,,,,,,
517,0.295625,0.295625,DAD,0.599158525466919,33088,4.370782375335693,,,,,,,,,
518,0.28374999999999995,0.28374999999999995,DAD,0.593996524810791,33152,4.371209144592285,,,,,,,,,
519,0.313125,0.313125,DAD,0.6002063751220703,33216,4.371626377105713,,,,,,,,,
520,0.288125,0.288125,DAD,0.5920672416687012,33280,4.372025966644287,,,,,,,,,
521,0.30624999999999997,0.30624999999999997,DAD,0.5919229984283447,33344,4.371927738189697,,,,,,,,,
522,0.286875,0.286875,DAD,0.5898914337158203,33408,4.37191915512085,,,,,,,,,
523,0.275625,0.275625,DAD,0.5905513763427734,33472,4.371865749359131,,,,,,,,,
524,0.313125,0.313125,DAD,0.592280387878418,33536,4.372165203094482,,,,,,,,,
525,0.27,0.27,DAD,0.5907223224639893,33600,4.372291088104248,0.2803125000000001,16,1.8233402899545446,0.125,0.0078125,1,0.0012500000000000002,0.2803125000000001,0
526,0.30937499999999996,0.30937499999999996,DAD,0.5901618003845215,33664,4.3724684715271,,,,,,,,,
527,0.27812499999999996,0.27812499999999996,DAD,0.5923483371734619,33728,4.372819423675537,,,,,,,,,
528,0.27375,0.27375,DAD,0.5946359634399414,33792,4.373053073883057,,,,,,,,,
529,0.28312499999999996,0.28312499999999996,DAD,0.5899860858917236,33856,4.373471736907959,,,,,,,,,
530,0.2975,0.2975,DAD,0.5935835838317871,33920,4.374000549316406,,,,,,,,,
531,0.265625,0.265625,DAD,0.5939288139343262,33984,4.374393463134766,,,,,,,,,
532,0.301875,0.301875,DAD,0.5978026390075684,34048,4.375040531158447,,,,,,,,,
533,0.283125,0.283125,DAD,0.6010735034942627,34112,4.375720024108887,,,,,,,,,
534,0.283125,0.283125,DAD,0.590965986251831,34176,4.375972270965576,,,,,,,,,
535,0.273125,0.273125,DAD,0.5932879447937012,34240,4.37624454498291,,,,,,,,,
536,0.288125,0.288125,DAD,0.5900130271911621,34304,4.376589298248291,,,,,,,,,
537,0.28437500000000004,0.28437500000000004,DAD,0.5921730995178223,34368,4.376834869384766,,,,,,,,,
538,0.28937500000000005,0.28937500000000005,DAD,0.5936300754547119,34432,4.377295017242432,,,,,,,,,
539,0.314375,0.314375,DAD,0.5923454761505127,34496,4.377838134765625,,,,,,,,,
540,0.27375,0.27375,DAD,0.5937721729278564,34560,4.378100872039795,,,,,,,,,
541,0.29625,0.29625,DAD,0.5915987491607666,34624,4.378582954406738,,,,,,,,,
542,0.278125,0.278125,DAD,0.5942554473876953,34688,4.37898588180542,,,,,,,,,
543,0.28437500000000004,0.28437500000000004,DAD,0.5944423675537109,34752,4.379178524017334,,,,,,,,,
544,0.286875,0.286875,DAD,0.5921082496643066,34816,4.37927770614624,,,,,,,,,
545,0.290625,0.290625,DAD,0.5936641693115234,34880,4.379412651062012,,,,,,,,,
546,0.295625,0.295625,DAD,0.5939497947692871,34944,4.37952995300293,,,,,,,,,
547,0.296875,0.296875,DAD,0.5921485424041748,35008,4.379601955413818,,,,,,,,,
548,0.291875,0.291875,DAD,0.5941300392150879,35072,4.379791259765625,,,,,,,,,
549,0.28125,0.28125,DAD,0.593961238861084,35136,4.3797430992126465,,,,,,,,,
550,0.27437500000000004,0.27437500000000004,DAD,0.5948824882507324,35200,4.379608154296875,0.28437500000000004,25,2.097056968822052,0.1953125,0.1640625,0,0.015312499999999998,1001.425,0
551,0.26,0.26,DAD,0.5899474620819092,35264,4.379296779632568,,,,,,,,,
552,0.263125,0.263125,DAD,0.6007001399993896,35328,4.37886905670166,,,,,,,,,
553,0.27625,0.27625,DAD,0.5931856632232666,35392,4.378657817840576,,,,,,,,,
554,0.278125,0.278125,DAD,0.6012911796569824,35456,4.3785858154296875,,,,,,,,,
555,0.2875,0.2875,DAD,0.5962786674499512,35520,4.378812789916992,,,,,,,,,
556,0.265625,0.265625,DAD,0.5965149402618408,35584,4.379197597503662,,,,,,,,,
557,0.258125,0.258125,DAD,0.5938827991485596,35648,4.379504203796387,,,,,,,,,
558,0.2975,0.2975,DAD,0.6010184288024902,35712,4.38006591796875,,,,,,,,,
559,0.298125,0.298125,DAD,0.6000635623931885,35776,4.380269527435303,,,,,,,,,
560,0.306875,0.306875,DAD,0.5980544090270996,35840,4.380658149719238,,,,,,,,,
561,0.278125,0.278125,DAD,0.6017849445343018,35904,4.3808112144470215,,,,,,,,,
562,0.29500000000000004,0.29500000000000004,DAD,0.6016054153442383,35968,4.380958080291748,,,,,,,,,
563,0.286875,0.286875,DAD,0.5938119888305664,36032,4.381040096282959,,,,,,,,,
564,0.271875,0.271875,DAD,0.6015193462371826,36096,4.381032466888428,,,,,,,,,
565,0.24375000000000002,0.24375000000000002,DAD,0.600980281829834,36160,4.381117343902588,,,,,,,,,
566,0.30062500000000003,0.30062500000000003,DAD,0.5973351001739502,36224,4.381251811981201,,,,,,,,,
567,0.27875,0.27875,DAD,0.5998303890228271,36288,4.381288528442383,,,,,,,,,
568,0.27437500000000004,0.27437500000000004,DAD,0.6004807949066162,36352,4.381310939788818,,,,,,,,,
569,0.296875,0.296875,DAD,0.5992443561553955,36416,4.381167888641357,,,,,,,,,
570,0.27625,0.27625,DAD,0.6007120609283447,36480,4.381174564361572,,,,,,,,,
571,0.27437500000000004,0.27437500000000004,DAD,0.6002981662750244,36544,4.380867004394531,,,,,,,,,
572,0.29874999999999996,0.29874999999999996,DAD,0.6007113456726074,36608,4.3804779052734375,,,,,,,,,
573,0.26125,0.26125,DAD,0.5938162803649902,36672,4.379937171936035,,,,,,,,,
574,0.290625,0.290625,DAD,0.6006009578704834,36736,4.3795928955078125,,,,,,,,,
575,0.27,0.27,DAD,0.6013391017913818,36800,4.3793158531188965,0.2803125000000001,13,2.2539016615848153,0.1015625,0.0,1,0.0,0.2803125000000001,0
576,0.2725,0.2725,DAD,0.5919864177703857,36864,4.379369735717773,,,,,,,,,
577,0.2975,0.2975,DAD,0.6008884906768799,36928,4.379481792449951,,,,,,,,,
578,0.25125000000000003,0.25125000000000003,DAD,0.597243070602417,36992,4.379746913909912,,,,,,,,,
579,0.298125,0.298125,DAD,0.6016290187835693,37056,4.3797430992126465,,,,,,,,,
580,0.25875000000000004,0.25875000000000004,DAD,0.5978889465332031,37120,4.379746913909912,,,,,,,,,
581,0.271875,0.271875,DAD,0.5965380668640137,37184,4.37982177734375,,,,,,,,,
582,0.3075,0.3075,DAD,0.6010334491729736,37248,4.380004405975342,,,,,,,,,
583,0.286875,0.286875,DAD,0.6013247966766357,37312,4.380245208740234,,,,,,,,,
584,0.28500000000000003,0.28500000000000003,DAD,0.6000335216522217,37376,4.380435943603516,,,,,,,,,
585,0.29000000000000004,0.29000000000000004,DAD,0.5943925380706787,37440,4.3805155754089355,,,,,,,,,
586,0.275,0.275,DAD,0.602872371673584,37504,4.380551338195801,,,,,,,,,
587,0.275,0.275,DAD,0.6053903102874756,37568,4.380590915679932,,,,,,,,,
588,0.281875,0.281875,DAD,0.6035177707672119,37632,4.380856513977051,,,,,,,,,
589,0.28500000000000003,0.28500000000000003,DAD,0.6042327880859375,37696,4.381228446960449,,,,,,,,,
590,0.29374999999999996,0.29374999999999996,DAD,0.6027188301086426,37760,4.381465911865234,,,,,,,,,
591,0.26625,0.26625,DAD,0.6004188060760498,37824,4.381754398345947,,,,,,,,,
592,0.28937500000000005,0.28937500000000005,DAD,0.6013708114624023,37888,4.382054328918457,,,,,,,,,
593,0.2975,0.2975,DAD,0.6008245944976807,37952,4.382139682769775,,,,,,,,,
594,0.281875,0.281875,DAD,0.6010634899139404,38016,4.381916046142578,,,,,,,,,
595,0.2825,0.2825,DAD,0.59613037109375,38080,4.3817973136901855,,,,,,,,,
596,0.273125,0.273125,DAD,0.6009762287139893,38144,4.381585597991943,,,,,,,,,
597,0.271875,0.271875,DAD,0.6030950546264648,38208,4.38148832321167,,,,,,,,,
598,0.27937500000000004,0.27937500000000004,DAD,0.5986428260803223,38272,4.38119649887085,,,,,,,,,
599,0.28,0.28,DAD,0.6014618873596191,38336,4.380922794342041,,,,,,,,,
600,0.27937500000000004,0.27937500000000004,DAD,0.6006195545196533,38400,4.380643367767334,0.275,28,2.5605666782898338,0.21875,0.0,1,0.0,0.275,0
601,0.276875,0.276875,DAD,0.5901467800140381,38464,4.380423545837402,,,,,,,,,
602,0.27812499999999996,0.27812499999999996,DAD,0.5937860012054443,38528,4.380355358123779,,,,,,,,,
603,0.291875,0.291875,DAD,0.5934994220733643,38592,4.380298614501953,,,,,,,,,
604,0.298125,0.298125,DAD,0.5909395217895508,38656,4.380659580230713,,,,,,,,,
605,0.2925,0.2925,DAD,0.5941753387451172,38720,4.380980968475342,,,,,,,,,
606,0.29937500000000006,0.29937500000000006,DAD,0.5946710109710693,38784,4.381496906280518,,,,,,,,,
607,0.29937499999999995,0.29937499999999995,DAD,0.5912659168243408,38848,4.38178014755249,,,,,,,,,
608,0.253125,0.253125,DAD,0.5930531024932861,38912,4.38208532333374,,,,,,,,,
609,0.296875,0.296875,DAD,0.5934648513793945,38976,4.382152557373047,,,,,,,,,
610,0.270625,0.270625,DAD,0.5929832458496094,39040,4.382443904876709,,,,,,,,,
611,0.27249999999999996,0.27249999999999996,DAD,0.594202995300293,39104,4.382752418518066,,,,,,,,,
612,0.30125,0.30125,DAD,0.5941846370697021,39168,4.383244514465332,,,,,,,,,
613,0.27187500000000003,0.27187500000000003,DAD,0.5945417881011963,39232,4.383704662322998,,,,,,,,,
614,0.28375,0.28375,DAD,0.5914082527160645,39296,4.384197235107422,,,,,,,,,
615,0.29000000000000004,0.29000000000000004,DAD,0.6350297927856445,39360,4.384562969207764,,,,,,,,,
616,0.27375000000000005,0.27375000000000005,DAD,0.5937390327453613,39424,4.384883403778076,,,,,,,,,
617,0.28875,0.28875,DAD,0.5912666320800781,39488,4.385167121887207,,,,,,,,,
618,0.293125,0.293125,DAD,0.5935204029083252,39552,4.385453701019287,,,,,,,,,
619,0.280625,0.280625,DAD,0.5934410095214844,39616,4.385683536529541,,,,,,,,,
620,0.27749999999999997,0.27749999999999997,DAD,0.5925817489624023,39680,4.386012554168701,,,,,,,,,
621,0.296875,0.296875,DAD,0.5949492454528809,39744,4.386254787445068,,,,,,,,,
622,0.291875,0.291875,DAD,0.5940754413604736,39808,4.3865437507629395,,,,,,,,,
623,0.27749999999999997,0.27749999999999997,DAD,0.5937900543212891,39872,4.38678503036499,,,,,,,,,
624,0.299375,0.299375,DAD,0.5917212963104248,39936,4.3870849609375,,,,,,,,,
625,0.296875,0.296875,DAD,0.5939209461212158,40000,4.387471675872803,0.2778125,26,2.7325426498258785,0.203125,0.0,1,0.0,0.2778125,0
626,0.28125,0.28125,DAD,0.5913774967193604,40064,4.387881755828857,,,,,,,,,
627,0.276875,0.276875,DAD,0.5924355983734131,40128,4.388177871704102,,,,,,,,,
628,0.274375,0.274375,DAD,0.5934574604034424,40192,4.388436317443848,,,,,,,,,
629,0.29437500000000005,0.29437500000000005,DAD,0.5911865234375,40256,4.3887248039245605,,,,,,,,,
630,0.294375,0.294375,DAD,0.593036413192749,40320,4.389161109924316,,,,,,,,,
631,0.30875,0.30875,DAD,0.5931851863861084,40384,4.389473915100098,,,,,,,,,
632,0.29937500000000006,0.29937500000000006,DAD,0.5924811363220215,40448,4.389978885650635,,,,,,,,,
633,0.26749999999999996,0.26749999999999996,DAD,0.5933303833007812,40512,4.390369892120361,,,,,,,,,
634,0.255,0.255,DAD,0.5928432941436768,40576,4.3908514976501465,,,,,,,,,
635,0.27687500000000004,0.27687500000000004,DAD,0.594008207321167,40640,4.39116096496582,,,,,,,,,
636,0.255625,0.255625,DAD,0.5910537242889404,40704,4.3915486335754395,,,,,,,,,
637,0.275625,0.275625,DAD,0.5931394100189209,40768,4.39171028137207,,,,,,,,,
638,0.295,0.295,DAD,0.5938091278076172,40832,4.3917059898376465,,,,,,,,,
639,0.28312499999999996,0.28312499999999996,DAD,0.5919837951660156,40896,4.391871929168701,,,,,,,,,
640,0.31062500000000004,0.31062500000000004,DAD,0.5933451652526855,40960,4.391968727111816,,,,,,,,,
641,0.27249999999999996,0.27249999999999996,DAD,0.594310998916626,41024,4.392026901245117,,,,,,,,,
642,0.290625,0.290625,DAD,0.5926587581634521,41088,4.391824245452881,,,,,,,,,
643,0.303125,0.303125,DAD,0.5904457569122314,41152,4.391523838043213,,,,,,,,,
644,0.29125,0.29125,DAD,0.5926563739776611,41216,4.3915557861328125,,,,,,,,,
645,0.278125,0.278125,DAD,0.5939722061157227,41280,4.391607284545898,,,,,,,,,
646,0.27687500000000004,0.27687500000000004,DAD,0.5912530422210693,41344,4.391587734222412,,,,,,,,,
647,0.28500000000000003,0.28500000000000003,DAD,0.5936205387115479,41408,4.391613483428955,,,,,,,,,
648,0.27875,0.27875,DAD,0.5929524898529053,41472,4.391499996185303,,,,,,,,,
649,0.290625,0.290625,DAD,0.5916614532470703,41536,4.391414165496826,,,,,,,,,
650,0.299375,0.299375,DAD,0.5933523178100586,41600,4.391390323638916,0.27875000000000005,19,2.312344370142496,0.1484375,0.0,1,0.0,0.27875000000000005,0
651,0.2775,0.2775,DAD,0.5914459228515625,41664,4.391534328460693,,,,,,,,,
652,0.2875,0.2875,DAD,0.5931074619293213,41728,4.391516208648682,,,,,,,,,
653,0.28125,0.28125,DAD,0.5932817459106445,41792,4.39155912399292,,,,,,,,,
654,0.2875,0.2875,DAD,0.5934755802154541,41856,4.391574859619141,,,,,,,,,
655,0.268125,0.268125,DAD,0.5912127494812012,41920,4.391829967498779,,,,,,,,,
656,0.291875,0.291875,DAD,0.5936720371246338,41984,4.391934871673584,,,,,,,,,
657,0.2875,0.2875,DAD,0.5927627086639404,42048,4.392014026641846,,,,,,,,,
658,0.284375,0.284375,DAD,0.5911905765533447,42112,4.392364025115967,,,,,,,,,
659,0.296875,0.296875,DAD,0.5930373668670654,42176,4.392422676086426,,,,,,,,,
660,0.27375000000000005,0.27375000000000005,DAD,0.5933735370635986,42240,4.392640590667725,,,,,,,,,
661,0.286875,0.286875,DAD,0.5932629108428955,42304,4.392748832702637,,,,,,,,,
662,0.28750000000000003,0.28750000000000003,DAD,0.5928962230682373,42368,4.392857551574707,,,,,,,,,
663,0.30125,0.30125,DAD,0.5936493873596191,42432,4.392945766448975,,,,,,,,,
664,0.29750000000000004,0.29750000000000004,DAD,0.5937216281890869,42496,4.392971992492676,,,,,,,,,
665,0.285625,0.285625,DAD,0.5918729305267334,42560,4.393101215362549,,,,,,,,,
666,0.28375,0.28375,DAD,0.5931568145751953,42624,4.39332914352417,,,,,,,,,
667,0.28375,0.28375,DAD,0.5934629440307617,42688,4.393405914306641,,,,,,,,,
668,0.27125,0.27125,DAD,0.591632604598999,42752,4.393616676330566,,,,,,,,,
669,0.2625,0.2625,DAD,0.594125509262085,42816,4.393683910369873,,,,,,,,,
670,0.29625,0.29625,DAD,0.5937728881835938,42880,4.393604755401611,,,,,,,,,
671,0.283125,0.283125,DAD,0.593679666519165,42944,4.393709659576416,,,,,,,,,
672,0.28375000000000006,0.28375000000000006,DAD,0.5937962532043457,43008,4.3937087059021,,,,,,,,,
673,0.24937499999999999,0.24937499999999999,DAD,0.5930943489074707,43072,4.393704891204834,,,,,,,,,
674,0.27312500000000006,0.27312500000000006,DAD,0.5934851169586182,43136,4.3938212394714355,,,,,,,,,
675,0.273125,0.273125,DAD,0.5930864810943604,43200,4.393976211547852,0.2778125000000001,12,1.8933380112400828,0.09375,0.0,1,0.0,0.2778125000000001,0
676,0.28375,0.28375,DAD,0.5905332565307617,43264,4.394139289855957,,,,,,,,,
677,0.26,0.26,DAD,0.5910477638244629,43328,4.394298076629639,,,,,,,,,
678,0.291875,0.291875,DAD,0.5930125713348389,43392,4.394436836242676,,,,,,,,,
679,0.271875,0.271875,DAD,0.593059778213501,43456,4.394628047943115,,,,,,,,,
680,0.305,0.305,DAD,0.5926251411437988,43520,4.394781589508057,,,,,,,,,
681,0.28125,0.28125,DAD,0.5936164855957031,43584,4.395026206970215,,,,,,,,,
682,0.2875,0.2875,DAD,0.5928633213043213,43648,4.395262241363525,,,,,,,,,
683,0.28874999999999995,0.28874999999999995,DAD,0.5933880805969238,43712,4.3955278396606445,,,,,,,,,
684,0.296875,0.296875,DAD,0.593299388885498,43776,4.3957109451293945,,,,,,,,,
685,0.25125000000000003,0.25125000000000003,DAD,0.6001541614532471,43840,4.395846843719482,,,,,,,,,
686,0.27,0.27,DAD,0.6147327423095703,43904,4.3960442543029785,,,,,,,,,
687,0.27125,0.27125,DAD,0.5930027961730957,43968,4.39612340927124,,,,,,,,,
688,0.31375000000000003,0.31375000000000003,DAD,0.5929148197174072,44032,4.3961310386657715,,,,,,,,,
689,0.30625,0.30625,DAD,0.5937309265136719,44096,4.396250247955322,,,,,,,,,
690,0.29062499999999997,0.29062499999999997,DAD,0.5924890041351318,44160,4.396429538726807,,,,,,,,,
691,0.25125,0.25125,DAD,0.5922105312347412,44224,4.396607875823975,,,,,,,,,
692,0.280625,0.280625,DAD,0.5931558609008789,44288,4.396701812744141,,,,,,,,,
693,0.30312500000000003,0.30312500000000003,DAD,0.5948159694671631,44352,4.396838665008545,,,,,,,,,
694,0.2925,0.2925,DAD,0.590965747833252,44416,4.396953582763672,,,,,,,,,
695,0.28625,0.28625,DAD,0.5932707786560059,44480,4.397037506103516,,,,,,,,,
696,0.285,0.285,DAD,0.5934853553771973,44544,4.397190093994141,,,,,,,,,
697,0.28,0.28,DAD,0.5923469066619873,44608,4.397364139556885,,,,,,,,,
698,0.30500000000000005,0.30500000000000005,DAD,0.5915875434875488,44672,4.397339820861816,,,,,,,,,
699,0.30000000000000004,0.30000000000000004,DAD,0.5933539867401123,44736,4.397432327270508,,,,,,,,,
700,0.308125,0.308125,DAD,0.5933351516723633,44800,4.397444248199463,0.288125,21,2.4212853053087824,0.1640625,0.1484375,0,0.016874999999999998,1001.2725,0
701,0.29625,0.29625,DAD,0.590285062789917,44864,4.3975138664245605,,,,,,,,,
702,0.249375,0.249375,DAD,0.5939068794250488,44928,4.3977251052856445,,,,,,,,,
703,0.29625,0.29625,DAD,0.5934021472930908,44992,4.397726535797119,,,,,,,,,
704,0.2925,0.2925,DAD,0.5932579040527344,45056,4.3977484703063965,,,,,,,,,
705,0.31625000000000003,0.31625000000000003,DAD,0.593559741973877,45120,4.397759914398193,,,,,,,,,
706,0.28250000000000003,0.28250000000000003,DAD,0.5911405086517334,45184,4.397773265838623,,,,,,,,,
707,0.27375,0.27375,DAD,0.5935699939727783,45248,4.397924900054932,,,,,,,,,
708,0.283125,0.283125,DAD,0.5935957431793213,45312,4.397974014282227,,,,,,,,,
709,0.29375,0.29375,DAD,0.5927820205688477,45376,4.397992134094238,,,,,,,,,
710,0.28437500000000004,0.28437500000000004,DAD,0.5925393104553223,45440,4.398077964782715,,,,,,,,,
711,0.289375,0.289375,DAD,0.5937089920043945,45504,4.398176670074463,,,,,,,,,
712,0.273125,0.273125,DAD,0.5939593315124512,45568,4.398199558258057,,,,,,,,,
713,0.28812499999999996,0.28812499999999996,DAD,0.590726375579834,45632,4.39822244644165,,,,,,,,,
714,0.29000000000000004,0.29000000000000004,DAD,0.5930533409118652,45696,4.398270130157471,,,,,,,,,
715,0.278125,0.278125,DAD,0.5934758186340332,45760,4.398234844207764,,,,,,,,,
716,0.30374999999999996,0.30374999999999996,DAD,0.5918772220611572,45824,4.3981547355651855,,,,,,,,,
717,0.290625,0.290625,DAD,0.5947144031524658,45888,4.398236274719238,,,,,,,,,
718,0.28875,0.28875,DAD,0.5938680171966553,45952,4.398141384124756,,,,,,,,,
719,0.26875,0.26875,DAD,0.6004495620727539,46016,4.3982462882995605,,,,,,,,,
720,0.32125,0.32125,DAD,0.6015634536743164,46080,4.398049831390381,,,,,,,,,
721,0.27125000000000005,0.27125000000000005,DAD,0.6005866527557373,46144,4.398063659667969,,,,,,,,,
722,0.265625,0.265625,DAD,0.5942478179931641,46208,4.398051738739014,,,,,,,,,
723,0.25749999999999995,0.25749999999999995,DAD,0.5905508995056152,46272,4.398040771484375,,,,,,,,,
724,0.280625,0.280625,DAD,0.5940041542053223,46336,4.397922039031982,,,,,,,,,
725,0.28,0.28,DAD,0.594214677810669,46400,4.397878170013428,0.2778125,11,1.9380256571018077,0.0859375,0.0546875,0,0.0037499999999999994,1000.3246875,0
726,0.28500000000000003,0.28500000000000003,DAD,0.5901567935943604,46464,4.397916316986084,,,,,,,,,
727,0.26375,0.26375,DAD,0.5923447608947754,46528,4.397872447967529,,,,,,,,,
728,0.309375,0.309375,DAD,0.5908675193786621,46592,4.397590637207031,,,,,,,,,
729,0.29125,0.29125,DAD,0.5936408042907715,46656,4.3975114822387695,,,,,,,,,
730,0.2675,0.2675,DAD,0.5926589965820312,46720,4.397508144378662,,,,,,,,,
731,0.26375,0.26375,DAD,0.5934300422668457,46784,4.3973517417907715,,,,,,,,,
732,0.260625,0.260625,DAD,0.5901281833648682,46848,4.397209167480469,,,,,,,,,
733,0.26625,0.26625,DAD,0.5936858654022217,46912,4.397191047668457,,,,,,,,,
734,0.299375,0.299375,DAD,0.5934064388275146,46976,4.397029399871826,,,,,,,,,
735,0.276875,0.276875,DAD,0.5907223224639893,47040,4.397027492523193,,,,,,,,,
736,0.28500000000000003,0.28500000000000003,DAD,0.5930347442626953,47104,4.396999359130859,,,,,,,,,
737,0.2875,0.2875,DAD,0.5934462547302246,47168,4.396965026855469,,,,,,,,,
738,0.2775,0.2775,DAD,0.5925600528717041,47232,4.397088527679443,,,,,,,,,
739,0.27937500000000004,0.27937500000000004,DAD,0.5928590297698975,47296,4.397092819213867,,,,,,,,,
740,0.299375,0.299375,DAD,0.593146562576294,47360,4.397315979003906,,,,,,,,,
741,0.265,0.265,DAD,0.5941183567047119,47424,4.397426128387451,,,,,,,,,
742,0.29500000000000004,0.29500000000000004,DAD,0.5907015800476074,47488,4.397408962249756,,,,,,,,,
743,0.29625,0.29625,DAD,0.5932035446166992,47552,4.3976030349731445,,,,,,,,,
744,0.30374999999999996,0.30374999999999996,DAD,0.5939421653747559,47616,4.397561073303223,,,,,,,,,
745,0.291875,0.291875,DAD,0.5914959907531738,47680,4.397657871246338,,,,,,,,,
746,0.28875000000000006,0.28875000000000006,DAD,0.5941531658172607,47744,4.397681713104248,,,,,,,,,
747,0.298125,0.298125,DAD,0.5937340259552002,47808,4.397557258605957,,,,,,,,,
748,0.309375,0.309375,DAD,0.5935959815979004,47872,4.397590160369873,,,,,,,,,
749,0.29625,0.29625,DAD,0.593991756439209,47936,4.397657871246338,,,,,,,,,
750,0.30562500000000004,0.30562500000000004,DAD,0.5937998294830322,48000,4.397615432739258,0.27843750000000006,10,1.3936635471594663,0.078125,0.0,1,0.0,0.27843750000000006,0
751,0.283125,0.283125,DAD,0.5905146598815918,48064,4.397503852844238,,,,,,,,,
752,0.268125,0.268125,DAD,0.5911481380462646,48128,4.397518157958984,,,,,,,,,
753,0.29812500000000003,0.29812500000000003,DAD,0.5939278602600098,48192,4.397319793701172,,,,,,,,,
754,0.2675,0.2675,DAD,0.591144323348999,48256,4.397497177124023,,,,,,,,,
755,0.299375,0.299375,DAD,0.5935485363006592,48320,4.397458076477051,,,,,,,,,
756,0.29125,0.29125,DAD,0.5931034088134766,48384,4.397572994232178,,,,,,,,,
757,0.27749999999999997,0.27749999999999997,DAD,0.5925459861755371,48448,4.397609233856201,,,,,,,,,
758,0.2975,0.2975,DAD,0.592963457107544,48512,4.397599220275879,,,,,,,,,
759,0.291875,0.291875,DAD,0.5941479206085205,48576,4.397531032562256,,,,,,,,,
760,0.25812500000000005,0.25812500000000005,DAD,0.5931167602539062,48640,4.397624492645264,,,,,,,,,
761,0.26875,0.26875,DAD,0.5910396575927734,48704,4.397524356842041,,,,,,,,,
762,0.28875,0.28875,DAD,0.6007134914398193,48768,4.397503852844238,,,,,,,,,
763,0.28500000000000003,0.28500000000000003,DAD,0.5955648422241211,48832,4.3974738121032715,,,,,,,,,
764,0.266875,0.266875,DAD,0.5956518650054932,48896,4.397527694702148,,,,,,,,,
765,0.28437500000000004,0.28437500000000004,DAD,0.6009008884429932,48960,4.397640228271484,,,,,,,,,
766,0.27499999999999997,0.27499999999999997,DAD,0.6010208129882812,49024,4.397701263427734,,,,,,,,,
767,0.28875,0.28875,DAD,0.5973057746887207,49088,4.39769983291626,,,,,,,,,
768,0.30375,0.30375,DAD,0.6000556945800781,49152,4.397684574127197,,,,,,,,,
769,0.30562500000000004,0.30562500000000004,DAD,0.6000733375549316,49216,4.3975396156311035,,,,,,,,,
770,0.31562500000000004,0.31562500000000004,DAD,0.6006581783294678,49280,4.397521018981934,,,,,,,,,
771,0.276875,0.276875,DAD,0.5944473743438721,49344,4.397452354431152,,,,,,,,,
772,0.30625,0.30625,DAD,0.5999546051025391,49408,4.397421360015869,,,,,,,,,
773,0.27937500000000004,0.27937500000000004,DAD,0.5940759181976318,49472,4.397465705871582,,,,,,,,,
774,0.285625,0.285625,DAD,0.5952284336090088,49536,4.3974127769470215,,,,,,,,,
775,0.29874999999999996,0.29874999999999996,DAD,0.6006927490234375,49600,4.397213935852051,0.2775000000000001,14,2.0807045953166234,0.109375,0.0,1,0.0,0.2775000000000001,0
776,0.28500000000000003,0.28500000000000003,DAD,0.5954031944274902,49664,4.397103786468506,,,,,,,,,
777,0.263125,0.263125,DAD,0.6403803825378418,49728,4.397088527679443,,,,,,,,,
778,0.305625,0.305625,DAD,0.5992708206176758,49792,4.396817207336426,,,,,,,,,
779,0.27312499999999995,0.27312499999999995,DAD,0.5942482948303223,49856,4.396717071533203,,,,,,,,,
780,0.305625,0.305625,DAD,0.5945093631744385,49920,4.396419048309326,,,,,,,,,
781,0.27125,0.27125,DAD,0.596458911895752,49984,4.3964433670043945,,,,,,,,,
782,0.29937499999999995,0.29937499999999995,DAD,0.6026918888092041,50048,4.3963189125061035,,,,,,,,,
783,0.288125,0.288125,DAD,0.6026997566223145,50112,4.396153450012207,,,,,,,,,
784,0.29500000000000004,0.29500000000000004,DAD,0.6038117408752441,50176,4.396144866943359,,,,,,,,,
785,0.281875,0.281875,DAD,0.5989542007446289,50240,4.396113872528076,,,,,,,,,
786,0.3,0.3,DAD,0.5992186069488525,50304,4.396106243133545,,,,,,,,,
787,0.278125,0.278125,DAD,0.6022219657897949,50368,4.396043300628662,,,,,,,,,
788,0.275,0.275,DAD,0.5995182991027832,50432,4.396250247955322,,,,,,,,,
789,0.276875,0.276875,DAD,0.6005525588989258,50496,4.396137237548828,,,,,,,,,
790,0.291875,0.291875,DAD,0.6043007373809814,50560,4.396015167236328,,,,,,,,,
791,0.29625,0.29625,DAD,0.5989186763763428,50624,4.395972728729248,,,,,,,,,
792,0.285625,0.285625,DAD,0.6007485389709473,50688,4.396111488342285,,,,,,,,,
793,0.265625,0.265625,DAD,0.6011316776275635,50752,4.396047115325928,,,,,,,,,
794,0.28875,0.28875,DAD,0.6007404327392578,50816,4.395920753479004,,,,,,,,,
795,0.28875,0.28875,DAD,0.6008758544921875,50880,4.395895957946777,,,,,,,,,
796,0.291875,0.291875,DAD,0.5985691547393799,50944,4.395839214324951,,,,,,,,,
797,0.2875,0.2875,DAD,0.6037051677703857,51008,4.395799160003662,,,,,,,,,
798,0.28500000000000003,0.28500000000000003,DAD,0.6033587455749512,51072,4.395606994628906,,,,,,,,,
799,0.286875,0.286875,DAD,0.5988528728485107,51136,4.395424842834473,,,,,,,,,
800,0.30562500000000004,0.30562500000000004,DAD,0.6018614768981934,51200,4.395188808441162,0.27593750000000006,8,1.6189322817138567,0.0625,0.0,1,0.0,0.27593750000000006,0
801,0.28125,0.28125,DAD,0.5946171283721924,51264,4.395081520080566,,,,,,,,,
802,0.26875,0.26875,DAD,0.5957286357879639,51328,4.3951334953308105,,,,,,,,,
803,0.29624999999999996,0.29624999999999996,DAD,0.6012494564056396,51392,4.395007610321045,,,,,,,,,
804,0.31937499999999996,0.31937499999999996,DAD,0.6005799770355225,51456,4.3947858810424805,,,,,,,,,
805,0.29,0.29,DAD,0.5937023162841797,51520,4.394754886627197,,,,,,,,,
806,0.285,0.285,DAD,0.6003236770629883,51584,4.3946099281311035,,,,,,,,,
807,0.26875000000000004,0.26875000000000004,DAD,0.6003267765045166,51648,4.394639492034912,,,,,,,,,
808,0.28,0.28,DAD,0.5955934524536133,51712,4.3945207595825195,,,,,,,,,
809,0.296875,0.296875,DAD,0.6004111766815186,51776,4.394237041473389,,,,,,,,,
810,0.291875,0.291875,DAD,0.6002609729766846,51840,4.39435338973999,,,,,,,,,
811,0.30062500000000003,0.30062500000000003,DAD,0.5995175838470459,51904,4.394362926483154,,,,,,,,,
812,0.28375,0.28375,DAD,0.601966381072998,51968,4.393924713134766,,,,,,,,,
813,0.29125,0.29125,DAD,0.600379228591919,52032,4.393529415130615,,,,,,,,,
814,0.30000000000000004,0.30000000000000004,DAD,0.6000735759735107,52096,4.393221378326416,,,,,,,,,
815,0.28875,0.28875,DAD,0.593029260635376,52160,4.393081188201904,,,,,,,,,
816,0.270625,0.270625,DAD,0.6003990173339844,52224,4.392834186553955,,,,,,,,,
817,0.27812499999999996,0.27812499999999996,DAD,0.5999836921691895,52288,4.392599582672119,,,,,,,,,
818,0.28875000000000006,0.28875000000000006,DAD,0.5961511135101318,52352,4.392219066619873,,,,,,,,,
819,0.27625,0.27625,DAD,0.5994584560394287,52416,4.392087459564209,,,,,,,,,
820,0.30625,0.30625,DAD,0.6007018089294434,52480,4.391648292541504,,,,,,,,,
821,0.265625,0.265625,DAD,0.5986340045928955,52544,4.391472816467285,,,,,,,,,
822,0.27999999999999997,0.27999999999999997,DAD,0.6004817485809326,52608,4.391088485717773,,,,,,,,,
823,0.258125,0.258125,DAD,0.6004185676574707,52672,4.391060829162598,,,,,,,,,
824,0.281875,0.281875,DAD,0.6002936363220215,52736,4.390864849090576,,,,,,,,,
825,0.28125,0.28125,DAD,0.5922667980194092,52800,4.390688419342041,0.27,20,2.363366516403269,0.15625,0.0,1,0.0,0.27,0
826,0.271875,0.271875,DAD,0.5944750308990479,52864,4.390956401824951,,,,,,,,,
827,0.2875,0.2875,DAD,0.5907735824584961,52928,4.390972137451172,,,,,,,,,
828,0.270625,0.270625,DAD,0.594475507736206,52992,4.391207695007324,,,,,,,,,
829,0.25875000000000004,0.25875000000000004,DAD,0.5945961475372314,53056,4.391603946685791,,,,,,,,,
830,0.29125,0.29125,DAD,0.5916831493377686,53120,4.391554355621338,,,,,,,,,
831,0.3175,0.3175,DAD,0.5945067405700684,53184,4.391566753387451,,,,,,,,,
832,0.29374999999999996,0.29374999999999996,DAD,0.5947403907775879,53248,4.39195442199707,,,,,,,,,
833,0.315,0.315,DAD,0.5939583778381348,53312,4.392240524291992,,,,,,,,,
834,0.2625,0.2625,DAD,0.6012275218963623,53376,4.392716407775879,,,,,,,,,
835,0.29000000000000004,0.29000000000000004,DAD,0.5998256206512451,53440,4.39315128326416,,,,,,,,,
836,0.27749999999999997,0.27749999999999997,DAD,0.59423828125,53504,4.393325328826904,,,,,,,,,
837,0.265,0.265,DAD,0.5905966758728027,53568,4.393924713134766,,,,,,,,,
838,0.28,0.28,DAD,0.5937952995300293,53632,4.394228935241699,,,,,,,,,
839,0.29,0.29,DAD,0.5935227870941162,53696,4.394630432128906,,,,,,,,,
840,0.29312499999999997,0.29312499999999997,DAD,0.5923323631286621,53760,4.394889831542969,,,,,,,,,
841,0.270625,0.270625,DAD,0.5951704978942871,53824,4.395209312438965,,,,,,,,,
842,0.24125000000000002,0.24125000000000002,DAD,0.5943176746368408,53888,4.395575046539307,,,,,,,,,
843,0.275,0.275,DAD,0.5937714576721191,53952,4.3957343101501465,,,,,,,,,
844,0.28812499999999996,0.28812499999999996,DAD,0.5945112705230713,54016,4.395748138427734,,,,,,,,,
845,0.28625,0.28625,DAD,0.5941708087921143,54080,4.395752906799316,,,,,,,,,
846,0.26875,0.26875,DAD,0.5936844348907471,54144,4.395845890045166,,,,,,,,,
847,0.27187500000000003,0.27187500000000003,DAD,0.5915961265563965,54208,4.396036624908447,,,,,,,,,
848,0.27,0.27,DAD,0.595088005065918,54272,4.396212100982666,,,,,,,,,
849,0.30000000000000004,0.30000000000000004,DAD,0.594048261642456,54336,4.396083831787109,,,,,,,,,
850,0.281875,0.281875,DAD,0.5920655727386475,54400,4.39626407623291,0.27968750000000003,6,1.3720098784015529,0.046875,0.0,1,0.0,0.27968750000000003,0
851,0.280625,0.280625,DAD,0.5942022800445557,54464,4.3962907791137695,,,,,,,,,
852,0.30125,0.30125,DAD,0.5935208797454834,54528,4.396118640899658,,,,,,,,,
853,0.270625,0.270625,DAD,0.5944681167602539,54592,4.396353721618652,,,,,,,,,
854,0.285625,0.285625,DAD,0.5938549041748047,54656,4.396378517150879,,,,,,,,,
855,0.278125,0.278125,DAD,0.5934481620788574,54720,4.396371364593506,,,,,,,,,
856,0.28875,0.28875,DAD,0.5913386344909668,54784,4.3963847160339355,,,,,,,,,
857,0.285625,0.285625,DAD,0.5909695625305176,54848,4.396603107452393,,,,,,,,,
858,0.26937500000000003,0.26937500000000003,DAD,0.5939295291900635,54912,4.3967814445495605,,,,,,,,,
859,0.27249999999999996,0.27249999999999996,DAD,0.5909416675567627,54976,4.396895885467529,,,,,,,,,
860,0.26937500000000003,0.26937500000000003,DAD,0.5935385227203369,55040,4.397248268127441,,,,,,,,,
861,0.28874999999999995,0.28874999999999995,DAD,0.5936517715454102,55104,4.397388935089111,,,,,,,,,
862,0.291875,0.291875,DAD,0.5920689105987549,55168,4.397282600402832,,,,,,,,,
863,0.28,0.28,DAD,0.5934617519378662,55232,4.397296905517578,,,,,,,,,
864,0.29625,0.29625,DAD,0.5908060073852539,55296,4.397571086883545,,,,,,,,,
865,0.3025,0.3025,DAD,0.5936193466186523,55360,4.3974289894104,,,,,,,,,
866,0.305625,0.305625,DAD,0.5923500061035156,55424,4.397361755371094,,,,,,,,,
867,0.274375,0.274375,DAD,0.5931363105773926,55488,4.397465229034424,,,,,,,,,
868,0.279375,0.279375,DAD,0.5915946960449219,55552,4.397508144378662,,,,,,,,,
869,0.308125,0.308125,DAD,0.591202974319458,55616,4.397622585296631,,,,,,,,,
870,0.28875,0.28875,DAD,0.5943644046783447,55680,4.397645473480225,,,,,,,,,
871,0.29625,0.29625,DAD,0.5908761024475098,55744,4.397546768188477,,,,,,,,,
872,0.264375,0.264375,DAD,0.5930919647216797,55808,4.39763069152832,,,,,,,,,
873,0.270625,0.270625,DAD,0.5904364585876465,55872,4.3975443840026855,,,,,,,,,
874,0.27249999999999996,0.27249999999999996,DAD,0.5923271179199219,55936,4.397498607635498,,,,,,,,,
875,0.254375,0.254375,DAD,0.5949931144714355,56000,4.397618293762207,0.27562500000000006,7,1.134532281007576,0.0546875,0.015625,1,0.0006250000000000001,0.27562500000000006,0
876,0.28062499999999996,0.28062499999999996,DAD,0.5924668312072754,56064,4.397609710693359,,,,,,,,,
877,0.290625,0.290625,DAD,0.5956258773803711,56128,4.397643566131592,,,,,,,,,
878,0.264375,0.264375,DAD,0.5924670696258545,56192,4.397556304931641,,,,,,,,,
879,0.281875,0.281875,DAD,0.6014659404754639,56256,4.397704601287842,,,,,,,,,
880,0.268125,0.268125,DAD,0.5941801071166992,56320,4.397611141204834,,,,,,,,,
881,0.28500000000000003,0.28500000000000003,DAD,0.5989961624145508,56384,4.39750337600708,,,,,,,,,
882,0.27875,0.27875,DAD,0.6005878448486328,56448,4.397387981414795,,,,,,,,,
883,0.26875000000000004,0.26875000000000004,DAD,0.5975008010864258,56512,4.397359371185303,,,,,,,,,
884,0.281875,0.281875,DAD,0.595646858215332,56576,4.397255897521973,,,,,,,,,
885,0.28937500000000005,0.28937500000000005,DAD,0.590829610824585,56640,4.397213935852051,,,,,,,,,
886,0.275,0.275,DAD,0.593602180480957,56704,4.397167205810547,,,,,,,,,
887,0.27,0.27,DAD,0.5913777351379395,56768,4.397047519683838,,,,,,,,,
888,0.30374999999999996,0.30374999999999996,DAD,0.5919880867004395,56832,4.396960735321045,,,,,,,,,
889,0.26625,0.26625,DAD,0.5939199924468994,56896,4.397018909454346,,,,,,,,,
890,0.30000000000000004,0.30000000000000004,DAD,0.592494010925293,56960,4.396785259246826,,,,,,,,,
891,0.2925,0.2925,DAD,0.5935606956481934,57024,4.3967204093933105,,,,,,,,,
892,0.308125,0.308125,DAD,0.5942668914794922,57088,4.3966593742370605,,,,,,,,,
893,0.288125,0.288125,DAD,0.5949540138244629,57152,4.3964667320251465,,,,,,,,,
894,0.27375,0.27375,DAD,0.5940747261047363,57216,4.396392345428467,,,,,,,,,
895,0.294375,0.294375,DAD,0.5918421745300293,57280,4.396325588226318,,,,,,,,,
896,0.29375000000000007,0.29375000000000007,DAD,0.5943107604980469,57344,4.396161079406738,,,,,,,,,
897,0.28125,0.28125,DAD,0.594383955001831,57408,4.396130561828613,,,,,,,,,
898,0.28437500000000004,0.28437500000000004,DAD,0.5920095443725586,57472,4.395959854125977,,,,,,,,,
899,0.29312499999999997,0.29312499999999997,DAD,0.6029243469238281,57536,4.39608907699585,,,,,,,,,
900,0.308125,0.308125,DAD,0.5946533679962158,57600,4.396042823791504,0.27593750000000006,5,0.7917224779454757,0.0390625,0.0078125,1,0.00031250000000000006,0.27593750000000006,0
901,0.278125,0.278125,DAD,0.5922744274139404,57664,4.396078586578369,,,,,,,,,
902,0.27125,0.27125,DAD,0.5938682556152344,57728,4.3962321281433105,,,,,,,,,
903,0.2825,0.2825,DAD,0.5942420959472656,57792,4.396437644958496,,,,,,,,,
904,0.29000000000000004,0.29000000000000004,DAD,0.5940346717834473,57856,4.3965163230896,,,,,,,,,
905,0.259375,0.259375,DAD,0.5933043956756592,57920,4.396666049957275,,,,,,,,,
906,0.29500000000000004,0.29500000000000004,DAD,0.5941014289855957,57984,4.396561622619629,,,,,,,,,
907,0.28500000000000003,0.28500000000000003,DAD,0.5911071300506592,58048,4.3966064453125,,,,,,,,,
908,0.29312499999999997,0.29312499999999997,DAD,0.5947465896606445,58112,4.396487712860107,,,,,,,,,
909,0.280625,0.280625,DAD,0.5927784442901611,58176,4.396268367767334,,,,,,,,,
910,0.311875,0.311875,DAD,0.5922834873199463,58240,4.395855903625488,,,,,,,,,
911,0.28937499999999994,0.28937499999999994,DAD,0.5934114456176758,58304,4.395759105682373,,,,,,,,,
912,0.304375,0.304375,DAD,0.5942161083221436,58368,4.395428657531738,,,,,,,,,
913,0.295,0.295,DAD,0.594083309173584,58432,4.395256042480469,,,,,,,,,
914,0.30062500000000003,0.30062500000000003,DAD,0.5911977291107178,58496,4.394930362701416,,,,,,,,,
915,0.27,0.27,DAD,0.5938093662261963,58560,4.394752502441406,,,,,,,,,
916,0.28,0.28,DAD,0.5939218997955322,58624,4.394565105438232,,,,,,,,,
917,0.26937500000000003,0.26937500000000003,DAD,0.5916135311126709,58688,4.394192218780518,,,,,,,,,
918,0.2875,0.2875,DAD,0.5939540863037109,58752,4.394002914428711,,,,,,,,,
919,0.28625,0.28625,DAD,0.5942914485931396,58816,4.39385986328125,,,,,,,,,
920,0.304375,0.304375,DAD,0.5996627807617188,58880,4.393555641174316,,,,,,,,,
921,0.275625,0.275625,DAD,0.594010591506958,58944,4.3935160636901855,,,,,,,,,
922,0.28,0.28,DAD,0.600193977355957,59008,4.393530368804932,,,,,,,,,
923,0.285625,0.285625,DAD,0.5935392379760742,59072,4.393420696258545,,,,,,,,,
924,0.289375,0.289375,DAD,0.5915472507476807,59136,4.393539905548096,,,,,,,,,
925,0.283125,0.283125,DAD,0.600522518157959,59200,4.393560886383057,0.27531250000000007,12,1.56579102553667,0.09375,0.0078125,1,0.00031250000000000006,0.27531250000000007,0
926,0.27249999999999996,0.27249999999999996,DAD,0.5941119194030762,59264,4.393670082092285,,,,,,,,,
927,0.27875,0.27875,DAD,0.6004500389099121,59328,4.39373254776001,,,,,,,,,
928,0.295,0.295,DAD,0.6007461547851562,59392,4.393718242645264,,,,,,,,,
929,0.28875000000000006,0.28875000000000006,DAD,0.59619140625,59456,4.3939690589904785,,,,,,,,,
930,0.276875,0.276875,DAD,0.6010799407958984,59520,4.3939666748046875,,,,,,,,,
931,0.29625,0.29625,DAD,0.5952651500701904,59584,4.394038200378418,,,,,,,,,
932,0.29000000000000004,0.29000000000000004,DAD,0.5933172702789307,59648,4.394099712371826,,,,,,,,,
933,0.296875,0.296875,DAD,0.6010162830352783,59712,4.394082546234131,,,,,,,,,
934,0.275,0.275,DAD,0.5945706367492676,59776,4.394050121307373,,,,,,,,,
935,0.31375000000000003,0.31375000000000003,DAD,0.5939443111419678,59840,4.394097805023193,,,,,,,,,
936,0.271875,0.271875,DAD,0.591285228729248,59904,4.394256114959717,,,,,,,,,
937,0.26625,0.26625,DAD,0.5942981243133545,59968,4.394390106201172,,,,,,,,,
938,0.266875,0.266875,DAD,0.5951073169708252,60032,4.394591808319092,,,,,,,,,
939,0.29,0.29,DAD,0.5926101207733154,60096,4.394824504852295,,,,,,,,,
940,0.296875,0.296875,DAD,0.594135046005249,60160,4.395147800445557,,,,,,,,,
941,0.27999999999999997,0.27999999999999997,DAD,0.5943541526794434,60224,4.395318508148193,,,,,,,,,
942,0.273125,0.273125,DAD,0.5944890975952148,60288,4.395492076873779,,,,,,,,,
943,0.290625,0.290625,DAD,0.6358156204223633,60352,4.395561218261719,,,,,,,,,
944,0.265625,0.265625,DAD,0.594310998916626,60416,4.39564323425293,,,,,,,,,
945,0.28437500000000004,0.28437500000000004,DAD,0.5938560962677002,60480,4.395738124847412,,,,,,,,,
946,0.294375,0.294375,DAD,0.591839075088501,60544,4.395803928375244,,,,,,,,,
947,0.285,0.285,DAD,0.5944902896881104,60608,4.395913600921631,,,,,,,,,
948,0.29000000000000004,0.29000000000000004,DAD,0.593491792678833,60672,4.396068096160889,,,,,,,,,
949,0.2975,0.2975,DAD,0.5925354957580566,60736,4.39611291885376,,,,,,,,,
950,0.291875,0.291875,DAD,0.5939571857452393,60800,4.396101951599121,0.275625,6,1.1264809633051562,0.046875,0.0078125,1,0.00031250000000000006,0.275625,0
951,0.295625,0.295625,DAD,0.5931963920593262,60864,4.396256923675537,,,,,,,,,
952,0.273125,0.273125,DAD,0.5940821170806885,60928,4.396185874938965,,,,,,,,,
953,0.27625,0.27625,DAD,0.5948612689971924,60992,4.396214485168457,,,,,,,,,
954,0.279375,0.279375,DAD,0.5934381484985352,61056,4.396305561065674,,,,,,,,,
955,0.29875,0.29875,DAD,0.5915775299072266,61120,4.396273136138916,,,,,,,,,
956,0.296875,0.296875,DAD,0.5944726467132568,61184,4.396336555480957,,,,,,,,,
957,0.28812499999999996,0.28812499999999996,DAD,0.595050573348999,61248,4.396428108215332,,,,,,,,,
958,0.28187500000000004,0.28187500000000004,DAD,0.5916602611541748,61312,4.396560192108154,,,,,,,,,
959,0.25375,0.25375,DAD,0.5942041873931885,61376,4.396681308746338,,,,,,,,,
960,0.30375,0.30375,DAD,0.5941801071166992,61440,4.396833896636963,,,,,,,,,
961,0.275625,0.275625,DAD,0.5941557884216309,61504,4.397053241729736,,,,,,,,,
962,0.30125,0.30125,DAD,0.5965888500213623,61568,4.397088527679443,,,,,,,,,
963,0.291875,0.291875,DAD,0.5934538841247559,61632,4.397133827209473,,,,,,,,,
964,0.275,0.275,DAD,0.5948073863983154,61696,4.397134780883789,,,,,,,,,
965,0.286875,0.286875,DAD,0.5904371738433838,61760,4.397184371948242,,,,,,,,,
966,0.27312500000000006,0.27312500000000006,DAD,0.5950233936309814,61824,4.397195339202881,,,,,,,,,
967,0.290625,0.290625,DAD,0.5945549011230469,61888,4.397196292877197,,,,,,,,,
968,0.289375,0.289375,DAD,0.5929019451141357,61952,4.3973283767700195,,,,,,,,,
969,0.304375,0.304375,DAD,0.5950820446014404,62016,4.397385597229004,,,,,,,,,
970,0.28500000000000003,0.28500000000000003,DAD,0.5945091247558594,62080,4.397347927093506,,,,,,,,,
971,0.29375000000000007,0.29375000000000007,DAD,0.5937159061431885,62144,4.397339820861816,,,,,,,,,
972,0.28687500000000005,0.28687500000000005,DAD,0.5951552391052246,62208,4.397304058074951,,,,,,,,,
973,0.26625,0.26625,DAD,0.5975570678710938,62272,4.397340774536133,,,,,,,,,
974,0.28312499999999996,0.28312499999999996,DAD,0.6024951934814453,62336,4.397473335266113,,,,,,,,,
975,0.251875,0.251875,DAD,0.5982334613800049,62400,4.397517204284668,0.2790625,8,1.3627195642809404,0.0625,0.0,1,0.0,0.2790625,0
976,0.26499999999999996,0.26499999999999996,DAD,0.5969033241271973,62464,4.397582054138184,,,,,,,,,
977,0.2975,0.2975,DAD,0.6006746292114258,62528,4.397721767425537,,,,,,,,,
978,0.2881250000000001,0.2881250000000001,DAD,0.5961120128631592,62592,4.397752285003662,,,,,,,,,
979,0.28687500000000005,0.28687500000000005,DAD,0.5951907634735107,62656,4.3979058265686035,,,,,,,,,
980,0.26937500000000003,0.26937500000000003,DAD,0.599236249923706,62720,4.398121356964111,,,,,,,,,
981,0.298125,0.298125,DAD,0.5985493659973145,62784,4.3981242179870605,,,,,,,,,
982,0.27999999999999997,0.27999999999999997,DAD,0.6029233932495117,62848,4.398355960845947,,,,,,,,,
983,0.29062499999999997,0.29062499999999997,DAD,0.5915279388427734,62912,4.3984375,,,,,,,,,
984,0.285625,0.285625,DAD,0.5956759452819824,62976,4.398550033569336,,,,,,,,,
985,0.2625,0.2625,DAD,0.5944757461547852,63040,4.398662567138672,,,,,,,,,
986,0.3,0.3,DAD,0.593209981918335,63104,4.398801326751709,,,,,,,,,
987,0.2825,0.2825,DAD,0.5915672779083252,63168,4.398909091949463,,,,,,,,,
988,0.26749999999999996,0.26749999999999996,DAD,0.5930144786834717,63232,4.398990154266357,,,,,,,,,
989,0.26437499999999997,0.26437499999999997,DAD,0.5934600830078125,63296,4.399000644683838,,,,,,,,,
990,0.26625,0.26625,DAD,0.5910146236419678,63360,4.399148464202881,,,,,,,,,
991,0.27812500000000007,0.27812500000000007,DAD,0.5929622650146484,63424,4.399156093597412,,,,,,,,,
992,0.27375,0.27375,DAD,0.5931718349456787,63488,4.399265289306641,,,,,,,,,
993,0.299375,0.299375,DAD,0.5932190418243408,63552,4.399325847625732,,,,,,,,,
994,0.265,0.265,DAD,0.5903232097625732,63616,4.39951229095459,,,,,,,,,
995,0.278125,0.278125,DAD,0.5917987823486328,63680,4.399428367614746,,,,,,,,,
996,0.26375,0.26375,DAD,0.5950055122375488,63744,4.399487495422363,,,,,,,,,
997,0.30374999999999996,0.30374999999999996,DAD,0.5911192893981934,63808,4.399508953094482,,,,,,,,,
998,0.28875,0.28875,DAD,0.5925860404968262,63872,4.3993120193481445,,,,,,,,,
999,0.271875,0.271875,DAD,0.5934309959411621,63936,4.399362087249756,,,,,,,,,
1000,0.256875,0.256875,DAD,0.5914270877838135,64000,4.3994646072387695,0.27,13,1.4082835455270868,0.1015625,0.0,1,0.0,0.27,0
