update,mean_kl_from_pre_finetune,selected_action_changes,branch_survival_rate,unique_selected_actions,selected_actions,policy_distributions
1,0.0,0,1.0,1,36 36 36,"[[0.0, 0.0, 0.0, 0.0, 0.0, 0.0, 0.0, 0.0, 0.0, 0.0, 0.0, 0.0, 0.0, 0.0, 0.0, 0.0, 0.0, 0.0, 0.0, 0.14075717329978943, 0.0, 0.0, 0.16051553189754486, 0.0, 0.0, 0.0, 0.0, 0.0, 0.12369905412197113, 0.0, 0.0, 0.0, 0.0, 0.0, 0.1617754101753235, 0.0, 0.2509375810623169, 0.0, 0.0, 0.0, 0.0, 0.0, 0.0, 0.16231529414653778, 0.0, 0.0, 0.0, 0.0, 0.0, 0.0, 0.0, 0.0, 0.0, 0.0], [0.0, 0.0, 0.0, 0.0, 0.0, 0.0, 0.0, 0.0, 0.0, 0.0, 0.0, 0.0, 0.0, 0.0, 0.0, 0.0, 0.0, 0.0, 0.0, 0.1434672772884369, 0.0, 0.0, 0.16186243295669556, 0.0, 0.0, 0.0, 0.0, 0.0, 0.12523405253887177, 0.0, 0.0, 0.0, 0.0, 0.0, 0.1622506082057953, 0.0, 0.24812141060829163, 0.0, 0.0, 0.0, 0.0, 0.0, 0.0, 0.1590641587972641, 0.0, 0.0, 0.0, 0.0, 0.0, 0.0, 0.0, 0.0, 0.0, 0.0], [0.0, 0.0, 0.0, 0.0, 0.0, 0.0, 0.0, 0.0, 0.0, 0.0, 0.0, 0.0, 0.0, 0.0, 0.0, 0.0, 0.0, 0.0, 0.0, 0.14552825689315796, 0.0, 0.0, 0.15405766665935516, 0.0, 0.0, 0.0, 0.0, 0.0, 0.12786133587360382, 0.0, 0.0, 0.0, 0.0, 0.0, 0.16133251786231995, 0.0, 0.24833737313747406, 0.0, 0.0, 0.0, 0.0, 0.0, 0.0, 0.1628829389810562, 0.0, 0.0, 0.0, 0.0, 0.0, 0.0, 0.0, 0.0, 0.0, 0.0]]"
2,0.0,0,1.0,1,36 36 36,"[[0.0, 0.0, 0.0, 0.0, 0.0, 0.0, 0.0, 0.0, 0.0, 0.0, 0.0, 0.0, 0.0, 0.0, 0.0, 0.0, 0.0, 0.0, 0.0, 0.1712408810853958, 0.0, 0.0, 0.11725908517837524, 0.0, 0.0, 0.0, 0.0, 0.0, 0.10027436167001724, 0.0, 0.0, 0.0, 0.0, 0.0, 0.13119788467884064, 0.0, 0.3167998790740967, 0.0, 0.0, 0.0, 0.0, 0.0, 0.0, 0.1632279008626938, 0.0, 0.0, 0.0, 0.0, 0.0, 0.0, 0.0, 0.0, 0.0, 0.0], [0.0, 0.0, 0.0, 0.0, 0.0, 0.0, 0.0, 0.0, 0.0, 0.0, 0.0, 0.0, 0.0, 0.0, 0.0, 0.0, 0.0, 0.0, 0.0, 0.17976051568984985, 0.0, 0.0, 0.11778280138969421, 0.0, 0.0, 0.0, 0.0, 0.0, 0.10197613388299942, 0.0, 0.0, 0.0, 0.0, 0.0, 0.13079316914081573, 0.0, 0.31016072630882263, 0.0, 0.0, 0.0, 0.0, 0.0, 0.0, 0.15952657163143158, 0.0, 0.0, 0.0, 0.0, 0.0, 0.0, 0.0, 0.0, 0.0, 0.0], [0.0, 0.0, 0.0, 0.0, 0.0, 0.0, 0.0, 0.0, 0.0, 0.0, 0.0, 0.0, 0.0, 0.0, 0.0, 0.0, 0.0, 0.0, 0.0, 0.17849721014499664, 0.0, 0.0, 0.11103468388319016, 0.0, 0.0, 0.0, 0.0, 0.0, 0.10469808429479599, 0.0, 0.0, 0.0, 0.0, 0.0, 0.13115087151527405, 0.0, 0.311107337474823, 0.0, 0.0, 0.0, 0.0, 0.0, 0.0, 0.16351181268692017, 0.0, 0.0, 0.0, 0.0, 0.0, 0.0, 0.0, 0.0, 0.0, 0.0]]"
3,0.0,0,1.0,1,36 36 36,"[[0.0, 0.0, 0.0, 0.0, 0.0, 0.0, 0.0, 0.0, 0.0, 0.0, 0.0, 0.0, 0.0, 0.0, 0.0, 0.0, 0.0, 0.0, 0.0, 0.17282240092754364, 0.0, 0.0, 0.10173161327838898, 0.0, 0.0, 0.0, 0.0, 0.0, 0.08649080246686935, 0.0, 0.0, 0.0, 0.0, 0.0, 0.10735106468200684, 0.0, 0.36169788241386414, 0.0, 0.0, 0.0, 0.0, 0.0, 0.0, 0.16990624368190765, 0.0, 0.0, 0.0, 0.0, 0.0, 0.0, 0.0, 0.0, 0.0, 0.0], [0.0, 0.0, 0.0, 0.0, 0.0, 0.0, 0.0, 0.0, 0.0, 0.0, 0.0, 0.0, 0.0, 0.0, 0.0, 0.0, 0.0, 0.0, 0.0, 0.18468627333641052, 0.0, 0.0, 0.10161016881465912, 0.0, 0.0, 0.0, 0.0, 0.0, 0.08883169293403625, 0.0, 0.0, 0.0, 0.0, 0.0, 0.10596345365047455, 0.0, 0.3527336120605469, 0.0, 0.0, 0.0, 0.0, 0.0, 0.0, 0.16617469489574432, 0.0, 0.0, 0.0, 0.0, 0.0, 0.0, 0.0, 0.0, 0.0, 0.0], [0.0, 0.0, 0.0, 0.0, 0.0, 0.0, 0.0, 0.0, 0.0, 0.0, 0.0, 0.0, 0.0, 0.0, 0.0, 0.0, 0.0, 0.0, 0.0, 0.1804957091808319, 0.0, 0.0, 0.09625590592622757, 0.0, 0.0, 0.0, 0.0, 0.0, 0.09075519442558289, 0.0, 0.0, 0.0, 0.0, 0.0, 0.1071072518825531, 0.0, 0.35581666231155396, 0.0, 0.0, 0.0, 0.0, 0.0, 0.0, 0.1695692539215088, 0.0, 0.0, 0.0, 0.0, 0.0, 0.0, 0.0, 0.0, 0.0, 0.0]]"
4,0.0,0,1.0,1,36 36 36,"[[0.0, 0.0, 0.0, 0.0, 0.0, 0.0, 0.0, 0.0, 0.0, 0.0, 0.0, 0.0, 0.0, 0.0, 0.0, 0.0, 0.0, 0.0, 0.0, 0.17360657453536987, 0.0, 0.0, 0.09207749366760254, 0.0, 0.0, 0.0, 0.0, 0.0, 0.10745108127593994, 0.0, 0.0, 0.0, 0.0, 0.0, 0.11047080904245377, 0.0, 0.3435550034046173, 0.0, 0.0, 0.0, 0.0, 0.0, 0.0, 0.17283906042575836, 0.0, 0.0, 0.0, 0.0, 0.0, 0.0, 0.0, 0.0, 0.0, 0.0], [0.0, 0.0, 0.0, 0.0, 0.0, 0.0, 0.0, 0.0, 0.0, 0.0, 0.0, 0.0, 0.0, 0.0, 0.0, 0.0, 0.0, 0.0, 0.0, 0.18594679236412048, 0.0, 0.0, 0.0919242724776268, 0.0, 0.0, 0.0, 0.0, 0.0, 0.1137489601969719, 0.0, 0.0, 0.0, 0.0, 0.0, 0.10935723036527634, 0.0, 0.3325349688529968, 0.0, 0.0, 0.0, 0.0, 0.0, 0.0, 0.16648776829242706, 0.0, 0.0, 0.0, 0.0, 0.0, 0.0, 0.0, 0.0, 0.0, 0.0], [0.0, 0.0, 0.0, 0.0, 0.0, 0.0, 0.0, 0.0, 0.0, 0.0, 0.0, 0.0, 0.0, 0.0, 0.0, 0.0, 0.0, 0.0, 0.0, 0.1800507754087448, 0.0, 0.0, 0.08792099356651306, 0.0, 0.0, 0.0, 0.0, 0.0, 0.11560174077749252, 0.0, 0.0, 0.0, 0.0, 0.0, 0.11153145879507065, 0.0, 0.33539026975631714, 0.0, 0.0, 0.0, 0.0, 0.0, 0.0, 0.16950483620166779, 0.0, 0.0, 0.0, 0.0, 0.0, 0.0, 0.0, 0.0, 0.0, 0.0]]"
5,0.0,0,1.0,1,36 36 36,"[[0.0, 0.0, 0.0, 0.0, 0.0, 0.0, 0.0, 0.0, 0.0, 0.0, 0.0, 0.0, 0.0, 0.0, 0.0, 0.0, 0.0, 0.0, 0.0, 0.1619960516691208, 0.0, 0.0, 0.08146116137504578, 0.0, 0.0, 0.0, 0.0, 0.0, 0.1269124150276184, 0.0, 0.0, 0.0, 0.0, 0.0, 0.12177088856697083, 0.0, 0.3552423417568207, 0.0, 0.0, 0.0, 0.0, 0.0, 0.0, 0.15261712670326233, 0.0, 0.0, 0.0, 0.0, 0.0, 0.0, 0.0, 0.0, 0.0, 0.0], [0.0, 0.0, 0.0, 0.0, 0.0, 0.0, 0.0, 0.0, 0.0, 0.0, 0.0, 0.0, 0.0, 0.0, 0.0, 0.0, 0.0, 0.0, 0.0, 0.17273299396038055, 0.0, 0.0, 0.08131758868694305, 0.0, 0.0, 0.0, 0.0, 0.0, 0.13819563388824463, 0.0, 0.0, 0.0, 0.0, 0.0, 0.1206551194190979, 0.0, 0.34316813945770264, 0.0, 0.0, 0.0, 0.0, 0.0, 0.0, 0.14393052458763123, 0.0, 0.0, 0.0, 0.0, 0.0, 0.0, 0.0, 0.0, 0.0, 0.0], [0.0, 0.0, 0.0, 0.0, 0.0, 0.0, 0.0, 0.0, 0.0, 0.0, 0.0, 0.0, 0.0, 0.0, 0.0, 0.0, 0.0, 0.0, 0.0, 0.1667620837688446, 0.0, 0.0, 0.07828950881958008, 0.0, 0.0, 0.0, 0.0, 0.0, 0.13924279808998108, 0.0, 0.0, 0.0, 0.0, 0.0, 0.1230999231338501, 0.0, 0.34584054350852966, 0.0, 0.0, 0.0, 0.0, 0.0, 0.0, 0.14676515758037567, 0.0, 0.0, 0.0, 0.0, 0.0, 0.0, 0.0, 0.0, 0.0, 0.0]]"
6,0.0,0,1.0,1,36 36 36,"[[0.0, 0.0, 0.0, 0.0, 0.0, 0.0, 0.0, 0.0, 0.0, 0.0, 0.0, 0.0, 0.0, 0.0, 0.0, 0.0, 0.0, 0.0, 0.0, 0.1359994113445282, 0.0, 0.0, 0.0687451958656311, 0.0, 0.0, 0.0, 0.0, 0.0, 0.14451055228710175, 0.0, 0.0, 0.0, 0.0, 0.0, 0.10963741689920425, 0.0, 0.4010826647281647, 0.0, 0.0, 0.0, 0.0, 0.0, 0.0, 0.14002473652362823, 0.0, 0.0, 0.0, 0.0, 0.0, 0.0, 0.0, 0.0, 0.0, 0.0], [0.0, 0.0, 0.0, 0.0, 0.0, 0.0, 0.0, 0.0, 0.0, 0.0, 0.0, 0.0, 0.0, 0.0, 0.0, 0.0, 0.0, 0.0, 0.0, 0.14599977433681488, 0.0, 0.0, 0.06946992129087448, 0.0, 0.0, 0.0, 0.0, 0.0, 0.16009703278541565, 0.0, 0.0, 0.0, 0.0, 0.0, 0.10891017317771912, 0.0, 0.3846554756164551, 0.0, 0.0, 0.0, 0.0, 0.0, 0.0, 0.13086773455142975, 0.0, 0.0, 0.0, 0.0, 0.0, 0.0, 0.0, 0.0, 0.0, 0.0], [0.0, 0.0, 0.0, 0.0, 0.0, 0.0, 0.0, 0.0, 0.0, 0.0, 0.0, 0.0, 0.0, 0.0, 0.0, 0.0, 0.0, 0.0, 0.0, 0.14018860459327698, 0.0, 0.0, 0.0669219046831131, 0.0, 0.0, 0.0, 0.0, 0.0, 0.1595035344362259, 0.0, 0.0, 0.0, 0.0, 0.0, 0.11106980592012405, 0.0, 0.3882942497730255, 0.0, 0.0, 0.0, 0.0, 0.0, 0.0, 0.13402186334133148, 0.0, 0.0, 0.0, 0.0, 0.0, 0.0, 0.0, 0.0, 0.0, 0.0]]"
7,0.0,0,1.0,1,36 36 36,"[[0.0, 0.0, 0.0, 0.0, 0.0, 0.0, 0.0, 0.0, 0.0, 0.0, 0.0, 0.0, 0.0, 0.0, 0.0, 0.0, 0.0, 0.0, 0.0, 0.10863808542490005, 0.0, 0.0, 0.05434948578476906, 0.0, 0.0, 0.0, 0.0, 0.0, 0.145298570394516, 0.0, 0.0, 0.0, 0.0, 0.0, 0.08879365772008896, 0.0, 0.47466692328453064, 0.0, 0.0, 0.0, 0.0, 0.0, 0.0, 0.12825338542461395, 0.0, 0.0, 0.0, 0.0, 0.0, 0.0, 0.0, 0.0, 0.0, 0.0], [0.0, 0.0, 0.0, 0.0, 0.0, 0.0, 0.0, 0.0, 0.0, 0.0, 0.0, 0.0, 0.0, 0.0, 0.0, 0.0, 0.0, 0.0, 0.0, 0.1184333860874176, 0.0, 0.0, 0.0558130256831646, 0.0, 0.0, 0.0, 0.0, 0.0, 0.1634497046470642, 0.0, 0.0, 0.0, 0.0, 0.0, 0.08885607123374939, 0.0, 0.45309001207351685, 0.0, 0.0, 0.0, 0.0, 0.0, 0.0, 0.12035774439573288, 0.0, 0.0, 0.0, 0.0, 0.0, 0.0, 0.0, 0.0, 0.0, 0.0], [0.0, 0.0, 0.0, 0.0, 0.0, 0.0, 0.0, 0.0, 0.0, 0.0, 0.0, 0.0, 0.0, 0.0, 0.0, 0.0, 0.0, 0.0, 0.0, 0.1129826232790947, 0.0, 0.0, 0.05347820371389389, 0.0, 0.0, 0.0, 0.0, 0.0, 0.15997518599033356, 0.0, 0.0, 0.0, 0.0, 0.0, 0.0902312621474266, 0.0, 0.45977672934532166, 0.0, 0.0, 0.0, 0.0, 0.0, 0.0, 0.12355595827102661, 0.0, 0.0, 0.0, 0.0, 0.0, 0.0, 0.0, 0.0, 0.0, 0.0]]"
8,0.0,0,1.0,1,36 36 36,"[[0.0, 0.0, 0.0, 0.0, 0.0, 0.0, 0.0, 0.0, 0.0, 0.0, 0.0, 0.0, 0.0, 0.0, 0.0, 0.0, 0.0, 0.0, 0.0, 0.09072619676589966, 0.0, 0.0, 0.04114760458469391, 0.0, 0.0, 0.0, 0.0, 0.0, 0.12248343229293823, 0.0, 0.0, 0.0, 0.0, 0.0, 0.06688377261161804, 0.0, 0.5737215876579285, 0.0, 0.0, 0.0, 0.0, 0.0, 0.0, 0.10503742098808289, 0.0, 0.0, 0.0, 0.0, 0.0, 0.0, 0.0, 0.0, 0.0, 0.0], [0.0, 0.0, 0.0, 0.0, 0.0, 0.0, 0.0, 0.0, 0.0, 0.0, 0.0, 0.0, 0.0, 0.0, 0.0, 0.0, 0.0, 0.0, 0.0, 0.09903350472450256, 0.0, 0.0, 0.04217536002397537, 0.0, 0.0, 0.0, 0.0, 0.0, 0.13792377710342407, 0.0, 0.0, 0.0, 0.0, 0.0, 0.06644407659769058, 0.0, 0.5543981194496155, 0.0, 0.0, 0.0, 0.0, 0.0, 0.0, 0.10002517700195312, 0.0, 0.0, 0.0, 0.0, 0.0, 0.0, 0.0, 0.0, 0.0, 0.0], [0.0, 0.0, 0.0, 0.0, 0.0, 0.0, 0.0, 0.0, 0.0, 0.0, 0.0, 0.0, 0.0, 0.0, 0.0, 0.0, 0.0, 0.0, 0.0, 0.09410355240106583, 0.0, 0.0, 0.040297940373420715, 0.0, 0.0, 0.0, 0.0, 0.0, 0.1334000676870346, 0.0, 0.0, 0.0, 0.0, 0.0, 0.06729383766651154, 0.0, 0.5626612305641174, 0.0, 0.0, 0.0, 0.0, 0.0, 0.0, 0.1022433191537857, 0.0, 0.0, 0.0, 0.0, 0.0, 0.0, 0.0, 0.0, 0.0, 0.0]]"
9,0.0,0,1.0,1,36 36 36,"[[0.0, 0.0, 0.0, 0.0, 0.0, 0.0, 0.0, 0.0, 0.0, 0.0, 0.0, 0.0, 0.0, 0.0, 0.0, 0.0, 0.0, 0.0, 0.0, 0.07944539189338684, 0.0, 0.0, 0.03223089128732681, 0.0, 0.0, 0.0, 0.0, 0.0, 0.10479386895895004, 0.0, 0.0, 0.0, 0.0, 0.0, 0.0537353977560997, 0.0, 0.6362990736961365, 0.0, 0.0, 0.0, 0.0, 0.0, 0.0, 0.09349538385868073, 0.0, 0.0, 0.0, 0.0, 0.0, 0.0, 0.0, 0.0, 0.0, 0.0], [0.0, 0.0, 0.0, 0.0, 0.0, 0.0, 0.0, 0.0, 0.0, 0.0, 0.0, 0.0, 0.0, 0.0, 0.0, 0.0, 0.0, 0.0, 0.0, 0.08522772043943405, 0.0, 0.0, 0.032352250069379807, 0.0, 0.0, 0.0, 0.0, 0.0, 0.11553551256656647, 0.0, 0.0, 0.0, 0.0, 0.0, 0.05304425209760666, 0.0, 0.6242550015449524, 0.0, 0.0, 0.0, 0.0, 0.0, 0.0, 0.08958522230386734, 0.0, 0.0, 0.0, 0.0, 0.0, 0.0, 0.0, 0.0, 0.0, 0.0], [0.0, 0.0, 0.0, 0.0, 0.0, 0.0, 0.0, 0.0, 0.0, 0.0, 0.0, 0.0, 0.0, 0.0, 0.0, 0.0, 0.0, 0.0, 0.0, 0.0812380388379097, 0.0, 0.0, 0.031071949750185013, 0.0, 0.0, 0.0, 0.0, 0.0, 0.11187765747308731, 0.0, 0.0, 0.0, 0.0, 0.0, 0.05364137515425682, 0.0, 0.6308931708335876, 0.0, 0.0, 0.0, 0.0, 0.0, 0.0, 0.0912778452038765, 0.0, 0.0, 0.0, 0.0, 0.0, 0.0, 0.0, 0.0, 0.0, 0.0]]"
10,0.0,0,1.0,1,36 36 36,"[[0.0, 0.0, 0.0, 0.0, 0.0, 0.0, 0.0, 0.0, 0.0, 0.0, 0.0, 0.0, 0.0, 0.0, 0.0, 0.0, 0.0, 0.0, 0.0, 0.07052940130233765, 0.0, 0.0, 0.025901399552822113, 0.0, 0.0, 0.0, 0.0, 0.0, 0.09886188805103302, 0.0, 0.0, 0.0, 0.0, 0.0, 0.04453611746430397, 0.0, 0.6756676435470581, 0.0, 0.0, 0.0, 0.0, 0.0, 0.0, 0.08450350910425186, 0.0, 0.0, 0.0, 0.0, 0.0, 0.0, 0.0, 0.0, 0.0, 0.0], [0.0, 0.0, 0.0, 0.0, 0.0, 0.0, 0.0, 0.0, 0.0, 0.0, 0.0, 0.0, 0.0, 0.0, 0.0, 0.0, 0.0, 0.0, 0.0, 0.07418976724147797, 0.0, 0.0, 0.02567262388765812, 0.0, 0.0, 0.0, 0.0, 0.0, 0.106360524892807, 0.0, 0.0, 0.0, 0.0, 0.0, 0.04384777694940567, 0.0, 0.6689245104789734, 0.0, 0.0, 0.0, 0.0, 0.0, 0.0, 0.08100482821464539, 0.0, 0.0, 0.0, 0.0, 0.0, 0.0, 0.0, 0.0, 0.0, 0.0], [0.0, 0.0, 0.0, 0.0, 0.0, 0.0, 0.0, 0.0, 0.0, 0.0, 0.0, 0.0, 0.0, 0.0, 0.0, 0.0, 0.0, 0.0, 0.0, 0.0714297741651535, 0.0, 0.0, 0.024822603911161423, 0.0, 0.0, 0.0, 0.0, 0.0, 0.10389178991317749, 0.0, 0.0, 0.0, 0.0, 0.0, 0.044426511973142624, 0.0, 0.6730243563652039, 0.0, 0.0, 0.0, 0.0, 0.0, 0.0, 0.0824049711227417, 0.0, 0.0, 0.0, 0.0, 0.0, 0.0, 0.0, 0.0, 0.0, 0.0]]"
11,0.0,0,1.0,1,36 36 36,"[[0.0, 0.0, 0.0, 0.0, 0.0, 0.0, 0.0, 0.0, 0.0, 0.0, 0.0, 0.0, 0.0, 0.0, 0.0, 0.0, 0.0, 0.0, 0.0, 0.06244582682847977, 0.0, 0.0, 0.023323925212025642, 0.0, 0.0, 0.0, 0.0, 0.0, 0.08465655893087387, 0.0, 0.0, 0.0, 0.0, 0.0, 0.0428757518529892, 0.0, 0.7109422087669373, 0.0, 0.0, 0.0, 0.0, 0.0, 0.0, 0.07575569301843643, 0.0, 0.0, 0.0, 0.0, 0.0, 0.0, 0.0, 0.0, 0.0, 0.0], [0.0, 0.0, 0.0, 0.0, 0.0, 0.0, 0.0, 0.0, 0.0, 0.0, 0.0, 0.0, 0.0, 0.0, 0.0, 0.0, 0.0, 0.0, 0.0, 0.06452348828315735, 0.0, 0.0, 0.022888222709298134, 0.0, 0.0, 0.0, 0.0, 0.0, 0.08961013704538345, 0.0, 0.0, 0.0, 0.0, 0.0, 0.04209180176258087, 0.0, 0.708177924156189, 0.0, 0.0, 0.0, 0.0, 0.0, 0.0, 0.07270855456590652, 0.0, 0.0, 0.0, 0.0, 0.0, 0.0, 0.0, 0.0, 0.0, 0.0], [0.0, 0.0, 0.0, 0.0, 0.0, 0.0, 0.0, 0.0, 0.0, 0.0, 0.0, 0.0, 0.0, 0.0, 0.0, 0.0, 0.0, 0.0, 0.0, 0.06275175511837006, 0.0, 0.0, 0.0222853384912014, 0.0, 0.0, 0.0, 0.0, 0.0, 0.08851619064807892, 0.0, 0.0, 0.0, 0.0, 0.0, 0.04269082099199295, 0.0, 0.7098779082298279, 0.0, 0.0, 0.0, 0.0, 0.0, 0.0, 0.07387806475162506, 0.0, 0.0, 0.0, 0.0, 0.0, 0.0, 0.0, 0.0, 0.0, 0.0]]"
12,0.0,0,1.0,1,36 36 36,"[[0.0, 0.0, 0.0, 0.0, 0.0, 0.0, 0.0, 0.0, 0.0, 0.0, 0.0, 0.0, 0.0, 0.0, 0.0, 0.0, 0.0, 0.0, 0.0, 0.05398166924715042, 0.0, 0.0, 0.018678147345781326, 0.0, 0.0, 0.0, 0.0, 0.0, 0.06815846264362335, 0.0, 0.0, 0.0, 0.0, 0.0, 0.03497335687279701, 0.0, 0.7668686509132385, 0.0, 0.0, 0.0, 0.0, 0.0, 0.0, 0.05733979865908623, 0.0, 0.0, 0.0, 0.0, 0.0, 0.0, 0.0, 0.0, 0.0, 0.0], [0.0, 0.0, 0.0, 0.0, 0.0, 0.0, 0.0, 0.0, 0.0, 0.0, 0.0, 0.0, 0.0, 0.0, 0.0, 0.0, 0.0, 0.0, 0.0, 0.05583937466144562, 0.0, 0.0, 0.018622614443302155, 0.0, 0.0, 0.0, 0.0, 0.0, 0.07212678343057632, 0.0, 0.0, 0.0, 0.0, 0.0, 0.0347590371966362, 0.0, 0.7629306316375732, 0.0, 0.0, 0.0, 0.0, 0.0, 0.0, 0.05572151392698288, 0.0, 0.0, 0.0, 0.0, 0.0, 0.0, 0.0, 0.0, 0.0, 0.0], [0.0, 0.0, 0.0, 0.0, 0.0, 0.0, 0.0, 0.0, 0.0, 0.0, 0.0, 0.0, 0.0, 0.0, 0.0, 0.0, 0.0, 0.0, 0.0, 0.05449547991156578, 0.0, 0.0, 0.0181974358856678, 0.0, 0.0, 0.0, 0.0, 0.0, 0.07171601802110672, 0.0, 0.0, 0.0, 0.0, 0.0, 0.03524445369839668, 0.0, 0.7636321187019348, 0.0, 0.0, 0.0, 0.0, 0.0, 0.0, 0.05671447515487671, 0.0, 0.0, 0.0, 0.0, 0.0, 0.0, 0.0, 0.0, 0.0, 0.0]]"
13,0.0,0,1.0,1,36 36 36,"[[0.0, 0.0, 0.0, 0.0, 0.0, 0.0, 0.0, 0.0, 0.0, 0.0, 0.0, 0.0, 0.0, 0.0, 0.0, 0.0, 0.0, 0.0, 0.0, 0.04316841810941696, 0.0, 0.0, 0.013627197593450546, 0.0, 0.0, 0.0, 0.0, 0.0, 0.05150160193443298, 0.0, 0.0, 0.0, 0.0, 0.0, 0.02502017840743065, 0.0, 0.8278183937072754, 0.0, 0.0, 0.0, 0.0, 0.0, 0.0, 0.038864195346832275, 0.0, 0.0, 0.0, 0.0, 0.0, 0.0, 0.0, 0.0, 0.0, 0.0], [0.0, 0.0, 0.0, 0.0, 0.0, 0.0, 0.0, 0.0, 0.0, 0.0, 0.0, 0.0, 0.0, 0.0, 0.0, 0.0, 0.0, 0.0, 0.0, 0.04559992626309395, 0.0, 0.0, 0.014014863409101963, 0.0, 0.0, 0.0, 0.0, 0.0, 0.0555289052426815, 0.0, 0.0, 0.0, 0.0, 0.0, 0.02540944702923298, 0.0, 0.8210033774375916, 0.0, 0.0, 0.0, 0.0, 0.0, 0.0, 0.038443438708782196, 0.0, 0.0, 0.0, 0.0, 0.0, 0.0, 0.0, 0.0, 0.0, 0.0], [0.0, 0.0, 0.0, 0.0, 0.0, 0.0, 0.0, 0.0, 0.0, 0.0, 0.0, 0.0, 0.0, 0.0, 0.0, 0.0, 0.0, 0.0, 0.0, 0.044633012264966965, 0.0, 0.0, 0.013785588555037975, 0.0, 0.0, 0.0, 0.0, 0.0, 0.05560119450092316, 0.0, 0.0, 0.0, 0.0, 0.0, 0.025882169604301453, 0.0, 0.820773720741272, 0.0, 0.0, 0.0, 0.0, 0.0, 0.0, 0.03932427614927292, 0.0, 0.0, 0.0, 0.0, 0.0, 0.0, 0.0, 0.0, 0.0, 0.0]]"
14,0.0,0,1.0,1,36 36 36,"[[0.0, 0.0, 0.0, 0.0, 0.0, 0.0, 0.0, 0.0, 0.0, 0.0, 0.0, 0.0, 0.0, 0.0, 0.0, 0.0, 0.0, 0.0, 0.0, 0.03741889074444771, 0.0, 0.0, 0.011517821811139584, 0.0, 0.0, 0.0, 0.0, 0.0, 0.04500829428434372, 0.0, 0.0, 0.0, 0.0, 0.0, 0.02025630697607994, 0.0, 0.8568670153617859, 0.0, 0.0, 0.0, 0.0, 0.0, 0.0, 0.02893165498971939, 0.0, 0.0, 0.0, 0.0, 0.0, 0.0, 0.0, 0.0, 0.0, 0.0], [0.0, 0.0, 0.0, 0.0, 0.0, 0.0, 0.0, 0.0, 0.0, 0.0, 0.0, 0.0, 0.0, 0.0, 0.0, 0.0, 0.0, 0.0, 0.0, 0.040728241205215454, 0.0, 0.0, 0.012243748642504215, 0.0, 0.0, 0.0, 0.0, 0.0, 0.05011802166700363, 0.0, 0.0, 0.0, 0.0, 0.0, 0.02116917073726654, 0.0, 0.8465102910995483, 0.0, 0.0, 0.0, 0.0, 0.0, 0.0, 0.029230544343590736, 0.0, 0.0, 0.0, 0.0, 0.0, 0.0, 0.0, 0.0, 0.0, 0.0], [0.0, 0.0, 0.0, 0.0, 0.0, 0.0, 0.0, 0.0, 0.0, 0.0, 0.0, 0.0, 0.0, 0.0, 0.0, 0.0, 0.0, 0.0, 0.0, 0.040256258100271225, 0.0, 0.0, 0.012203650549054146, 0.0, 0.0, 0.0, 0.0, 0.0, 0.050913941115140915, 0.0, 0.0, 0.0, 0.0, 0.0, 0.021731046959757805, 0.0, 0.8448011875152588, 0.0, 0.0, 0.0, 0.0, 0.0, 0.0, 0.030093902722001076, 0.0, 0.0, 0.0, 0.0, 0.0, 0.0, 0.0, 0.0, 0.0, 0.0]]"
15,0.0,0,1.0,1,36 36 36,"[[0.0, 0.0, 0.0, 0.0, 0.0, 0.0, 0.0, 0.0, 0.0, 0.0, 0.0, 0.0, 0.0, 0.0, 0.0, 0.0, 0.0, 0.0, 0.0, 0.027446579188108444, 0.0, 0.0, 0.009664725512266159, 0.0, 0.0, 0.0, 0.0, 0.0, 0.033927928656339645, 0.0, 0.0, 0.0, 0.0, 0.0, 0.016670314595103264, 0.0, 0.889319658279419, 0.0, 0.0, 0.0, 0.0, 0.0, 0.0, 0.02297084592282772, 0.0, 0.0, 0.0, 0.0, 0.0, 0.0, 0.0, 0.0, 0.0, 0.0], [0.0, 0.0, 0.0, 0.0, 0.0, 0.0, 0.0, 0.0, 0.0, 0.0, 0.0, 0.0, 0.0, 0.0, 0.0, 0.0, 0.0, 0.0, 0.0, 0.029889870434999466, 0.0, 0.0, 0.010301703587174416, 0.0, 0.0, 0.0, 0.0, 0.0, 0.038012776523828506, 0.0, 0.0, 0.0, 0.0, 0.0, 0.017511779442429543, 0.0, 0.8809875845909119, 0.0, 0.0, 0.0, 0.0, 0.0, 0.0, 0.023296315222978592, 0.0, 0.0, 0.0, 0.0, 0.0, 0.0, 0.0, 0.0, 0.0, 0.0], [0.0, 0.0, 0.0, 0.0, 0.0, 0.0, 0.0, 0.0, 0.0, 0.0, 0.0, 0.0, 0.0, 0.0, 0.0, 0.0, 0.0, 0.0, 0.0, 0.02988290786743164, 0.0, 0.0, 0.010378058068454266, 0.0, 0.0, 0.0, 0.0, 0.0, 0.03904761001467705, 0.0, 0.0, 0.0, 0.0, 0.0, 0.01807917281985283, 0.0, 0.8784934878349304, 0.0, 0.0, 0.0, 0.0, 0.0, 0.0, 0.024118715897202492, 0.0, 0.0, 0.0, 0.0, 0.0, 0.0, 0.0, 0.0, 0.0, 0.0]]"
16,0.0,0,1.0,1,36 36 36,"[[0.0, 0.0, 0.0, 0.0, 0.0, 0.0, 0.0, 0.0, 0.0, 0.0, 0.0, 0.0, 0.0, 0.0, 0.0, 0.0, 0.0, 0.0, 0.0, 0.020726405084133148, 0.0, 0.0, 0.007903790101408958, 0.0, 0.0, 0.0, 0.0, 0.0, 0.02561131678521633, 0.0, 0.0, 0.0, 0.0, 0.0, 0.014093968085944653, 0.0, 0.9134886264801025, 0.0, 0.0, 0.0, 0.0, 0.0, 0.0, 0.018175913020968437, 0.0, 0.0, 0.0, 0.0, 0.0, 0.0, 0.0, 0.0, 0.0, 0.0], [0.0, 0.0, 0.0, 0.0, 0.0, 0.0, 0.0, 0.0, 0.0, 0.0, 0.0, 0.0, 0.0, 0.0, 0.0, 0.0, 0.0, 0.0, 0.0, 0.022475726902484894, 0.0, 0.0, 0.008380652405321598, 0.0, 0.0, 0.0, 0.0, 0.0, 0.028580384328961372, 0.0, 0.0, 0.0, 0.0, 0.0, 0.014716051518917084, 0.0, 0.9074609279632568, 0.0, 0.0, 0.0, 0.0, 0.0, 0.0, 0.018386289477348328, 0.0, 0.0, 0.0, 0.0, 0.0, 0.0, 0.0, 0.0, 0.0, 0.0], [0.0, 0.0, 0.0, 0.0, 0.0, 0.0, 0.0, 0.0, 0.0, 0.0, 0.0, 0.0, 0.0, 0.0, 0.0, 0.0, 0.0, 0.0, 0.0, 0.02252569980919361, 0.0, 0.0, 0.008461680263280869, 0.0, 0.0, 0.0, 0.0, 0.0, 0.02935175970196724, 0.0, 0.0, 0.0, 0.0, 0.0, 0.015214546583592892, 0.0, 0.9053651094436646, 0.0, 0.0, 0.0, 0.0, 0.0, 0.0, 0.01908121071755886, 0.0, 0.0, 0.0, 0.0, 0.0, 0.0, 0.0, 0.0, 0.0, 0.0]]"
17,0.0,0,1.0,1,36 36 36,"[[0.0, 0.0, 0.0, 0.0, 0.0, 0.0, 0.0, 0.0, 0.0, 0.0, 0.0, 0.0, 0.0, 0.0, 0.0, 0.0, 0.0, 0.0, 0.0, 0.014653664082288742, 0.0, 0.0, 0.0064012110233306885, 0.0, 0.0, 0.0, 0.0, 0.0, 0.019718928262591362, 0.0, 0.0, 0.0, 0.0, 0.0, 0.01179957203567028, 0.0, 0.9331057667732239, 0.0, 0.0, 0.0, 0.0, 0.0, 0.0, 0.01432077307254076, 0.0, 0.0, 0.0, 0.0, 0.0, 0.0, 0.0, 0.0, 0.0, 0.0], [0.0, 0.0, 0.0, 0.0, 0.0, 0.0, 0.0, 0.0, 0.0, 0.0, 0.0, 0.0, 0.0, 0.0, 0.0, 0.0, 0.0, 0.0, 0.0, 0.01565873809158802, 0.0, 0.0, 0.006690669804811478, 0.0, 0.0, 0.0, 0.0, 0.0, 0.02162978984415531, 0.0, 0.0, 0.0, 0.0, 0.0, 0.012184586375951767, 0.0, 0.9294330477714539, 0.0, 0.0, 0.0, 0.0, 0.0, 0.0, 0.014403194189071655, 0.0, 0.0, 0.0, 0.0, 0.0, 0.0, 0.0, 0.0, 0.0, 0.0], [0.0, 0.0, 0.0, 0.0, 0.0, 0.0, 0.0, 0.0, 0.0, 0.0, 0.0, 0.0, 0.0, 0.0, 0.0, 0.0, 0.0, 0.0, 0.0, 0.015758227556943893, 0.0, 0.0, 0.006765782367438078, 0.0, 0.0, 0.0, 0.0, 0.0, 0.02221756801009178, 0.0, 0.0, 0.0, 0.0, 0.0, 0.012579272501170635, 0.0, 0.9277303218841553, 0.0, 0.0, 0.0, 0.0, 0.0, 0.0, 0.014948929660022259, 0.0, 0.0, 0.0, 0.0, 0.0, 0.0, 0.0, 0.0, 0.0, 0.0]]"
18,0.0,0,1.0,1,36 36 36,"[[0.0, 0.0, 0.0, 0.0, 0.0, 0.0, 0.0, 0.0, 0.0, 0.0, 0.0, 0.0, 0.0, 0.0, 0.0, 0.0, 0.0, 0.0, 0.0, 0.012851355597376823, 0.0, 0.0, 0.006156892981380224, 0.0, 0.0, 0.0, 0.0, 0.0, 0.01997002586722374, 0.0, 0.0, 0.0, 0.0, 0.0, 0.011254235170781612, 0.0, 0.936553418636322, 0.0, 0.0, 0.0, 0.0, 0.0, 0.0, 0.013214083388447762, 0.0, 0.0, 0.0, 0.0, 0.0, 0.0, 0.0, 0.0, 0.0, 0.0], [0.0, 0.0, 0.0, 0.0, 0.0, 0.0, 0.0, 0.0, 0.0, 0.0, 0.0, 0.0, 0.0, 0.0, 0.0, 0.0, 0.0, 0.0, 0.0, 0.013536648824810982, 0.0, 0.0, 0.006347665097564459, 0.0, 0.0, 0.0, 0.0, 0.0, 0.021537067368626595, 0.0, 0.0, 0.0, 0.0, 0.0, 0.011498422361910343, 0.0, 0.9338938593864441, 0.0, 0.0, 0.0, 0.0, 0.0, 0.0, 0.013186314143240452, 0.0, 0.0, 0.0, 0.0, 0.0, 0.0, 0.0, 0.0, 0.0, 0.0], [0.0, 0.0, 0.0, 0.0, 0.0, 0.0, 0.0, 0.0, 0.0, 0.0, 0.0, 0.0, 0.0, 0.0, 0.0, 0.0, 0.0, 0.0, 0.0, 0.013654460199177265, 0.0, 0.0, 0.006412283517420292, 0.0, 0.0, 0.0, 0.0, 0.0, 0.022167008370161057, 0.0, 0.0, 0.0, 0.0, 0.0, 0.011822315864264965, 0.0, 0.9322898387908936, 0.0, 0.0, 0.0, 0.0, 0.0, 0.0, 0.013654069975018501, 0.0, 0.0, 0.0, 0.0, 0.0, 0.0, 0.0, 0.0, 0.0, 0.0]]"
19,0.0,0,1.0,1,36 36 36,"[[0.0, 0.0, 0.0, 0.0, 0.0, 0.0, 0.0, 0.0, 0.0, 0.0, 0.0, 0.0, 0.0, 0.0, 0.0, 0.0, 0.0, 0.0, 0.0, 0.011945264413952827, 0.0, 0.0, 0.0063611422665417194, 0.0, 0.0, 0.0, 0.0, 0.0, 0.022680485621094704, 0.0, 0.0, 0.0, 0.0, 0.0, 0.01158764399588108, 0.0, 0.9343080520629883, 0.0, 0.0, 0.0, 0.0, 0.0, 0.0, 0.013117342256009579, 0.0, 0.0, 0.0, 0.0, 0.0, 0.0, 0.0, 0.0, 0.0, 0.0], [0.0, 0.0, 0.0, 0.0, 0.0, 0.0, 0.0, 0.0, 0.0, 0.0, 0.0, 0.0, 0.0, 0.0, 0.0, 0.0, 0.0, 0.0, 0.0, 0.012552286498248577, 0.0, 0.0, 0.006537958513945341, 0.0, 0.0, 0.0, 0.0, 0.0, 0.024345915764570236, 0.0, 0.0, 0.0, 0.0, 0.0, 0.011786790564656258, 0.0, 0.9317301511764526, 0.0, 0.0, 0.0, 0.0, 0.0, 0.0, 0.01304691843688488, 0.0, 0.0, 0.0, 0.0, 0.0, 0.0, 0.0, 0.0, 0.0, 0.0], [0.0, 0.0, 0.0, 0.0, 0.0, 0.0, 0.0, 0.0, 0.0, 0.0, 0.0, 0.0, 0.0, 0.0, 0.0, 0.0, 0.0, 0.0, 0.0, 0.012690260075032711, 0.0, 0.0, 0.0065923030488193035, 0.0, 0.0, 0.0, 0.0, 0.0, 0.025057103484869003, 0.0, 0.0, 0.0, 0.0, 0.0, 0.012071684934198856, 0.0, 0.9301005005836487, 0.0, 0.0, 0.0, 0.0, 0.0, 0.0, 0.013488126918673515, 0.0, 0.0, 0.0, 0.0, 0.0, 0.0, 0.0, 0.0, 0.0, 0.0]]"
20,0.0,0,1.0,1,36 36 36,"[[0.0, 0.0, 0.0, 0.0, 0.0, 0.0, 0.0, 0.0, 0.0, 0.0, 0.0, 0.0, 0.0, 0.0, 0.0, 0.0, 0.0, 0.0, 0.0, 0.009564712643623352, 0.0, 0.0, 0.0057701715268194675, 0.0, 0.0, 0.0, 0.0, 0.0, 0.020293433219194412, 0.0, 0.0, 0.0, 0.0, 0.0, 0.010871614329516888, 0.0, 0.9407256841659546, 0.0, 0.0, 0.0, 0.0, 0.0, 0.0, 0.012774281203746796, 0.0, 0.0, 0.0, 0.0, 0.0, 0.0, 0.0, 0.0, 0.0, 0.0], [0.0, 0.0, 0.0, 0.0, 0.0, 0.0, 0.0, 0.0, 0.0, 0.0, 0.0, 0.0, 0.0, 0.0, 0.0, 0.0, 0.0, 0.0, 0.0, 0.009989803656935692, 0.0, 0.0, 0.005896067246794701, 0.0, 0.0, 0.0, 0.0, 0.0, 0.02163245901465416, 0.0, 0.0, 0.0, 0.0, 0.0, 0.011000984348356724, 0.0, 0.938849151134491, 0.0, 0.0, 0.0, 0.0, 0.0, 0.0, 0.012631474994122982, 0.0, 0.0, 0.0, 0.0, 0.0, 0.0, 0.0, 0.0, 0.0, 0.0], [0.0, 0.0, 0.0, 0.0, 0.0, 0.0, 0.0, 0.0, 0.0, 0.0, 0.0, 0.0, 0.0, 0.0, 0.0, 0.0, 0.0, 0.0, 0.0, 0.010025499388575554, 0.0, 0.0, 0.00587841309607029, 0.0, 0.0, 0.0, 0.0, 0.0, 0.02205701544880867, 0.0, 0.0, 0.0, 0.0, 0.0, 0.011153023689985275, 0.0, 0.9379248023033142, 0.0, 0.0, 0.0, 0.0, 0.0, 0.0, 0.012961328029632568, 0.0, 0.0, 0.0, 0.0, 0.0, 0.0, 0.0, 0.0, 0.0, 0.0]]"
21,0.0,0,1.0,1,36 36 36,"[[0.0, 0.0, 0.0, 0.0, 0.0, 0.0, 0.0, 0.0, 0.0, 0.0, 0.0, 0.0, 0.0, 0.0, 0.0, 0.0, 0.0, 0.0, 0.0, 0.008124865591526031, 0.0, 0.0, 0.005362117197364569, 0.0, 0.0, 0.0, 0.0, 0.0, 0.017802122980356216, 0.0, 0.0, 0.0, 0.0, 0.0, 0.010109138675034046, 0.0, 0.9457630515098572, 0.0, 0.0, 0.0, 0.0, 0.0, 0.0, 0.012838711030781269, 0.0, 0.0, 0.0, 0.0, 0.0, 0.0, 0.0, 0.0, 0.0, 0.0], [0.0, 0.0, 0.0, 0.0, 0.0, 0.0, 0.0, 0.0, 0.0, 0.0, 0.0, 0.0, 0.0, 0.0, 0.0, 0.0, 0.0, 0.0, 0.0, 0.008415552787482738, 0.0, 0.0, 0.005445513874292374, 0.0, 0.0, 0.0, 0.0, 0.0, 0.018817048519849777, 0.0, 0.0, 0.0, 0.0, 0.0, 0.010191136039793491, 0.0, 0.944500207901001, 0.0, 0.0, 0.0, 0.0, 0.0, 0.0, 0.012630615383386612, 0.0, 0.0, 0.0, 0.0, 0.0, 0.0, 0.0, 0.0, 0.0, 0.0], [0.0, 0.0, 0.0, 0.0, 0.0, 0.0, 0.0, 0.0, 0.0, 0.0, 0.0, 0.0, 0.0, 0.0, 0.0, 0.0, 0.0, 0.0, 0.0, 0.008361869491636753, 0.0, 0.0, 0.00535537488758564, 0.0, 0.0, 0.0, 0.0, 0.0, 0.019019467756152153, 0.0, 0.0, 0.0, 0.0, 0.0, 0.010212400928139687, 0.0, 0.9442063570022583, 0.0, 0.0, 0.0, 0.0, 0.0, 0.0, 0.01284442562609911, 0.0, 0.0, 0.0, 0.0, 0.0, 0.0, 0.0, 0.0, 0.0, 0.0]]"
22,0.0,0,1.0,1,36 36 36,"[[0.0, 0.0, 0.0, 0.0, 0.0, 0.0, 0.0, 0.0, 0.0, 0.0, 0.0, 0.0, 0.0, 0.0, 0.0, 0.0, 0.0, 0.0, 0.0, 0.0073188007809221745, 0.0, 0.0, 0.005028696730732918, 0.0, 0.0, 0.0, 0.0, 0.0, 0.016024118289351463, 0.0, 0.0, 0.0, 0.0, 0.0, 0.009298947639763355, 0.0, 0.9501177072525024, 0.0, 0.0, 0.0, 0.0, 0.0, 0.0, 0.012211747467517853, 0.0, 0.0, 0.0, 0.0, 0.0, 0.0, 0.0, 0.0, 0.0, 0.0], [0.0, 0.0, 0.0, 0.0, 0.0, 0.0, 0.0, 0.0, 0.0, 0.0, 0.0, 0.0, 0.0, 0.0, 0.0, 0.0, 0.0, 0.0, 0.0, 0.007626603357493877, 0.0, 0.0, 0.005146298557519913, 0.0, 0.0, 0.0, 0.0, 0.0, 0.01703328639268875, 0.0, 0.0, 0.0, 0.0, 0.0, 0.009435812011361122, 0.0, 0.9486783742904663, 0.0, 0.0, 0.0, 0.0, 0.0, 0.0, 0.012079642154276371, 0.0, 0.0, 0.0, 0.0, 0.0, 0.0, 0.0, 0.0, 0.0, 0.0], [0.0, 0.0, 0.0, 0.0, 0.0, 0.0, 0.0, 0.0, 0.0, 0.0, 0.0, 0.0, 0.0, 0.0, 0.0, 0.0, 0.0, 0.0, 0.0, 0.0075304144993424416, 0.0, 0.0, 0.005027995444834232, 0.0, 0.0, 0.0, 0.0, 0.0, 0.017109641805291176, 0.0, 0.0, 0.0, 0.0, 0.0, 0.009398245252668858, 0.0, 0.948701798915863, 0.0, 0.0, 0.0, 0.0, 0.0, 0.0, 0.012231814675033092, 0.0, 0.0, 0.0, 0.0, 0.0, 0.0, 0.0, 0.0, 0.0, 0.0]]"
23,0.0,0,1.0,1,36 36 36,"[[0.0, 0.0, 0.0, 0.0, 0.0, 0.0, 0.0, 0.0, 0.0, 0.0, 0.0, 0.0, 0.0, 0.0, 0.0, 0.0, 0.0, 0.0, 0.0, 0.007426571100950241, 0.0, 0.0, 0.0051791733130812645, 0.0, 0.0, 0.0, 0.0, 0.0, 0.015409632585942745, 0.0, 0.0, 0.0, 0.0, 0.0, 0.008759059943258762, 0.0, 0.9510014653205872, 0.0, 0.0, 0.0, 0.0, 0.0, 0.0, 0.012223945930600166, 0.0, 0.0, 0.0, 0.0, 0.0, 0.0, 0.0, 0.0, 0.0, 0.0], [0.0, 0.0, 0.0, 0.0, 0.0, 0.0, 0.0, 0.0, 0.0, 0.0, 0.0, 0.0, 0.0, 0.0, 0.0, 0.0, 0.0, 0.0, 0.0, 0.007928653620183468, 0.0, 0.0, 0.005437349434942007, 0.0, 0.0, 0.0, 0.0, 0.0, 0.016793012619018555, 0.0, 0.0, 0.0, 0.0, 0.0, 0.009099813178181648, 0.0, 0.948393702507019, 0.0, 0.0, 0.0, 0.0, 0.0, 0.0, 0.012347462587058544, 0.0, 0.0, 0.0, 0.0, 0.0, 0.0, 0.0, 0.0, 0.0, 0.0], [0.0, 0.0, 0.0, 0.0, 0.0, 0.0, 0.0, 0.0, 0.0, 0.0, 0.0, 0.0, 0.0, 0.0, 0.0, 0.0, 0.0, 0.0, 0.0, 0.007812760770320892, 0.0, 0.0, 0.00529820378869772, 0.0, 0.0, 0.0, 0.0, 0.0, 0.01686851494014263, 0.0, 0.0, 0.0, 0.0, 0.0, 0.009023040533065796, 0.0, 0.948531985282898, 0.0, 0.0, 0.0, 0.0, 0.0, 0.0, 0.01246560737490654, 0.0, 0.0, 0.0, 0.0, 0.0, 0.0, 0.0, 0.0, 0.0, 0.0]]"
24,0.0,0,1.0,1,36 36 36,"[[0.0, 0.0, 0.0, 0.0, 0.0, 0.0, 0.0, 0.0, 0.0, 0.0, 0.0, 0.0, 0.0, 0.0, 0.0, 0.0, 0.0, 0.0, 0.0, 0.0073365578427910805, 0.0, 0.0, 0.005313829984515905, 0.0, 0.0, 0.0, 0.0, 0.0, 0.014422690495848656, 0.0, 0.0, 0.0, 0.0, 0.0, 0.0078416233882308, 0.0, 0.953850507736206, 0.0, 0.0, 0.0, 0.0, 0.0, 0.0, 0.011234727688133717, 0.0, 0.0, 0.0, 0.0, 0.0, 0.0, 0.0, 0.0, 0.0, 0.0], [0.0, 0.0, 0.0, 0.0, 0.0, 0.0, 0.0, 0.0, 0.0, 0.0, 0.0, 0.0, 0.0, 0.0, 0.0, 0.0, 0.0, 0.0, 0.0, 0.007982000708580017, 0.0, 0.0, 0.00568368099629879, 0.0, 0.0, 0.0, 0.0, 0.0, 0.016082756221294403, 0.0, 0.0, 0.0, 0.0, 0.0, 0.008320010267198086, 0.0, 0.9503598809242249, 0.0, 0.0, 0.0, 0.0, 0.0, 0.0, 0.011571654118597507, 0.0, 0.0, 0.0, 0.0, 0.0, 0.0, 0.0, 0.0, 0.0, 0.0], [0.0, 0.0, 0.0, 0.0, 0.0, 0.0, 0.0, 0.0, 0.0, 0.0, 0.0, 0.0, 0.0, 0.0, 0.0, 0.0, 0.0, 0.0, 0.0, 0.007888888008892536, 0.0, 0.0, 0.005525928921997547, 0.0, 0.0, 0.0, 0.0, 0.0, 0.016229405999183655, 0.0, 0.0, 0.0, 0.0, 0.0, 0.008200814947485924, 0.0, 0.9505439400672913, 0.0, 0.0, 0.0, 0.0, 0.0, 0.0, 0.011611063033342361, 0.0, 0.0, 0.0, 0.0, 0.0, 0.0, 0.0, 0.0, 0.0, 0.0]]"
25,0.0002647924702614546,0,1.0,1,36 36 36,"[[0.0, 0.0, 0.0, 0.0, 0.0, 0.0, 0.0, 0.0, 0.0, 0.0, 0.0, 0.0, 0.0, 0.0, 0.0, 0.0, 0.0, 0.0, 0.0, 0.008025660179555416, 0.0, 0.0, 0.006237998139113188, 0.0, 0.0, 0.0, 0.0, 0.0, 0.016084879636764526, 0.0, 0.0, 0.0, 0.0, 0.0, 0.008346746675670147, 0.0, 0.9495484232902527, 0.0, 0.0, 0.0, 0.0, 0.0, 0.0, 0.011756339110434055, 0.0, 0.0, 0.0, 0.0, 0.0, 0.0, 0.0, 0.0, 0.0, 0.0], [0.0, 0.0, 0.0, 0.0, 0.0, 0.0, 0.0, 0.0, 0.0, 0.0, 0.0, 0.0, 0.0, 0.0, 0.0, 0.0, 0.0, 0.0, 0.0, 0.00875831674784422, 0.0, 0.0, 0.006692975293844938, 0.0, 0.0, 0.0, 0.0, 0.0, 0.018045717850327492, 0.0, 0.0, 0.0, 0.0, 0.0, 0.008938714861869812, 0.0, 0.945347249507904, 0.0, 0.0, 0.0, 0.0, 0.0, 0.0, 0.012216993607580662, 0.0, 0.0, 0.0, 0.0, 0.0, 0.0, 0.0, 0.0, 0.0, 0.0], [0.0, 0.0, 0.0, 0.0, 0.0, 0.0, 0.0, 0.0, 0.0, 0.0, 0.0, 0.0, 0.0, 0.0, 0.0, 0.0, 0.0, 0.0, 0.0, 0.008729987777769566, 0.0, 0.0, 0.006481206975877285, 0.0, 0.0, 0.0, 0.0, 0.0, 0.018358003348112106, 0.0, 0.0, 0.0, 0.0, 0.0, 0.008733428083360195, 0.0, 0.945541501045227, 0.0, 0.0, 0.0, 0.0, 0.0, 0.0, 0.01215589139610529, 0.0, 0.0, 0.0, 0.0, 0.0, 0.0, 0.0, 0.0, 0.0, 0.0]]"
26,0.0003190770512446761,0,1.0,1,36 36 36,"[[0.0, 0.0, 0.0, 0.0, 0.0, 0.0, 0.0, 0.0, 0.0, 0.0, 0.0, 0.0, 0.0, 0.0, 0.0, 0.0, 0.0, 0.0, 0.0, 0.008223469369113445, 0.0, 0.0, 0.005958177614957094, 0.0, 0.0, 0.0, 0.0, 0.0, 0.016476696357131004, 0.0, 0.0, 0.0, 0.0, 0.0, 0.007688074838370085, 0.0, 0.9516243934631348, 0.0, 0.0, 0.0, 0.0, 0.0, 0.0, 0.010029176250100136, 0.0, 0.0, 0.0, 0.0, 0.0, 0.0, 0.0, 0.0, 0.0, 0.0], [0.0, 0.0, 0.0, 0.0, 0.0, 0.0, 0.0, 0.0, 0.0, 0.0, 0.0, 0.0, 0.0, 0.0, 0.0, 0.0, 0.0, 0.0, 0.0, 0.008721315301954746, 0.0, 0.0, 0.006063111592084169, 0.0, 0.0, 0.0, 0.0, 0.0, 0.01805541105568409, 0.0, 0.0, 0.0, 0.0, 0.0, 0.007850849069654942, 0.0, 0.9493266344070435, 0.0, 0.0, 0.0, 0.0, 0.0, 0.0, 0.009982763789594173, 0.0, 0.0, 0.0, 0.0, 0.0, 0.0, 0.0, 0.0, 0.0, 0.0], [0.0, 0.0, 0.0, 0.0, 0.0, 0.0, 0.0, 0.0, 0.0, 0.0, 0.0, 0.0, 0.0, 0.0, 0.0, 0.0, 0.0, 0.0, 0.0, 0.008815933018922806, 0.0, 0.0, 0.0059052398428320885, 0.0, 0.0, 0.0, 0.0, 0.0, 0.018634118139743805, 0.0, 0.0, 0.0, 0.0, 0.0, 0.007679792586714029, 0.0, 0.9490010142326355, 0.0, 0.0, 0.0, 0.0, 0.0, 0.0, 0.00996383372694254, 0.0, 0.0, 0.0, 0.0, 0.0, 0.0, 0.0, 0.0, 0.0, 0.0]]"
27,0.0020429983269423246,0,1.0,1,36 36 36,"[[0.0, 0.0, 0.0, 0.0, 0.0, 0.0, 0.0, 0.0, 0.0, 0.0, 0.0, 0.0, 0.0, 0.0, 0.0, 0.0, 0.0, 0.0, 0.0, 0.006852013990283012, 0.0, 0.0, 0.004326455295085907, 0.0, 0.0, 0.0, 0.0, 0.0, 0.013916670344769955, 0.0, 0.0, 0.0, 0.0, 0.0, 0.00571608729660511, 0.0, 0.962039053440094, 0.0, 0.0, 0.0, 0.0, 0.0, 0.0, 0.007149771321564913, 0.0, 0.0, 0.0, 0.0, 0.0, 0.0, 0.0, 0.0, 0.0, 0.0], [0.0, 0.0, 0.0, 0.0, 0.0, 0.0, 0.0, 0.0, 0.0, 0.0, 0.0, 0.0, 0.0, 0.0, 0.0, 0.0, 0.0, 0.0, 0.0, 0.007059116382151842, 0.0, 0.0, 0.004211357794702053, 0.0, 0.0, 0.0, 0.0, 0.0, 0.01483801007270813, 0.0, 0.0, 0.0, 0.0, 0.0, 0.005602885968983173, 0.0, 0.9614425897598267, 0.0, 0.0, 0.0, 0.0, 0.0, 0.0, 0.00684596411883831, 0.0, 0.0, 0.0, 0.0, 0.0, 0.0, 0.0, 0.0, 0.0, 0.0], [0.0, 0.0, 0.0, 0.0, 0.0, 0.0, 0.0, 0.0, 0.0, 0.0, 0.0, 0.0, 0.0, 0.0, 0.0, 0.0, 0.0, 0.0, 0.0, 0.00715536018833518, 0.0, 0.0, 0.004107865039259195, 0.0, 0.0, 0.0, 0.0, 0.0, 0.015382290817797184, 0.0, 0.0, 0.0, 0.0, 0.0, 0.005478310398757458, 0.0, 0.9610297679901123, 0.0, 0.0, 0.0, 0.0, 0.0, 0.0, 0.006846431642770767, 0.0, 0.0, 0.0, 0.0, 0.0, 0.0, 0.0, 0.0, 0.0, 0.0]]"
28,0.0034200071822851896,0,1.0,1,36 36 36,"[[0.0, 0.0, 0.0, 0.0, 0.0, 0.0, 0.0, 0.0, 0.0, 0.0, 0.0, 0.0, 0.0, 0.0, 0.0, 0.0, 0.0, 0.0, 0.0, 0.0076371850445866585, 0.0, 0.0, 0.003917707595974207, 0.0, 0.0, 0.0, 0.0, 0.0, 0.01451963558793068, 0.0, 0.0, 0.0, 0.0, 0.0, 0.005021501798182726, 0.0, 0.9627721905708313, 0.0, 0.0, 0.0, 0.0, 0.0, 0.0, 0.006131880450993776, 0.0, 0.0, 0.0, 0.0, 0.0, 0.0, 0.0, 0.0, 0.0, 0.0], [0.0, 0.0, 0.0, 0.0, 0.0, 0.0, 0.0, 0.0, 0.0, 0.0, 0.0, 0.0, 0.0, 0.0, 0.0, 0.0, 0.0, 0.0, 0.0, 0.007881195284426212, 0.0, 0.0, 0.0037567627150565386, 0.0, 0.0, 0.0, 0.0, 0.0, 0.015442393720149994, 0.0, 0.0, 0.0, 0.0, 0.0, 0.0048592849634587765, 0.0, 0.9622578620910645, 0.0, 0.0, 0.0, 0.0, 0.0, 0.0, 0.005802507046610117, 0.0, 0.0, 0.0, 0.0, 0.0, 0.0, 0.0, 0.0, 0.0, 0.0], [0.0, 0.0, 0.0, 0.0, 0.0, 0.0, 0.0, 0.0, 0.0, 0.0, 0.0, 0.0, 0.0, 0.0, 0.0, 0.0, 0.0, 0.0, 0.0, 0.007905748672783375, 0.0, 0.0, 0.0036185281351208687, 0.0, 0.0, 0.0, 0.0, 0.0, 0.01596778817474842, 0.0, 0.0, 0.0, 0.0, 0.0, 0.004687048494815826, 0.0, 0.9620625376701355, 0.0, 0.0, 0.0, 0.0, 0.0, 0.0, 0.005758241750299931, 0.0, 0.0, 0.0, 0.0, 0.0, 0.0, 0.0, 0.0, 0.0, 0.0]]"
29,0.003985309973359108,0,1.0,1,36 36 36,"[[0.0, 0.0, 0.0, 0.0, 0.0, 0.0, 0.0, 0.0, 0.0, 0.0, 0.0, 0.0, 0.0, 0.0, 0.0, 0.0, 0.0, 0.0, 0.0, 0.008961507119238377, 0.0, 0.0, 0.003930315375328064, 0.0, 0.0, 0.0, 0.0, 0.0, 0.015599199570715427, 0.0, 0.0, 0.0, 0.0, 0.0, 0.004767061211168766, 0.0, 0.9609463214874268, 0.0, 0.0, 0.0, 0.0, 0.0, 0.0, 0.005795521195977926, 0.0, 0.0, 0.0, 0.0, 0.0, 0.0, 0.0, 0.0, 0.0, 0.0], [0.0, 0.0, 0.0, 0.0, 0.0, 0.0, 0.0, 0.0, 0.0, 0.0, 0.0, 0.0, 0.0, 0.0, 0.0, 0.0, 0.0, 0.0, 0.0, 0.00942247174680233, 0.0, 0.0, 0.003801055019721389, 0.0, 0.0, 0.0, 0.0, 0.0, 0.01684275083243847, 0.0, 0.0, 0.0, 0.0, 0.0, 0.004662318155169487, 0.0, 0.9597388505935669, 0.0, 0.0, 0.0, 0.0, 0.0, 0.0, 0.00553257018327713, 0.0, 0.0, 0.0, 0.0, 0.0, 0.0, 0.0, 0.0, 0.0, 0.0], [0.0, 0.0, 0.0, 0.0, 0.0, 0.0, 0.0, 0.0, 0.0, 0.0, 0.0, 0.0, 0.0, 0.0, 0.0, 0.0, 0.0, 0.0, 0.0, 0.009302979335188866, 0.0, 0.0, 0.003644079202786088, 0.0, 0.0, 0.0, 0.0, 0.0, 0.01722603291273117, 0.0, 0.0, 0.0, 0.0, 0.0, 0.004483572207391262, 0.0, 0.9598714113235474, 0.0, 0.0, 0.0, 0.0, 0.0, 0.0, 0.0054718246683478355, 0.0, 0.0, 0.0, 0.0, 0.0, 0.0, 0.0, 0.0, 0.0, 0.0]]"
30,0.004624325782060623,0,1.0,1,36 36 36,"[[0.0, 0.0, 0.0, 0.0, 0.0, 0.0, 0.0, 0.0, 0.0, 0.0, 0.0, 0.0, 0.0, 0.0, 0.0, 0.0, 0.0, 0.0, 0.0, 0.010604402981698513, 0.0, 0.0, 0.004141335841268301, 0.0, 0.0, 0.0, 0.0, 0.0, 0.01769990473985672, 0.0, 0.0, 0.0, 0.0, 0.0, 0.004697913769632578, 0.0, 0.9572216272354126, 0.0, 0.0, 0.0, 0.0, 0.0, 0.0, 0.00563479820266366, 0.0, 0.0, 0.0, 0.0, 0.0, 0.0, 0.0, 0.0, 0.0, 0.0], [0.0, 0.0, 0.0, 0.0, 0.0, 0.0, 0.0, 0.0, 0.0, 0.0, 0.0, 0.0, 0.0, 0.0, 0.0, 0.0, 0.0, 0.0, 0.0, 0.011763247661292553, 0.0, 0.0, 0.0041944775730371475, 0.0, 0.0, 0.0, 0.0, 0.0, 0.01994304172694683, 0.0, 0.0, 0.0, 0.0, 0.0, 0.004798869136720896, 0.0, 0.9537263512611389, 0.0, 0.0, 0.0, 0.0, 0.0, 0.0, 0.005574028939008713, 0.0, 0.0, 0.0, 0.0, 0.0, 0.0, 0.0, 0.0, 0.0, 0.0], [0.0, 0.0, 0.0, 0.0, 0.0, 0.0, 0.0, 0.0, 0.0, 0.0, 0.0, 0.0, 0.0, 0.0, 0.0, 0.0, 0.0, 0.0, 0.0, 0.011925454251468182, 0.0, 0.0, 0.00416448712348938, 0.0, 0.0, 0.0, 0.0, 0.0, 0.020837904885411263, 0.0, 0.0, 0.0, 0.0, 0.0, 0.004767886828631163, 0.0, 0.9526616930961609, 0.0, 0.0, 0.0, 0.0, 0.0, 0.0, 0.005642589647322893, 0.0, 0.0, 0.0, 0.0, 0.0, 0.0, 0.0, 0.0, 0.0, 0.0]]"
31,0.06399795413017273,0,1.0,1,36 36 36,"[[0.0, 0.0, 0.0, 0.0, 0.0, 0.0, 0.0, 0.0, 0.0, 0.0, 0.0, 0.0, 0.0, 0.0, 0.0, 0.0, 0.0, 0.0, 0.0, 0.04102812707424164, 0.0, 0.0, 0.009965222328901291, 0.0, 0.0, 0.0, 0.0, 0.0, 0.05008005350828171, 0.0, 0.0, 0.0, 0.0, 0.0, 0.008755557239055634, 0.0, 0.8801015615463257, 0.0, 0.0, 0.0, 0.0, 0.0, 0.0, 0.010069581679999828, 0.0, 0.0, 0.0, 0.0, 0.0, 0.0, 0.0, 0.0, 0.0, 0.0], [0.0, 0.0, 0.0, 0.0, 0.0, 0.0, 0.0, 0.0, 0.0, 0.0, 0.0, 0.0, 0.0, 0.0, 0.0, 0.0, 0.0, 0.0, 0.0, 0.05480122193694115, 0.0, 0.0, 0.011484596878290176, 0.0, 0.0, 0.0, 0.0, 0.0, 0.0645492747426033, 0.0, 0.0, 0.0, 0.0, 0.0, 0.009997584857046604, 0.0, 0.848196804523468, 0.0, 0.0, 0.0, 0.0, 0.0, 0.0, 0.010970505885779858, 0.0, 0.0, 0.0, 0.0, 0.0, 0.0, 0.0, 0.0, 0.0, 0.0], [0.0, 0.0, 0.0, 0.0, 0.0, 0.0, 0.0, 0.0, 0.0, 0.0, 0.0, 0.0, 0.0, 0.0, 0.0, 0.0, 0.0, 0.0, 0.0, 0.06267556548118591, 0.0, 0.0, 0.012754885479807854, 0.0, 0.0, 0.0, 0.0, 0.0, 0.07406449317932129, 0.0, 0.0, 0.0, 0.0, 0.0, 0.010968770831823349, 0.0, 0.8275376558303833, 0.0, 0.0, 0.0, 0.0, 0.0, 0.0, 0.01199856773018837, 0.0, 0.0, 0.0, 0.0, 0.0, 0.0, 0.0, 0.0, 0.0, 0.0]]"
32,0.24739496409893036,0,1.0,1,36 36 36,"[[0.0, 0.0, 0.0, 0.0, 0.0, 0.0, 0.0, 0.0, 0.0, 0.0, 0.0, 0.0, 0.0, 0.0, 0.0, 0.0, 0.0, 0.0, 0.0, 0.09992460906505585, 0.0, 0.0, 0.0163718294352293, 0.0, 0.0, 0.0, 0.0, 0.0, 0.09799633920192719, 0.0, 0.0, 0.0, 0.0, 0.0, 0.012018016539514065, 0.0, 0.7600776553153992, 0.0, 0.0, 0.0, 0.0, 0.0, 0.0, 0.01361145917326212, 0.0, 0.0, 0.0, 0.0, 0.0, 0.0, 0.0, 0.0, 0.0, 0.0], [0.0, 0.0, 0.0, 0.0, 0.0, 0.0, 0.0, 0.0, 0.0, 0.0, 0.0, 0.0, 0.0, 0.0, 0.0, 0.0, 0.0, 0.0, 0.0, 0.13937723636627197, 0.0, 0.0, 0.01901056058704853, 0.0, 0.0, 0.0, 0.0, 0.0, 0.12808191776275635, 0.0, 0.0, 0.0, 0.0, 0.0, 0.01373998261988163, 0.0, 0.6850305795669556, 0.0, 0.0, 0.0, 0.0, 0.0, 0.0, 0.014759685844182968, 0.0, 0.0, 0.0, 0.0, 0.0, 0.0, 0.0, 0.0, 0.0, 0.0], [0.0, 0.0, 0.0, 0.0, 0.0, 0.0, 0.0, 0.0, 0.0, 0.0, 0.0, 0.0, 0.0, 0.0, 0.0, 0.0, 0.0, 0.0, 0.0, 0.17782291769981384, 0.0, 0.0, 0.022695930674672127, 0.0, 0.0, 0.0, 0.0, 0.0, 0.15672381222248077, 0.0, 0.0, 0.0, 0.0, 0.0, 0.016067033633589745, 0.0, 0.6099319458007812, 0.0, 0.0, 0.0, 0.0, 0.0, 0.0, 0.01675834134221077, 0.0, 0.0, 0.0, 0.0, 0.0, 0.0, 0.0, 0.0, 0.0, 0.0]]"
33,0.0688151866197586,0,1.0,1,36 36 36,"[[0.0, 0.0, 0.0, 0.0, 0.0, 0.0, 0.0, 0.0, 0.0, 0.0, 0.0, 0.0, 0.0, 0.0, 0.0, 0.0, 0.0, 0.0, 0.0, 0.039057161659002304, 0.0, 0.0, 0.008785499259829521, 0.0, 0.0, 0.0, 0.0, 0.0, 0.050011951476335526, 0.0, 0.0, 0.0, 0.0, 0.0, 0.00696831988170743, 0.0, 0.8863775730133057, 0.0, 0.0, 0.0, 0.0, 0.0, 0.0, 0.008799578994512558, 0.0, 0.0, 0.0, 0.0, 0.0, 0.0, 0.0, 0.0, 0.0, 0.0], [0.0, 0.0, 0.0, 0.0, 0.0, 0.0, 0.0, 0.0, 0.0, 0.0, 0.0, 0.0, 0.0, 0.0, 0.0, 0.0, 0.0, 0.0, 0.0, 0.05419797822833061, 0.0, 0.0, 0.010332253761589527, 0.0, 0.0, 0.0, 0.0, 0.0, 0.06591739505529404, 0.0, 0.0, 0.0, 0.0, 0.0, 0.008036650717258453, 0.0, 0.8518238663673401, 0.0, 0.0, 0.0, 0.0, 0.0, 0.0, 0.009691769257187843, 0.0, 0.0, 0.0, 0.0, 0.0, 0.0, 0.0, 0.0, 0.0, 0.0], [0.0, 0.0, 0.0, 0.0, 0.0, 0.0, 0.0, 0.0, 0.0, 0.0, 0.0, 0.0, 0.0, 0.0, 0.0, 0.0, 0.0, 0.0, 0.0, 0.07124587148427963, 0.0, 0.0, 0.012717700563371181, 0.0, 0.0, 0.0, 0.0, 0.0, 0.0834963321685791, 0.0, 0.0, 0.0, 0.0, 0.0, 0.009677409194409847, 0.0, 0.8114657998085022, 0.0, 0.0, 0.0, 0.0, 0.0, 0.0, 0.011396827176213264, 0.0, 0.0, 0.0, 0.0, 0.0, 0.0, 0.0, 0.0, 0.0, 0.0]]"
34,0.012430169619619846,0,1.0,1,36 36 36,"[[0.0, 0.0, 0.0, 0.0, 0.0, 0.0, 0.0, 0.0, 0.0, 0.0, 0.0, 0.0, 0.0, 0.0, 0.0, 0.0, 0.0, 0.0, 0.0, 0.013935872353613377, 0.0, 0.0, 0.004503961186856031, 0.0, 0.0, 0.0, 0.0, 0.0, 0.02412595972418785, 0.0, 0.0, 0.0, 0.0, 0.0, 0.0037753302603960037, 0.0, 0.9481554627418518, 0.0, 0.0, 0.0, 0.0, 0.0, 0.0, 0.005503547843545675, 0.0, 0.0, 0.0, 0.0, 0.0, 0.0, 0.0, 0.0, 0.0, 0.0], [0.0, 0.0, 0.0, 0.0, 0.0, 0.0, 0.0, 0.0, 0.0, 0.0, 0.0, 0.0, 0.0, 0.0, 0.0, 0.0, 0.0, 0.0, 0.0, 0.018100040033459663, 0.0, 0.0, 0.005098944995552301, 0.0, 0.0, 0.0, 0.0, 0.0, 0.03034830465912819, 0.0, 0.0, 0.0, 0.0, 0.0, 0.004204097203910351, 0.0, 0.9363493919372559, 0.0, 0.0, 0.0, 0.0, 0.0, 0.0, 0.0058992356061935425, 0.0, 0.0, 0.0, 0.0, 0.0, 0.0, 0.0, 0.0, 0.0, 0.0], [0.0, 0.0, 0.0, 0.0, 0.0, 0.0, 0.0, 0.0, 0.0, 0.0, 0.0, 0.0, 0.0, 0.0, 0.0, 0.0, 0.0, 0.0, 0.0, 0.02344318851828575, 0.0, 0.0, 0.006215554196387529, 0.0, 0.0, 0.0, 0.0, 0.0, 0.03803355619311333, 0.0, 0.0, 0.0, 0.0, 0.0, 0.005036258138716221, 0.0, 0.9203382730484009, 0.0, 0.0, 0.0, 0.0, 0.0, 0.0, 0.0069331880658864975, 0.0, 0.0, 0.0, 0.0, 0.0, 0.0, 0.0, 0.0, 0.0, 0.0]]"
35,0.009241806343197823,0,1.0,1,36 36 36,"[[0.0, 0.0, 0.0, 0.0, 0.0, 0.0, 0.0, 0.0, 0.0, 0.0, 0.0, 0.0, 0.0, 0.0, 0.0, 0.0, 0.0, 0.0, 0.0, 0.009909417480230331, 0.0, 0.0, 0.0034340398851782084, 0.0, 0.0, 0.0, 0.0, 0.0, 0.018985673785209656, 0.0, 0.0, 0.0, 0.0, 0.0, 0.0028273595962673426, 0.0, 0.9602691531181335, 0.0, 0.0, 0.0, 0.0, 0.0, 0.0, 0.004574329126626253, 0.0, 0.0, 0.0, 0.0, 0.0, 0.0, 0.0, 0.0, 0.0, 0.0], [0.0, 0.0, 0.0, 0.0, 0.0, 0.0, 0.0, 0.0, 0.0, 0.0, 0.0, 0.0, 0.0, 0.0, 0.0, 0.0, 0.0, 0.0, 0.0, 0.012420675717294216, 0.0, 0.0, 0.003791992086917162, 0.0, 0.0, 0.0, 0.0, 0.0, 0.023200761526823044, 0.0, 0.0, 0.0, 0.0, 0.0, 0.0030754473991692066, 0.0, 0.9527078866958618, 0.0, 0.0, 0.0, 0.0, 0.0, 0.0, 0.004803224001079798, 0.0, 0.0, 0.0, 0.0, 0.0, 0.0, 0.0, 0.0, 0.0, 0.0], [0.0, 0.0, 0.0, 0.0, 0.0, 0.0, 0.0, 0.0, 0.0, 0.0, 0.0, 0.0, 0.0, 0.0, 0.0, 0.0, 0.0, 0.0, 0.0, 0.01663092151284218, 0.0, 0.0, 0.004743673838675022, 0.0, 0.0, 0.0, 0.0, 0.0, 0.02976517379283905, 0.0, 0.0, 0.0, 0.0, 0.0, 0.0037838551215827465, 0.0, 0.9393138289451599, 0.0, 0.0, 0.0, 0.0, 0.0, 0.0, 0.005762497894465923, 0.0, 0.0, 0.0, 0.0, 0.0, 0.0, 0.0, 0.0, 0.0, 0.0]]"
36,0.014835615642368793,0,1.0,1,36 36 36,"[[0.0, 0.0, 0.0, 0.0, 0.0, 0.0, 0.0, 0.0, 0.0, 0.0, 0.0, 0.0, 0.0, 0.0, 0.0, 0.0, 0.0, 0.0, 0.0, 0.014154987409710884, 0.0, 0.0, 0.004395399708300829, 0.0, 0.0, 0.0, 0.0, 0.0, 0.026238104328513145, 0.0, 0.0, 0.0, 0.0, 0.0, 0.0032850229181349277, 0.0, 0.9464909434318542, 0.0, 0.0, 0.0, 0.0, 0.0, 0.0, 0.005435644183307886, 0.0, 0.0, 0.0, 0.0, 0.0, 0.0, 0.0, 0.0, 0.0, 0.0], [0.0, 0.0, 0.0, 0.0, 0.0, 0.0, 0.0, 0.0, 0.0, 0.0, 0.0, 0.0, 0.0, 0.0, 0.0, 0.0, 0.0, 0.0, 0.0, 0.017794953659176826, 0.0, 0.0, 0.004848386626690626, 0.0, 0.0, 0.0, 0.0, 0.0, 0.03207644447684288, 0.0, 0.0, 0.0, 0.0, 0.0, 0.003567912383005023, 0.0, 0.9360255002975464, 0.0, 0.0, 0.0, 0.0, 0.0, 0.0, 0.005686932243406773, 0.0, 0.0, 0.0, 0.0, 0.0, 0.0, 0.0, 0.0, 0.0, 0.0], [0.0, 0.0, 0.0, 0.0, 0.0, 0.0, 0.0, 0.0, 0.0, 0.0, 0.0, 0.0, 0.0, 0.0, 0.0, 0.0, 0.0, 0.0, 0.0, 0.024690449237823486, 0.0, 0.0, 0.00622651819139719, 0.0, 0.0, 0.0, 0.0, 0.0, 0.04216262325644493, 0.0, 0.0, 0.0, 0.0, 0.0, 0.004501577466726303, 0.0, 0.9154881834983826, 0.0, 0.0, 0.0, 0.0, 0.0, 0.0, 0.006930692587047815, 0.0, 0.0, 0.0, 0.0, 0.0, 0.0, 0.0, 0.0, 0.0, 0.0]]"
37,0.077904611825943,0,1.0,1,36 36 36,"[[0.0, 0.0, 0.0, 0.0, 0.0, 0.0, 0.0, 0.0, 0.0, 0.0, 0.0, 0.0, 0.0, 0.0, 0.0, 0.0, 0.0, 0.0, 0.0, 0.03940948098897934, 0.0, 0.0, 0.009916581213474274, 0.0, 0.0, 0.0, 0.0, 0.0, 0.0596126988530159, 0.0, 0.0, 0.0, 0.0, 0.0, 0.006675307638943195, 0.0, 0.8744728565216064, 0.0, 0.0, 0.0, 0.0, 0.0, 0.0, 0.009913167916238308, 0.0, 0.0, 0.0, 0.0, 0.0, 0.0, 0.0, 0.0, 0.0, 0.0], [0.0, 0.0, 0.0, 0.0, 0.0, 0.0, 0.0, 0.0, 0.0, 0.0, 0.0, 0.0, 0.0, 0.0, 0.0, 0.0, 0.0, 0.0, 0.0, 0.050900984555482864, 0.0, 0.0, 0.01108485832810402, 0.0, 0.0, 0.0, 0.0, 0.0, 0.0739884003996849, 0.0, 0.0, 0.0, 0.0, 0.0, 0.007365089841187, 0.0, 0.8462268710136414, 0.0, 0.0, 0.0, 0.0, 0.0, 0.0, 0.010433832183480263, 0.0, 0.0, 0.0, 0.0, 0.0, 0.0, 0.0, 0.0, 0.0, 0.0], [0.0, 0.0, 0.0, 0.0, 0.0, 0.0, 0.0, 0.0, 0.0, 0.0, 0.0, 0.0, 0.0, 0.0, 0.0, 0.0, 0.0, 0.0, 0.0, 0.07113782316446304, 0.0, 0.0, 0.014190051704645157, 0.0, 0.0, 0.0, 0.0, 0.0, 0.09656742215156555, 0.0, 0.0, 0.0, 0.0, 0.0, 0.009282875806093216, 0.0, 0.7962783575057983, 0.0, 0.0, 0.0, 0.0, 0.0, 0.0, 0.01254343893378973, 0.0, 0.0, 0.0, 0.0, 0.0, 0.0, 0.0, 0.0, 0.0, 0.0]]"
38,0.34609630703926086,0,1.0,1,36 36 36,"[[0.0, 0.0, 0.0, 0.0, 0.0, 0.0, 0.0, 0.0, 0.0, 0.0, 0.0, 0.0, 0.0, 0.0, 0.0, 0.0, 0.0, 0.0, 0.0, 0.12903733551502228, 0.0, 0.0, 0.023463550955057144, 0.0, 0.0, 0.0, 0.0, 0.0, 0.12977337837219238, 0.0, 0.0, 0.0, 0.0, 0.0, 0.014786376617848873, 0.0, 0.6843860745429993, 0.0, 0.0, 0.0, 0.0, 0.0, 0.0, 0.018553275614976883, 0.0, 0.0, 0.0, 0.0, 0.0, 0.0, 0.0, 0.0, 0.0, 0.0], [0.0, 0.0, 0.0, 0.0, 0.0, 0.0, 0.0, 0.0, 0.0, 0.0, 0.0, 0.0, 0.0, 0.0, 0.0, 0.0, 0.0, 0.0, 0.0, 0.16452591121196747, 0.0, 0.0, 0.025613531470298767, 0.0, 0.0, 0.0, 0.0, 0.0, 0.1563923954963684, 0.0, 0.0, 0.0, 0.0, 0.0, 0.016059383749961853, 0.0, 0.6184059381484985, 0.0, 0.0, 0.0, 0.0, 0.0, 0.0, 0.019002826884388924, 0.0, 0.0, 0.0, 0.0, 0.0, 0.0, 0.0, 0.0, 0.0, 0.0], [0.0, 0.0, 0.0, 0.0, 0.0, 0.0, 0.0, 0.0, 0.0, 0.0, 0.0, 0.0, 0.0, 0.0, 0.0, 0.0, 0.0, 0.0, 0.0, 0.2123064398765564, 0.0, 0.0, 0.03013053722679615, 0.0, 0.0, 0.0, 0.0, 0.0, 0.18691258132457733, 0.0, 0.0, 0.0, 0.0, 0.0, 0.01874791830778122, 0.0, 0.5308977365493774, 0.0, 0.0, 0.0, 0.0, 0.0, 0.0, 0.02100474201142788, 0.0, 0.0, 0.0, 0.0, 0.0, 0.0, 0.0, 0.0, 0.0, 0.0]]"
39,0.8539991974830627,1,0.6666666666666666,2,36 36 19,"[[0.0, 0.0, 0.0, 0.0, 0.0, 0.0, 0.0, 0.0, 0.0, 0.0, 0.0, 0.0, 0.0, 0.0, 0.0, 0.0, 0.0, 0.0, 0.0, 0.285282164812088, 0.0, 0.0, 0.0388493686914444, 0.0, 0.0, 0.0, 0.0, 0.0, 0.1885647028684616, 0.0, 0.0, 0.0, 0.0, 0.0, 0.024306243285536766, 0.0, 0.4370536804199219, 0.0, 0.0, 0.0, 0.0, 0.0, 0.0, 0.02594391070306301, 0.0, 0.0, 0.0, 0.0, 0.0, 0.0, 0.0, 0.0, 0.0, 0.0], [0.0, 0.0, 0.0, 0.0, 0.0, 0.0, 0.0, 0.0, 0.0, 0.0, 0.0, 0.0, 0.0, 0.0, 0.0, 0.0, 0.0, 0.0, 0.0, 0.34488654136657715, 0.0, 0.0, 0.03989061340689659, 0.0, 0.0, 0.0, 0.0, 0.0, 0.21141009032726288, 0.0, 0.0, 0.0, 0.0, 0.0, 0.02513762004673481, 0.0, 0.3536429703235626, 0.0, 0.0, 0.0, 0.0, 0.0, 0.0, 0.02503220923244953, 0.0, 0.0, 0.0, 0.0, 0.0, 0.0, 0.0, 0.0, 0.0, 0.0], [0.0, 0.0, 0.0, 0.0, 0.0, 0.0, 0.0, 0.0, 0.0, 0.0, 0.0, 0.0, 0.0, 0.0, 0.0, 0.0, 0.0, 0.0, 0.0, 0.4021989107131958, 0.0, 0.0, 0.04253710061311722, 0.0, 0.0, 0.0, 0.0, 0.0, 0.2270554006099701, 0.0, 0.0, 0.0, 0.0, 0.0, 0.02687431499361992, 0.0, 0.276005357503891, 0.0, 0.0, 0.0, 0.0, 0.0, 0.0, 0.025328896939754486, 0.0, 0.0, 0.0, 0.0, 0.0, 0.0, 0.0, 0.0, 0.0, 0.0]]"
40,1.3131327629089355,3,0.0,1,19 19 19,"[[0.0, 0.0, 0.0, 0.0, 0.0, 0.0, 0.0, 0.0, 0.0, 0.0, 0.0, 0.0, 0.0, 0.0, 0.0, 0.0, 0.0, 0.0, 0.0, 0.41356921195983887, 0.0, 0.0, 0.04617089033126831, 0.0, 0.0, 0.0, 0.0, 0.0, 0.20076477527618408, 0.0, 0.0, 0.0, 0.0, 0.0, 0.028884686529636383, 0.0, 0.28216150403022766, 0.0, 0.0, 0.0, 0.0, 0.0, 0.0, 0.028448885306715965, 0.0, 0.0, 0.0, 0.0, 0.0, 0.0, 0.0, 0.0, 0.0, 0.0], [0.0, 0.0, 0.0, 0.0, 0.0, 0.0, 0.0, 0.0, 0.0, 0.0, 0.0, 0.0, 0.0, 0.0, 0.0, 0.0, 0.0, 0.0, 0.0, 0.4736507534980774, 0.0, 0.0, 0.04505641758441925, 0.0, 0.0, 0.0, 0.0, 0.0, 0.21210846304893494, 0.0, 0.0, 0.0, 0.0, 0.0, 0.028730833902955055, 0.0, 0.21405203640460968, 0.0, 0.0, 0.0, 0.0, 0.0, 0.0, 0.026401454582810402, 0.0, 0.0, 0.0, 0.0, 0.0, 0.0, 0.0, 0.0, 0.0, 0.0], [0.0, 0.0, 0.0, 0.0, 0.0, 0.0, 0.0, 0.0, 0.0, 0.0, 0.0, 0.0, 0.0, 0.0, 0.0, 0.0, 0.0, 0.0, 0.0, 0.5198841094970703, 0.0, 0.0, 0.04579443484544754, 0.0, 0.0, 0.0, 0.0, 0.0, 0.21540336310863495, 0.0, 0.0, 0.0, 0.0, 0.0, 0.02949563041329384, 0.0, 0.16355405747890472, 0.0, 0.0, 0.0, 0.0, 0.0, 0.0, 0.025868279859423637, 0.0, 0.0, 0.0, 0.0, 0.0, 0.0, 0.0, 0.0, 0.0, 0.0]]"
41,1.3616005182266235,3,0.0,1,19 19 19,"[[0.0, 0.0, 0.0, 0.0, 0.0, 0.0, 0.0, 0.0, 0.0, 0.0, 0.0, 0.0, 0.0, 0.0, 0.0, 0.0, 0.0, 0.0, 0.0, 0.42529892921447754, 0.0, 0.0, 0.05600116401910782, 0.0, 0.0, 0.0, 0.0, 0.0, 0.19105684757232666, 0.0, 0.0, 0.0, 0.0, 0.0, 0.03246665000915527, 0.0, 0.2614322304725647, 0.0, 0.0, 0.0, 0.0, 0.0, 0.0, 0.03374416008591652, 0.0, 0.0, 0.0, 0.0, 0.0, 0.0, 0.0, 0.0, 0.0, 0.0], [0.0, 0.0, 0.0, 0.0, 0.0, 0.0, 0.0, 0.0, 0.0, 0.0, 0.0, 0.0, 0.0, 0.0, 0.0, 0.0, 0.0, 0.0, 0.0, 0.4721357524394989, 0.0, 0.0, 0.054507479071617126, 0.0, 0.0, 0.0, 0.0, 0.0, 0.199923574924469, 0.0, 0.0, 0.0, 0.0, 0.0, 0.03219439461827278, 0.0, 0.20965681970119476, 0.0, 0.0, 0.0, 0.0, 0.0, 0.0, 0.03158191591501236, 0.0, 0.0, 0.0, 0.0, 0.0, 0.0, 0.0, 0.0, 0.0, 0.0], [0.0, 0.0, 0.0, 0.0, 0.0, 0.0, 0.0, 0.0, 0.0, 0.0, 0.0, 0.0, 0.0, 0.0, 0.0, 0.0, 0.0, 0.0, 0.0, 0.5253046154975891, 0.0, 0.0, 0.05524633452296257, 0.0, 0.0, 0.0, 0.0, 0.0, 0.20244838297367096, 0.0, 0.0, 0.0, 0.0, 0.0, 0.03314582630991936, 0.0, 0.15315629541873932, 0.0, 0.0, 0.0, 0.0, 0.0, 0.0, 0.030698614194989204, 0.0, 0.0, 0.0, 0.0, 0.0, 0.0, 0.0, 0.0, 0.0, 0.0]]"
42,1.1186660528182983,3,0.0,1,19 19 19,"[[0.0, 0.0, 0.0, 0.0, 0.0, 0.0, 0.0, 0.0, 0.0, 0.0, 0.0, 0.0, 0.0, 0.0, 0.0, 0.0, 0.0, 0.0, 0.0, 0.3847285807132721, 0.0, 0.0, 0.046747587621212006, 0.0, 0.0, 0.0, 0.0, 0.0, 0.17184285819530487, 0.0, 0.0, 0.0, 0.0, 0.0, 0.028165770694613457, 0.0, 0.3349025845527649, 0.0, 0.0, 0.0, 0.0, 0.0, 0.0, 0.03361255303025246, 0.0, 0.0, 0.0, 0.0, 0.0, 0.0, 0.0, 0.0, 0.0, 0.0], [0.0, 0.0, 0.0, 0.0, 0.0, 0.0, 0.0, 0.0, 0.0, 0.0, 0.0, 0.0, 0.0, 0.0, 0.0, 0.0, 0.0, 0.0, 0.0, 0.42820456624031067, 0.0, 0.0, 0.04587513208389282, 0.0, 0.0, 0.0, 0.0, 0.0, 0.18221062421798706, 0.0, 0.0, 0.0, 0.0, 0.0, 0.028055958449840546, 0.0, 0.28374502062797546, 0.0, 0.0, 0.0, 0.0, 0.0, 0.0, 0.031908631324768066, 0.0, 0.0, 0.0, 0.0, 0.0, 0.0, 0.0, 0.0, 0.0, 0.0], [0.0, 0.0, 0.0, 0.0, 0.0, 0.0, 0.0, 0.0, 0.0, 0.0, 0.0, 0.0, 0.0, 0.0, 0.0, 0.0, 0.0, 0.0, 0.0, 0.509905219078064, 0.0, 0.0, 0.04722276329994202, 0.0, 0.0, 0.0, 0.0, 0.0, 0.18998932838439941, 0.0, 0.0, 0.0, 0.0, 0.0, 0.029520345851778984, 0.0, 0.19235460460186005, 0.0, 0.0, 0.0, 0.0, 0.0, 0.0, 0.03100772388279438, 0.0, 0.0, 0.0, 0.0, 0.0, 0.0, 0.0, 0.0, 0.0, 0.0]]"
43,0.8322136998176575,1,0.6666666666666666,2,36 36 19,"[[0.0, 0.0, 0.0, 0.0, 0.0, 0.0, 0.0, 0.0, 0.0, 0.0, 0.0, 0.0, 0.0, 0.0, 0.0, 0.0, 0.0, 0.0, 0.0, 0.3250814974308014, 0.0, 0.0, 0.0316912941634655, 0.0, 0.0, 0.0, 0.0, 0.0, 0.14485527575016022, 0.0, 0.0, 0.0, 0.0, 0.0, 0.021457089111208916, 0.0, 0.4498617947101593, 0.0, 0.0, 0.0, 0.0, 0.0, 0.0, 0.027053065598011017, 0.0, 0.0, 0.0, 0.0, 0.0, 0.0, 0.0, 0.0, 0.0, 0.0], [0.0, 0.0, 0.0, 0.0, 0.0, 0.0, 0.0, 0.0, 0.0, 0.0, 0.0, 0.0, 0.0, 0.0, 0.0, 0.0, 0.0, 0.0, 0.0, 0.3645715117454529, 0.0, 0.0, 0.03137262165546417, 0.0, 0.0, 0.0, 0.0, 0.0, 0.1560916304588318, 0.0, 0.0, 0.0, 0.0, 0.0, 0.02146073430776596, 0.0, 0.4003787636756897, 0.0, 0.0, 0.0, 0.0, 0.0, 0.0, 0.02612464874982834, 0.0, 0.0, 0.0, 0.0, 0.0, 0.0, 0.0, 0.0, 0.0, 0.0], [0.0, 0.0, 0.0, 0.0, 0.0, 0.0, 0.0, 0.0, 0.0, 0.0, 0.0, 0.0, 0.0, 0.0, 0.0, 0.0, 0.0, 0.0, 0.0, 0.4831298589706421, 0.0, 0.0, 0.03401933237910271, 0.0, 0.0, 0.0, 0.0, 0.0, 0.17447079718112946, 0.0, 0.0, 0.0, 0.0, 0.0, 0.02391328662633896, 0.0, 0.25785714387893677, 0.0, 0.0, 0.0, 0.0, 0.0, 0.0, 0.02660956047475338, 0.0, 0.0, 0.0, 0.0, 0.0, 0.0, 0.0, 0.0, 0.0, 0.0]]"
44,0.622629702091217,1,0.6666666666666666,2,36 36 19,"[[0.0, 0.0, 0.0, 0.0, 0.0, 0.0, 0.0, 0.0, 0.0, 0.0, 0.0, 0.0, 0.0, 0.0, 0.0, 0.0, 0.0, 0.0, 0.0, 0.2699688673019409, 0.0, 0.0, 0.02308167889714241, 0.0, 0.0, 0.0, 0.0, 0.0, 0.11719657480716705, 0.0, 0.0, 0.0, 0.0, 0.0, 0.015125276520848274, 0.0, 0.5536988377571106, 0.0, 0.0, 0.0, 0.0, 0.0, 0.0, 0.020928753539919853, 0.0, 0.0, 0.0, 0.0, 0.0, 0.0, 0.0, 0.0, 0.0, 0.0], [0.0, 0.0, 0.0, 0.0, 0.0, 0.0, 0.0, 0.0, 0.0, 0.0, 0.0, 0.0, 0.0, 0.0, 0.0, 0.0, 0.0, 0.0, 0.0, 0.2928794324398041, 0.0, 0.0, 0.022657576948404312, 0.0, 0.0, 0.0, 0.0, 0.0, 0.12496703118085861, 0.0, 0.0, 0.0, 0.0, 0.0, 0.014881125651299953, 0.0, 0.5243791937828064, 0.0, 0.0, 0.0, 0.0, 0.0, 0.0, 0.020235570147633553, 0.0, 0.0, 0.0, 0.0, 0.0, 0.0, 0.0, 0.0, 0.0, 0.0], [0.0, 0.0, 0.0, 0.0, 0.0, 0.0, 0.0, 0.0, 0.0, 0.0, 0.0, 0.0, 0.0, 0.0, 0.0, 0.0, 0.0, 0.0, 0.0, 0.4557187259197235, 0.0, 0.0, 0.026817571371793747, 0.0, 0.0, 0.0, 0.0, 0.0, 0.15640667080879211, 0.0, 0.0, 0.0, 0.0, 0.0, 0.018151123076677322, 0.0, 0.3205963373184204, 0.0, 0.0, 0.0, 0.0, 0.0, 0.0, 0.022309523075819016, 0.0, 0.0, 0.0, 0.0, 0.0, 0.0, 0.0, 0.0, 0.0, 0.0]]"
45,0.4764547348022461,1,0.6666666666666666,2,36 36 19,"[[0.0, 0.0, 0.0, 0.0, 0.0, 0.0, 0.0, 0.0, 0.0, 0.0, 0.0, 0.0, 0.0, 0.0, 0.0, 0.0, 0.0, 0.0, 0.0, 0.22834351658821106, 0.0, 0.0, 0.015149613842368126, 0.0, 0.0, 0.0, 0.0, 0.0, 0.09082528948783875, 0.0, 0.0, 0.0, 0.0, 0.0, 0.009860335849225521, 0.0, 0.6398080587387085, 0.0, 0.0, 0.0, 0.0, 0.0, 0.0, 0.016013141721487045, 0.0, 0.0, 0.0, 0.0, 0.0, 0.0, 0.0, 0.0, 0.0, 0.0], [0.0, 0.0, 0.0, 0.0, 0.0, 0.0, 0.0, 0.0, 0.0, 0.0, 0.0, 0.0, 0.0, 0.0, 0.0, 0.0, 0.0, 0.0, 0.0, 0.23606747388839722, 0.0, 0.0, 0.014503776095807552, 0.0, 0.0, 0.0, 0.0, 0.0, 0.0943310409784317, 0.0, 0.0, 0.0, 0.0, 0.0, 0.009422085247933865, 0.0, 0.6304315328598022, 0.0, 0.0, 0.0, 0.0, 0.0, 0.0, 0.015244029462337494, 0.0, 0.0, 0.0, 0.0, 0.0, 0.0, 0.0, 0.0, 0.0, 0.0], [0.0, 0.0, 0.0, 0.0, 0.0, 0.0, 0.0, 0.0, 0.0, 0.0, 0.0, 0.0, 0.0, 0.0, 0.0, 0.0, 0.0, 0.0, 0.0, 0.4333438575267792, 0.0, 0.0, 0.01917874813079834, 0.0, 0.0, 0.0, 0.0, 0.0, 0.1348642110824585, 0.0, 0.0, 0.0, 0.0, 0.0, 0.012768534943461418, 0.0, 0.3812065124511719, 0.0, 0.0, 0.0, 0.0, 0.0, 0.0, 0.018638163805007935, 0.0, 0.0, 0.0, 0.0, 0.0, 0.0, 0.0, 0.0, 0.0, 0.0]]"
46,0.3523898124694824,0,1.0,1,36 36 36,"[[0.0, 0.0, 0.0, 0.0, 0.0, 0.0, 0.0, 0.0, 0.0, 0.0, 0.0, 0.0, 0.0, 0.0, 0.0, 0.0, 0.0, 0.0, 0.0, 0.17385756969451904, 0.0, 0.0, 0.010183771140873432, 0.0, 0.0, 0.0, 0.0, 0.0, 0.07028449326753616, 0.0, 0.0, 0.0, 0.0, 0.0, 0.006935449317097664, 0.0, 0.7261132001876831, 0.0, 0.0, 0.0, 0.0, 0.0, 0.0, 0.01262549590319395, 0.0, 0.0, 0.0, 0.0, 0.0, 0.0, 0.0, 0.0, 0.0, 0.0], [0.0, 0.0, 0.0, 0.0, 0.0, 0.0, 0.0, 0.0, 0.0, 0.0, 0.0, 0.0, 0.0, 0.0, 0.0, 0.0, 0.0, 0.0, 0.0, 0.17398551106452942, 0.0, 0.0, 0.009546185843646526, 0.0, 0.0, 0.0, 0.0, 0.0, 0.07163579761981964, 0.0, 0.0, 0.0, 0.0, 0.0, 0.0064889853820204735, 0.0, 0.7265070676803589, 0.0, 0.0, 0.0, 0.0, 0.0, 0.0, 0.011836455203592777, 0.0, 0.0, 0.0, 0.0, 0.0, 0.0, 0.0, 0.0, 0.0, 0.0], [0.0, 0.0, 0.0, 0.0, 0.0, 0.0, 0.0, 0.0, 0.0, 0.0, 0.0, 0.0, 0.0, 0.0, 0.0, 0.0, 0.0, 0.0, 0.0, 0.39032360911369324, 0.0, 0.0, 0.014750734902918339, 0.0, 0.0, 0.0, 0.0, 0.0, 0.12042833864688873, 0.0, 0.0, 0.0, 0.0, 0.0, 0.01024368405342102, 0.0, 0.4474676549434662, 0.0, 0.0, 0.0, 0.0, 0.0, 0.0, 0.016785938292741776, 0.0, 0.0, 0.0, 0.0, 0.0, 0.0, 0.0, 0.0, 0.0, 0.0]]"
47,0.1924995332956314,0,1.0,1,36 36 36,"[[0.0, 0.0, 0.0, 0.0, 0.0, 0.0, 0.0, 0.0, 0.0, 0.0, 0.0, 0.0, 0.0, 0.0, 0.0, 0.0, 0.0, 0.0, 0.0, 0.09802421927452087, 0.0, 0.0, 0.0067681618966162205, 0.0, 0.0, 0.0, 0.0, 0.0, 0.050104133784770966, 0.0, 0.0, 0.0, 0.0, 0.0, 0.004835504572838545, 0.0, 0.8309205174446106, 0.0, 0.0, 0.0, 0.0, 0.0, 0.0, 0.009347490034997463, 0.0, 0.0, 0.0, 0.0, 0.0, 0.0, 0.0, 0.0, 0.0, 0.0], [0.0, 0.0, 0.0, 0.0, 0.0, 0.0, 0.0, 0.0, 0.0, 0.0, 0.0, 0.0, 0.0, 0.0, 0.0, 0.0, 0.0, 0.0, 0.0, 0.09316089749336243, 0.0, 0.0, 0.006187759339809418, 0.0, 0.0, 0.0, 0.0, 0.0, 0.04939817264676094, 0.0, 0.0, 0.0, 0.0, 0.0, 0.004413972143083811, 0.0, 0.8382624387741089, 0.0, 0.0, 0.0, 0.0, 0.0, 0.0, 0.008576830849051476, 0.0, 0.0, 0.0, 0.0, 0.0, 0.0, 0.0, 0.0, 0.0, 0.0], [0.0, 0.0, 0.0, 0.0, 0.0, 0.0, 0.0, 0.0, 0.0, 0.0, 0.0, 0.0, 0.0, 0.0, 0.0, 0.0, 0.0, 0.0, 0.0, 0.27258092164993286, 0.0, 0.0, 0.011572320014238358, 0.0, 0.0, 0.0, 0.0, 0.0, 0.10280909389257431, 0.0, 0.0, 0.0, 0.0, 0.0, 0.008374035358428955, 0.0, 0.5900335311889648, 0.0, 0.0, 0.0, 0.0, 0.0, 0.0, 0.014630156569182873, 0.0, 0.0, 0.0, 0.0, 0.0, 0.0, 0.0, 0.0, 0.0, 0.0]]"
48,0.23629482090473175,0,1.0,1,36 36 36,"[[0.0, 0.0, 0.0, 0.0, 0.0, 0.0, 0.0, 0.0, 0.0, 0.0, 0.0, 0.0, 0.0, 0.0, 0.0, 0.0, 0.0, 0.0, 0.0, 0.1134524792432785, 0.0, 0.0, 0.00785398855805397, 0.0, 0.0, 0.0, 0.0, 0.0, 0.06009070575237274, 0.0, 0.0, 0.0, 0.0, 0.0, 0.00572021771222353, 0.0, 0.8013204336166382, 0.0, 0.0, 0.0, 0.0, 0.0, 0.0, 0.011562256142497063, 0.0, 0.0, 0.0, 0.0, 0.0, 0.0, 0.0, 0.0, 0.0, 0.0], [0.0, 0.0, 0.0, 0.0, 0.0, 0.0, 0.0, 0.0, 0.0, 0.0, 0.0, 0.0, 0.0, 0.0, 0.0, 0.0, 0.0, 0.0, 0.0, 0.10530804842710495, 0.0, 0.0, 0.00709534203633666, 0.0, 0.0, 0.0, 0.0, 0.0, 0.05845031887292862, 0.0, 0.0, 0.0, 0.0, 0.0, 0.005151726771146059, 0.0, 0.8134974241256714, 0.0, 0.0, 0.0, 0.0, 0.0, 0.0, 0.010497151874005795, 0.0, 0.0, 0.0, 0.0, 0.0, 0.0, 0.0, 0.0, 0.0, 0.0], [0.0, 0.0, 0.0, 0.0, 0.0, 0.0, 0.0, 0.0, 0.0, 0.0, 0.0, 0.0, 0.0, 0.0, 0.0, 0.0, 0.0, 0.0, 0.0, 0.3055301606655121, 0.0, 0.0, 0.013050808571279049, 0.0, 0.0, 0.0, 0.0, 0.0, 0.11844158917665482, 0.0, 0.0, 0.0, 0.0, 0.0, 0.009698083624243736, 0.0, 0.535758912563324, 0.0, 0.0, 0.0, 0.0, 0.0, 0.0, 0.017520463094115257, 0.0, 0.0, 0.0, 0.0, 0.0, 0.0, 0.0, 0.0, 0.0, 0.0]]"
49,0.27032533288002014,0,1.0,1,36 36 36,"[[0.0, 0.0, 0.0, 0.0, 0.0, 0.0, 0.0, 0.0, 0.0, 0.0, 0.0, 0.0, 0.0, 0.0, 0.0, 0.0, 0.0, 0.0, 0.0, 0.1344752013683319, 0.0, 0.0, 0.009291945025324821, 0.0, 0.0, 0.0, 0.0, 0.0, 0.0675804391503334, 0.0, 0.0, 0.0, 0.0, 0.0, 0.006575250998139381, 0.0, 0.7675533890724182, 0.0, 0.0, 0.0, 0.0, 0.0, 0.0, 0.01452377438545227, 0.0, 0.0, 0.0, 0.0, 0.0, 0.0, 0.0, 0.0, 0.0, 0.0], [0.0, 0.0, 0.0, 0.0, 0.0, 0.0, 0.0, 0.0, 0.0, 0.0, 0.0, 0.0, 0.0, 0.0, 0.0, 0.0, 0.0, 0.0, 0.0, 0.12331979721784592, 0.0, 0.0, 0.008353357203304768, 0.0, 0.0, 0.0, 0.0, 0.0, 0.06526975333690643, 0.0, 0.0, 0.0, 0.0, 0.0, 0.005895601585507393, 0.0, 0.7840086817741394, 0.0, 0.0, 0.0, 0.0, 0.0, 0.0, 0.013152802363038063, 0.0, 0.0, 0.0, 0.0, 0.0, 0.0, 0.0, 0.0, 0.0, 0.0], [0.0, 0.0, 0.0, 0.0, 0.0, 0.0, 0.0, 0.0, 0.0, 0.0, 0.0, 0.0, 0.0, 0.0, 0.0, 0.0, 0.0, 0.0, 0.0, 0.3225723206996918, 0.0, 0.0, 0.014121786691248417, 0.0, 0.0, 0.0, 0.0, 0.0, 0.12168346345424652, 0.0, 0.0, 0.0, 0.0, 0.0, 0.010225730948150158, 0.0, 0.5112748742103577, 0.0, 0.0, 0.0, 0.0, 0.0, 0.0, 0.020121779292821884, 0.0, 0.0, 0.0, 0.0, 0.0, 0.0, 0.0, 0.0, 0.0, 0.0]]"
50,0.30077385902404785,0,1.0,1,36 36 36,"[[0.0, 0.0, 0.0, 0.0, 0.0, 0.0, 0.0, 0.0, 0.0, 0.0, 0.0, 0.0, 0.0, 0.0, 0.0, 0.0, 0.0, 0.0, 0.0, 0.16056133806705475, 0.0, 0.0, 0.01131632924079895, 0.0, 0.0, 0.0, 0.0, 0.0, 0.07286020368337631, 0.0, 0.0, 0.0, 0.0, 0.0, 0.007408793084323406, 0.0, 0.7310190796852112, 0.0, 0.0, 0.0, 0.0, 0.0, 0.0, 0.016834227368235588, 0.0, 0.0, 0.0, 0.0, 0.0, 0.0, 0.0, 0.0, 0.0, 0.0], [0.0, 0.0, 0.0, 0.0, 0.0, 0.0, 0.0, 0.0, 0.0, 0.0, 0.0, 0.0, 0.0, 0.0, 0.0, 0.0, 0.0, 0.0, 0.0, 0.1481841802597046, 0.0, 0.0, 0.010242999531328678, 0.0, 0.0, 0.0, 0.0, 0.0, 0.07073546200990677, 0.0, 0.0, 0.0, 0.0, 0.0, 0.006700341124087572, 0.0, 0.7488009929656982, 0.0, 0.0, 0.0, 0.0, 0.0, 0.0, 0.01533593237400055, 0.0, 0.0, 0.0, 0.0, 0.0, 0.0, 0.0, 0.0, 0.0, 0.0], [0.0, 0.0, 0.0, 0.0, 0.0, 0.0, 0.0, 0.0, 0.0, 0.0, 0.0, 0.0, 0.0, 0.0, 0.0, 0.0, 0.0, 0.0, 0.0, 0.33074066042900085, 0.0, 0.0, 0.015566066838800907, 0.0, 0.0, 0.0, 0.0, 0.0, 0.11870779097080231, 0.0, 0.0, 0.0, 0.0, 0.0, 0.01048345398157835, 0.0, 0.5031878352165222, 0.0, 0.0, 0.0, 0.0, 0.0, 0.0, 0.021314136683940887, 0.0, 0.0, 0.0, 0.0, 0.0, 0.0, 0.0, 0.0, 0.0, 0.0]]"
51,0.23241889476776123,0,1.0,1,36 36 36,"[[0.0, 0.0, 0.0, 0.0, 0.0, 0.0, 0.0, 0.0, 0.0, 0.0, 0.0, 0.0, 0.0, 0.0, 0.0, 0.0, 0.0, 0.0, 0.0, 0.1394382119178772, 0.0, 0.0, 0.011482340283691883, 0.0, 0.0, 0.0, 0.0, 0.0, 0.06288526207208633, 0.0, 0.0, 0.0, 0.0, 0.0, 0.0070211091078817844, 0.0, 0.7631080746650696, 0.0, 0.0, 0.0, 0.0, 0.0, 0.0, 0.01606501266360283, 0.0, 0.0, 0.0, 0.0, 0.0, 0.0, 0.0, 0.0, 0.0, 0.0], [0.0, 0.0, 0.0, 0.0, 0.0, 0.0, 0.0, 0.0, 0.0, 0.0, 0.0, 0.0, 0.0, 0.0, 0.0, 0.0, 0.0, 0.0, 0.0, 0.12487255781888962, 0.0, 0.0, 0.010247969068586826, 0.0, 0.0, 0.0, 0.0, 0.0, 0.05979285016655922, 0.0, 0.0, 0.0, 0.0, 0.0, 0.006254276726394892, 0.0, 0.7843959331512451, 0.0, 0.0, 0.0, 0.0, 0.0, 0.0, 0.014436413533985615, 0.0, 0.0, 0.0, 0.0, 0.0, 0.0, 0.0, 0.0, 0.0, 0.0], [0.0, 0.0, 0.0, 0.0, 0.0, 0.0, 0.0, 0.0, 0.0, 0.0, 0.0, 0.0, 0.0, 0.0, 0.0, 0.0, 0.0, 0.0, 0.0, 0.27429938316345215, 0.0, 0.0, 0.015344558283686638, 0.0, 0.0, 0.0, 0.0, 0.0, 0.10075058043003082, 0.0, 0.0, 0.0, 0.0, 0.0, 0.009631486609578133, 0.0, 0.5799494385719299, 0.0, 0.0, 0.0, 0.0, 0.0, 0.0, 0.020024536177515984, 0.0, 0.0, 0.0, 0.0, 0.0, 0.0, 0.0, 0.0, 0.0, 0.0]]"
52,0.2618793249130249,0,1.0,1,36 36 36,"[[0.0, 0.0, 0.0, 0.0, 0.0, 0.0, 0.0, 0.0, 0.0, 0.0, 0.0, 0.0, 0.0, 0.0, 0.0, 0.0, 0.0, 0.0, 0.0, 0.15880240499973297, 0.0, 0.0, 0.01337212510406971, 0.0, 0.0, 0.0, 0.0, 0.0, 0.06595341861248016, 0.0, 0.0, 0.0, 0.0, 0.0, 0.008044256828725338, 0.0, 0.7362126111984253, 0.0, 0.0, 0.0, 0.0, 0.0, 0.0, 0.017615219578146935, 0.0, 0.0, 0.0, 0.0, 0.0, 0.0, 0.0, 0.0, 0.0, 0.0], [0.0, 0.0, 0.0, 0.0, 0.0, 0.0, 0.0, 0.0, 0.0, 0.0, 0.0, 0.0, 0.0, 0.0, 0.0, 0.0, 0.0, 0.0, 0.0, 0.14089135825634003, 0.0, 0.0, 0.011930586770176888, 0.0, 0.0, 0.0, 0.0, 0.0, 0.062331195920705795, 0.0, 0.0, 0.0, 0.0, 0.0, 0.007151191588491201, 0.0, 0.7618700861930847, 0.0, 0.0, 0.0, 0.0, 0.0, 0.0, 0.015825502574443817, 0.0, 0.0, 0.0, 0.0, 0.0, 0.0, 0.0, 0.0, 0.0, 0.0], [0.0, 0.0, 0.0, 0.0, 0.0, 0.0, 0.0, 0.0, 0.0, 0.0, 0.0, 0.0, 0.0, 0.0, 0.0, 0.0, 0.0, 0.0, 0.0, 0.29316046833992004, 0.0, 0.0, 0.017172377556562424, 0.0, 0.0, 0.0, 0.0, 0.0, 0.10082359611988068, 0.0, 0.0, 0.0, 0.0, 0.0, 0.010592041537165642, 0.0, 0.5570508241653442, 0.0, 0.0, 0.0, 0.0, 0.0, 0.0, 0.021200666204094887, 0.0, 0.0, 0.0, 0.0, 0.0, 0.0, 0.0, 0.0, 0.0, 0.0]]"
53,0.329447478055954,0,1.0,1,36 36 36,"[[0.0, 0.0, 0.0, 0.0, 0.0, 0.0, 0.0, 0.0, 0.0, 0.0, 0.0, 0.0, 0.0, 0.0, 0.0, 0.0, 0.0, 0.0, 0.0, 0.19444707036018372, 0.0, 0.0, 0.015104373916983604, 0.0, 0.0, 0.0, 0.0, 0.0, 0.07289188355207443, 0.0, 0.0, 0.0, 0.0, 0.0, 0.009251723065972328, 0.0, 0.6888042092323303, 0.0, 0.0, 0.0, 0.0, 0.0, 0.0, 0.019500819966197014, 0.0, 0.0, 0.0, 0.0, 0.0, 0.0, 0.0, 0.0, 0.0, 0.0], [0.0, 0.0, 0.0, 0.0, 0.0, 0.0, 0.0, 0.0, 0.0, 0.0, 0.0, 0.0, 0.0, 0.0, 0.0, 0.0, 0.0, 0.0, 0.0, 0.17322248220443726, 0.0, 0.0, 0.013521349988877773, 0.0, 0.0, 0.0, 0.0, 0.0, 0.06901294738054276, 0.0, 0.0, 0.0, 0.0, 0.0, 0.008244726806879044, 0.0, 0.718413233757019, 0.0, 0.0, 0.0, 0.0, 0.0, 0.0, 0.017585327848792076, 0.0, 0.0, 0.0, 0.0, 0.0, 0.0, 0.0, 0.0, 0.0, 0.0], [0.0, 0.0, 0.0, 0.0, 0.0, 0.0, 0.0, 0.0, 0.0, 0.0, 0.0, 0.0, 0.0, 0.0, 0.0, 0.0, 0.0, 0.0, 0.0, 0.33848148584365845, 0.0, 0.0, 0.018722975626587868, 0.0, 0.0, 0.0, 0.0, 0.0, 0.10679744184017181, 0.0, 0.0, 0.0, 0.0, 0.0, 0.011784376576542854, 0.0, 0.5015149116516113, 0.0, 0.0, 0.0, 0.0, 0.0, 0.0, 0.022698814049363136, 0.0, 0.0, 0.0, 0.0, 0.0, 0.0, 0.0, 0.0, 0.0, 0.0]]"
54,0.23000121116638184,0,1.0,1,36 36 36,"[[0.0, 0.0, 0.0, 0.0, 0.0, 0.0, 0.0, 0.0, 0.0, 0.0, 0.0, 0.0, 0.0, 0.0, 0.0, 0.0, 0.0, 0.0, 0.0, 0.14688913524150848, 0.0, 0.0, 0.012154378928244114, 0.0, 0.0, 0.0, 0.0, 0.0, 0.05800022929906845, 0.0, 0.0, 0.0, 0.0, 0.0, 0.007387373596429825, 0.0, 0.7590154409408569, 0.0, 0.0, 0.0, 0.0, 0.0, 0.0, 0.016553446650505066, 0.0, 0.0, 0.0, 0.0, 0.0, 0.0, 0.0, 0.0, 0.0, 0.0], [0.0, 0.0, 0.0, 0.0, 0.0, 0.0, 0.0, 0.0, 0.0, 0.0, 0.0, 0.0, 0.0, 0.0, 0.0, 0.0, 0.0, 0.0, 0.0, 0.12964585423469543, 0.0, 0.0, 0.01077450904995203, 0.0, 0.0, 0.0, 0.0, 0.0, 0.05425575003027916, 0.0, 0.0, 0.0, 0.0, 0.0, 0.006514461245387793, 0.0, 0.7840155363082886, 0.0, 0.0, 0.0, 0.0, 0.0, 0.0, 0.01479385420680046, 0.0, 0.0, 0.0, 0.0, 0.0, 0.0, 0.0, 0.0, 0.0, 0.0], [0.0, 0.0, 0.0, 0.0, 0.0, 0.0, 0.0, 0.0, 0.0, 0.0, 0.0, 0.0, 0.0, 0.0, 0.0, 0.0, 0.0, 0.0, 0.0, 0.2742827832698822, 0.0, 0.0, 0.01596851460635662, 0.0, 0.0, 0.0, 0.0, 0.0, 0.09085232019424438, 0.0, 0.0, 0.0, 0.0, 0.0, 0.009904562495648861, 0.0, 0.5884963274002075, 0.0, 0.0, 0.0, 0.0, 0.0, 0.0, 0.020495446398854256, 0.0, 0.0, 0.0, 0.0, 0.0, 0.0, 0.0, 0.0, 0.0, 0.0]]"
55,0.1845768690109253,0,1.0,1,36 36 36,"[[0.0, 0.0, 0.0, 0.0, 0.0, 0.0, 0.0, 0.0, 0.0, 0.0, 0.0, 0.0, 0.0, 0.0, 0.0, 0.0, 0.0, 0.0, 0.0, 0.12221533805131912, 0.0, 0.0, 0.011495178565382957, 0.0, 0.0, 0.0, 0.0, 0.0, 0.05153929442167282, 0.0, 0.0, 0.0, 0.0, 0.0, 0.006919909734278917, 0.0, 0.7920629978179932, 0.0, 0.0, 0.0, 0.0, 0.0, 0.0, 0.015767233446240425, 0.0, 0.0, 0.0, 0.0, 0.0, 0.0, 0.0, 0.0, 0.0, 0.0], [0.0, 0.0, 0.0, 0.0, 0.0, 0.0, 0.0, 0.0, 0.0, 0.0, 0.0, 0.0, 0.0, 0.0, 0.0, 0.0, 0.0, 0.0, 0.0, 0.10706906765699387, 0.0, 0.0, 0.010135294869542122, 0.0, 0.0, 0.0, 0.0, 0.0, 0.04785061627626419, 0.0, 0.0, 0.0, 0.0, 0.0, 0.006067971233278513, 0.0, 0.8148568868637085, 0.0, 0.0, 0.0, 0.0, 0.0, 0.0, 0.014020105823874474, 0.0, 0.0, 0.0, 0.0, 0.0, 0.0, 0.0, 0.0, 0.0, 0.0], [0.0, 0.0, 0.0, 0.0, 0.0, 0.0, 0.0, 0.0, 0.0, 0.0, 0.0, 0.0, 0.0, 0.0, 0.0, 0.0, 0.0, 0.0, 0.0, 0.2362905591726303, 0.0, 0.0, 0.01572014018893242, 0.0, 0.0, 0.0, 0.0, 0.0, 0.08361715078353882, 0.0, 0.0, 0.0, 0.0, 0.0, 0.009617052040994167, 0.0, 0.6344053149223328, 0.0, 0.0, 0.0, 0.0, 0.0, 0.0, 0.020349858328700066, 0.0, 0.0, 0.0, 0.0, 0.0, 0.0, 0.0, 0.0, 0.0, 0.0]]"
56,0.1782941073179245,0,1.0,1,36 36 36,"[[0.0, 0.0, 0.0, 0.0, 0.0, 0.0, 0.0, 0.0, 0.0, 0.0, 0.0, 0.0, 0.0, 0.0, 0.0, 0.0, 0.0, 0.0, 0.0, 0.11516311764717102, 0.0, 0.0, 0.012931224890053272, 0.0, 0.0, 0.0, 0.0, 0.0, 0.05073324218392372, 0.0, 0.0, 0.0, 0.0, 0.0, 0.007715219631791115, 0.0, 0.7960044145584106, 0.0, 0.0, 0.0, 0.0, 0.0, 0.0, 0.017452871426939964, 0.0, 0.0, 0.0, 0.0, 0.0, 0.0, 0.0, 0.0, 0.0, 0.0], [0.0, 0.0, 0.0, 0.0, 0.0, 0.0, 0.0, 0.0, 0.0, 0.0, 0.0, 0.0, 0.0, 0.0, 0.0, 0.0, 0.0, 0.0, 0.0, 0.10362827032804489, 0.0, 0.0, 0.011635622009634972, 0.0, 0.0, 0.0, 0.0, 0.0, 0.047971468418836594, 0.0, 0.0, 0.0, 0.0, 0.0, 0.006919678766280413, 0.0, 0.814018964767456, 0.0, 0.0, 0.0, 0.0, 0.0, 0.0, 0.015825971961021423, 0.0, 0.0, 0.0, 0.0, 0.0, 0.0, 0.0, 0.0, 0.0, 0.0], [0.0, 0.0, 0.0, 0.0, 0.0, 0.0, 0.0, 0.0, 0.0, 0.0, 0.0, 0.0, 0.0, 0.0, 0.0, 0.0, 0.0, 0.0, 0.0, 0.22591163218021393, 0.0, 0.0, 0.017924243584275246, 0.0, 0.0, 0.0, 0.0, 0.0, 0.08311016857624054, 0.0, 0.0, 0.0, 0.0, 0.0, 0.010873016901314259, 0.0, 0.6394331455230713, 0.0, 0.0, 0.0, 0.0, 0.0, 0.0, 0.022747885435819626, 0.0, 0.0, 0.0, 0.0, 0.0, 0.0, 0.0, 0.0, 0.0, 0.0]]"
57,0.20941610634326935,0,1.0,1,36 36 36,"[[0.0, 0.0, 0.0, 0.0, 0.0, 0.0, 0.0, 0.0, 0.0, 0.0, 0.0, 0.0, 0.0, 0.0, 0.0, 0.0, 0.0, 0.0, 0.0, 0.12150134891271591, 0.0, 0.0, 0.016484148800373077, 0.0, 0.0, 0.0, 0.0, 0.0, 0.057153839617967606, 0.0, 0.0, 0.0, 0.0, 0.0, 0.00949098914861679, 0.0, 0.7742342948913574, 0.0, 0.0, 0.0, 0.0, 0.0, 0.0, 0.021135369315743446, 0.0, 0.0, 0.0, 0.0, 0.0, 0.0, 0.0, 0.0, 0.0, 0.0], [0.0, 0.0, 0.0, 0.0, 0.0, 0.0, 0.0, 0.0, 0.0, 0.0, 0.0, 0.0, 0.0, 0.0, 0.0, 0.0, 0.0, 0.0, 0.0, 0.11366010457277298, 0.0, 0.0, 0.01528233289718628, 0.0, 0.0, 0.0, 0.0, 0.0, 0.05561140552163124, 0.0, 0.0, 0.0, 0.0, 0.0, 0.008785598911345005, 0.0, 0.7869646549224854, 0.0, 0.0, 0.0, 0.0, 0.0, 0.0, 0.019695863127708435, 0.0, 0.0, 0.0, 0.0, 0.0, 0.0, 0.0, 0.0, 0.0, 0.0], [0.0, 0.0, 0.0, 0.0, 0.0, 0.0, 0.0, 0.0, 0.0, 0.0, 0.0, 0.0, 0.0, 0.0, 0.0, 0.0, 0.0, 0.0, 0.0, 0.24125821888446808, 0.0, 0.0, 0.023244332522153854, 0.0, 0.0, 0.0, 0.0, 0.0, 0.09314724057912827, 0.0, 0.0, 0.0, 0.0, 0.0, 0.013667713850736618, 0.0, 0.6008361577987671, 0.0, 0.0, 0.0, 0.0, 0.0, 0.0, 0.027846381068229675, 0.0, 0.0, 0.0, 0.0, 0.0, 0.0, 0.0, 0.0, 0.0, 0.0]]"
58,0.19892655313014984,0,1.0,1,36 36 36,"[[0.0, 0.0, 0.0, 0.0, 0.0, 0.0, 0.0, 0.0, 0.0, 0.0, 0.0, 0.0, 0.0, 0.0, 0.0, 0.0, 0.0, 0.0, 0.0, 0.10720942169427872, 0.0, 0.0, 0.01970893144607544, 0.0, 0.0, 0.0, 0.0, 0.0, 0.05979417636990547, 0.0, 0.0, 0.0, 0.0, 0.0, 0.010713702999055386, 0.0, 0.7790565490722656, 0.0, 0.0, 0.0, 0.0, 0.0, 0.0, 0.023517286404967308, 0.0, 0.0, 0.0, 0.0, 0.0, 0.0, 0.0, 0.0, 0.0, 0.0], [0.0, 0.0, 0.0, 0.0, 0.0, 0.0, 0.0, 0.0, 0.0, 0.0, 0.0, 0.0, 0.0, 0.0, 0.0, 0.0, 0.0, 0.0, 0.0, 0.10240304470062256, 0.0, 0.0, 0.018631504848599434, 0.0, 0.0, 0.0, 0.0, 0.0, 0.0591261051595211, 0.0, 0.0, 0.0, 0.0, 0.0, 0.010127231478691101, 0.0, 0.7874048948287964, 0.0, 0.0, 0.0, 0.0, 0.0, 0.0, 0.02230719104409218, 0.0, 0.0, 0.0, 0.0, 0.0, 0.0, 0.0, 0.0, 0.0, 0.0], [0.0, 0.0, 0.0, 0.0, 0.0, 0.0, 0.0, 0.0, 0.0, 0.0, 0.0, 0.0, 0.0, 0.0, 0.0, 0.0, 0.0, 0.0, 0.0, 0.21539756655693054, 0.0, 0.0, 0.028599373996257782, 0.0, 0.0, 0.0, 0.0, 0.0, 0.09826226532459259, 0.0, 0.0, 0.0, 0.0, 0.0, 0.015897633507847786, 0.0, 0.6099798679351807, 0.0, 0.0, 0.0, 0.0, 0.0, 0.0, 0.0318632610142231, 0.0, 0.0, 0.0, 0.0, 0.0, 0.0, 0.0, 0.0, 0.0, 0.0]]"
59,0.12548284232616425,0,1.0,1,36 36 36,"[[0.0, 0.0, 0.0, 0.0, 0.0, 0.0, 0.0, 0.0, 0.0, 0.0, 0.0, 0.0, 0.0, 0.0, 0.0, 0.0, 0.0, 0.0, 0.0, 0.07043696194887161, 0.0, 0.0, 0.016841284930706024, 0.0, 0.0, 0.0, 0.0, 0.0, 0.05053913593292236, 0.0, 0.0, 0.0, 0.0, 0.0, 0.008610463701188564, 0.0, 0.8338983654975891, 0.0, 0.0, 0.0, 0.0, 0.0, 0.0, 0.019673794507980347, 0.0, 0.0, 0.0, 0.0, 0.0, 0.0, 0.0, 0.0, 0.0, 0.0], [0.0, 0.0, 0.0, 0.0, 0.0, 0.0, 0.0, 0.0, 0.0, 0.0, 0.0, 0.0, 0.0, 0.0, 0.0, 0.0, 0.0, 0.0, 0.0, 0.067561574280262, 0.0, 0.0, 0.016061637550592422, 0.0, 0.0, 0.0, 0.0, 0.0, 0.05019176006317139, 0.0, 0.0, 0.0, 0.0, 0.0, 0.008217399939894676, 0.0, 0.8391541838645935, 0.0, 0.0, 0.0, 0.0, 0.0, 0.0, 0.018813367933034897, 0.0, 0.0, 0.0, 0.0, 0.0, 0.0, 0.0, 0.0, 0.0, 0.0], [0.0, 0.0, 0.0, 0.0, 0.0, 0.0, 0.0, 0.0, 0.0, 0.0, 0.0, 0.0, 0.0, 0.0, 0.0, 0.0, 0.0, 0.0, 0.0, 0.14932483434677124, 0.0, 0.0, 0.026150062680244446, 0.0, 0.0, 0.0, 0.0, 0.0, 0.08791109174489975, 0.0, 0.0, 0.0, 0.0, 0.0, 0.013677017763257027, 0.0, 0.6944137215614319, 0.0, 0.0, 0.0, 0.0, 0.0, 0.0, 0.02852332964539528, 0.0, 0.0, 0.0, 0.0, 0.0, 0.0, 0.0, 0.0, 0.0, 0.0]]"
60,0.11535849422216415,0,1.0,1,36 36 36,"[[0.0, 0.0, 0.0, 0.0, 0.0, 0.0, 0.0, 0.0, 0.0, 0.0, 0.0, 0.0, 0.0, 0.0, 0.0, 0.0, 0.0, 0.0, 0.0, 0.05956099554896355, 0.0, 0.0, 0.01687946915626526, 0.0, 0.0, 0.0, 0.0, 0.0, 0.05078575760126114, 0.0, 0.0, 0.0, 0.0, 0.0, 0.00843207910656929, 0.0, 0.8448593020439148, 0.0, 0.0, 0.0, 0.0, 0.0, 0.0, 0.019482456147670746, 0.0, 0.0, 0.0, 0.0, 0.0, 0.0, 0.0, 0.0, 0.0, 0.0], [0.0, 0.0, 0.0, 0.0, 0.0, 0.0, 0.0, 0.0, 0.0, 0.0, 0.0, 0.0, 0.0, 0.0, 0.0, 0.0, 0.0, 0.0, 0.0, 0.05696576461195946, 0.0, 0.0, 0.016186701133847237, 0.0, 0.0, 0.0, 0.0, 0.0, 0.050461698323488235, 0.0, 0.0, 0.0, 0.0, 0.0, 0.008093805983662605, 0.0, 0.8495707511901855, 0.0, 0.0, 0.0, 0.0, 0.0, 0.0, 0.018721310421824455, 0.0, 0.0, 0.0, 0.0, 0.0, 0.0, 0.0, 0.0, 0.0, 0.0], [0.0, 0.0, 0.0, 0.0, 0.0, 0.0, 0.0, 0.0, 0.0, 0.0, 0.0, 0.0, 0.0, 0.0, 0.0, 0.0, 0.0, 0.0, 0.0, 0.13409046828746796, 0.0, 0.0, 0.028366385027766228, 0.0, 0.0, 0.0, 0.0, 0.0, 0.09288647025823593, 0.0, 0.0, 0.0, 0.0, 0.0, 0.014601262286305428, 0.0, 0.6997689604759216, 0.0, 0.0, 0.0, 0.0, 0.0, 0.0, 0.030286410823464394, 0.0, 0.0, 0.0, 0.0, 0.0, 0.0, 0.0, 0.0, 0.0, 0.0]]"
