update,mean_train_u_ctrl,policy_loss,value_loss,entropy,approximate_kl,zero_intermediate_reward_fraction,reward_mode,method,init_mode,validation_mean_u_ctrl,validation_unique_sequences,validation_dominant_fraction
1,0.88125,-0.10565648227930069,0.050429265946149826,3.3555400371551514,-0.005544101353734732,0.0,dad_terminal,DAD,random,,,
2,0.8374999999999999,-0.06303440779447556,0.027152031660079956,3.3501100540161133,-0.011394977569580078,0.0,dad_terminal,DAD,random,,,
3,0.86875,-0.04443008080124855,0.01635567471385002,3.347050905227661,-0.0005428194999694824,0.0,dad_terminal,DAD,random,,,
4,0.8687499999999999,-0.05361277610063553,0.01252798642963171,3.344642400741577,0.013276547193527222,0.0,dad_terminal,DAD,random,,,
5,0.85625,-0.04268210008740425,0.010596591979265213,3.3402111530303955,0.0003100881876889616,0.0,dad_terminal,DAD,random,,,
6,0.84375,-0.030533725395798683,0.011928754858672619,3.335951566696167,0.0023681174498051405,0.0,dad_terminal,DAD,random,,,
7,0.8625,-0.03428991883993149,0.009583142586052418,3.3311729431152344,0.0012727230787277222,0.0,dad_terminal,DAD,random,,,
8,0.89375,-0.031719088554382324,0.00483069010078907,3.3255908489227295,0.007661198731511831,0.0,dad_terminal,DAD,random,,,
9,0.91875,-0.03864617645740509,0.005167027004063129,3.3193767070770264,0.012533466331660748,0.0,dad_terminal,DAD,random,,,
10,0.8875,-0.040907688438892365,0.006725647021085024,3.3148133754730225,-0.000790004909504205,0.0,dad_terminal,DAD,random,0.934375,1,1.0
11,0.8375,-0.044651761651039124,0.006267884746193886,3.3132755756378174,-0.01485722791403532,0.0,dad_terminal,DAD,random,,,
12,0.84375,-0.030259646475315094,0.00890645757317543,3.311025381088257,0.003441502572968602,0.0,dad_terminal,DAD,random,,,
13,0.84375,-0.04661635309457779,0.008231466636061668,3.307936906814575,0.0020228077191859484,0.0,dad_terminal,DAD,random,,,
14,0.84375,-0.03319062292575836,0.010452382266521454,3.304225206375122,0.009078984148800373,0.0,dad_terminal,DAD,random,,,
15,0.8812500000000001,-0.052829302847385406,0.0032358963508158922,3.3004751205444336,0.0020451743621379137,0.0,dad_terminal,DAD,random,,,
16,0.8625,-0.055084727704524994,0.007632669527083635,3.298980712890625,0.002343530533835292,0.0,dad_terminal,DAD,random,,,
17,0.875,-0.042294278740882874,0.006716906558722258,3.299720048904419,-0.001506080268882215,0.0,dad_terminal,DAD,random,,,
18,0.7999999999999999,-0.039430540055036545,0.0066709439270198345,3.297452211380005,0.007321844343096018,0.0,dad_terminal,DAD,random,,,
19,0.9,-0.0392371267080307,0.003018166869878769,3.2891628742218018,0.0013291736831888556,0.0,dad_terminal,DAD,random,,,
20,0.8,-0.03444477915763855,0.0064253490418195724,3.2820632457733154,0.009101559408009052,0.0,dad_terminal,DAD,random,0.8421875000000001,2,0.5625
21,0.8375,-0.0524013414978981,0.0068193902261555195,3.2698957920074463,0.007786095142364502,0.0,dad_terminal,DAD,random,,,
22,0.89375,-0.05822402238845825,0.010161490179598331,3.2479865550994873,0.006523147225379944,0.0,dad_terminal,DAD,random,,,
23,0.84375,-0.03885867819190025,0.009092084132134914,3.2252070903778076,-0.002827947260811925,0.0,dad_terminal,DAD,random,,,
24,0.9,-0.047190017998218536,0.003332182765007019,3.2110719680786133,0.00043494501733221114,0.0,dad_terminal,DAD,random,,,
25,0.8,-0.03510835021734238,0.005931207910180092,3.201735734939575,-0.010006964206695557,0.0,dad_terminal,DAD,random,,,
26,0.85625,-0.04507158324122429,0.010653465054929256,3.1732778549194336,-0.008430197834968567,0.0,dad_terminal,DAD,random,,,
27,0.8187500000000001,-0.028161950409412384,0.009122478775680065,3.1716651916503906,0.0016066631069406867,0.0,dad_terminal,DAD,random,,,
28,0.85625,-0.039977215230464935,0.006224185694009066,3.1624677181243896,0.005356773734092712,0.0,dad_terminal,DAD,random,,,
29,0.90625,-0.04135742038488388,0.0024427424650639296,3.140894889831543,0.003924854099750519,0.0,dad_terminal,DAD,random,,,
30,0.89375,-0.027681373059749603,0.006000875029712915,3.1068170070648193,0.00595216965302825,0.0,dad_terminal,DAD,random,0.8375,2,0.90625
31,0.775,-0.030623719096183777,0.009354572743177414,3.069903612136841,-0.0063520572148263454,0.0,dad_terminal,DAD,random,,,
32,0.8375,-0.044527020305395126,0.005359148606657982,3.014861822128296,0.006133973598480225,0.0,dad_terminal,DAD,random,,,
33,0.89375,-0.04064330458641052,0.004633607808500528,2.9284725189208984,0.010611777193844318,0.0,dad_terminal,DAD,random,,,
34,0.8625,-0.05414992570877075,0.0031761517748236656,2.844599962234497,0.015381629578769207,0.0,dad_terminal,DAD,random,,,
35,0.8875,-0.017008446156978607,0.00844613742083311,2.7927141189575195,-0.0011890927562490106,0.0,dad_terminal,DAD,random,,,
36,0.89375,-0.04344458878040314,0.00354746263474226,2.7387421131134033,0.010460525751113892,0.0,dad_terminal,DAD,random,,,
37,0.90625,-0.018741993233561516,0.004636261146515608,2.7047884464263916,-0.005954469088464975,0.0,dad_terminal,DAD,random,,,
38,0.85625,-0.035314567387104034,0.005165941547602415,2.7093465328216553,0.00037617734051309526,0.0,dad_terminal,DAD,random,,,
39,0.85,-0.04153112322092056,0.005927529651671648,2.760483503341675,-0.0098891481757164,0.0,dad_terminal,DAD,random,,,
40,0.875,-0.01944863423705101,0.003396624932065606,2.632108211517334,0.003845296800136566,0.0,dad_terminal,DAD,random,0.8328125000000001,1,1.0
41,0.83125,-0.026695016771554947,0.005626792088150978,2.593778371810913,0.005059527698904276,0.0,dad_terminal,DAD,random,,,
42,0.8875,-0.025388631969690323,0.006764575839042664,2.601072072982788,9.663651144364849e-05,0.0,dad_terminal,DAD,random,,,
43,0.8875,-0.0425889752805233,0.005324721336364746,2.5816733837127686,-0.008951078169047832,0.0,dad_terminal,DAD,random,,,
44,0.95,-0.03866200149059296,0.0014301353367045522,2.69465708732605,0.0208000335842371,0.0,dad_terminal,DAD,random,,,
45,0.84375,-0.018407609313726425,0.005857948679476976,2.6827638149261475,0.006832443177700043,0.0,dad_terminal,DAD,random,,,
46,0.8499999999999999,-0.04059000313282013,0.00514189014211297,2.63399600982666,-0.011936791241168976,0.0,dad_terminal,DAD,random,,,
47,0.80625,-0.02662178874015808,0.0072502451948821545,2.5487380027770996,-0.003233474912121892,0.0,dad_terminal,DAD,random,,,
48,0.85625,-0.04105100780725479,0.006199318915605545,2.470088481903076,-0.004009515047073364,0.0,dad_terminal,DAD,random,,,
49,0.8562500000000001,-0.017801005393266678,0.006793064530938864,2.3605852127075195,0.0074205175042152405,0.0,dad_terminal,DAD,random,,,
50,0.8875,-0.028196167200803757,0.00680552190169692,2.391847848892212,0.009140168316662312,0.0,dad_terminal,DAD,random,0.83125,1,1.0
51,0.8125,-0.030137181282043457,0.008238325826823711,2.413970708847046,0.005575594957917929,0.0,dad_terminal,DAD,random,,,
52,0.8875,-0.03645702823996544,0.0047152163460850716,2.493088960647583,0.002682104706764221,0.0,dad_terminal,DAD,random,,,
53,0.875,-0.019325420260429382,0.005712004844099283,2.4705183506011963,-0.0016722182044759393,0.0,dad_terminal,DAD,random,,,
54,0.8999999999999999,-0.034382179379463196,0.003310614498332143,2.420994758605957,0.006535341497510672,0.0,dad_terminal,DAD,random,,,
55,0.85625,-0.03661704808473587,0.006195619236677885,2.46077561378479,-0.021241595968604088,0.0,dad_terminal,DAD,random,,,
56,0.85625,-0.05849950388073921,0.006508776918053627,2.5888869762420654,0.03255253657698631,0.0,dad_terminal,DAD,random,,,
57,0.8375,-0.036040499806404114,0.0048117623664438725,2.695789337158203,0.022621281445026398,0.0,dad_terminal,DAD,random,,,
58,0.8625,-0.04834400862455368,0.0062658595852553844,2.7334470748901367,-0.01963161863386631,0.0,dad_terminal,DAD,random,,,
59,0.89375,-0.06153073161840439,0.00401316350325942,2.7591962814331055,-0.004652904812246561,0.0,dad_terminal,DAD,random,,,
60,0.875,-0.02152245119214058,0.0028424847405403852,2.7392466068267822,0.0034768879413604736,0.0,dad_terminal,DAD,random,0.8421875000000001,1,1.0
61,0.8812500000000001,-0.03638475760817528,0.0029481796082109213,2.725177049636841,-0.0005092595820315182,0.0,dad_terminal,DAD,random,,,
62,0.89375,-0.03943099454045296,0.0041566635482013226,2.6946194171905518,-0.0029288679361343384,0.0,dad_terminal,DAD,random,,,
63,0.8375,-0.024386970326304436,0.00600343057885766,2.704826593399048,-0.008040745742619038,0.0,dad_terminal,DAD,random,,,
64,0.8624999999999999,-0.04803924262523651,0.00607633963227272,2.6901514530181885,0.00565299391746521,0.0,dad_terminal,DAD,random,,,
65,0.8812500000000001,-0.030946185812354088,0.006419802084565163,2.6225709915161133,0.00678638368844986,0.0,dad_terminal,DAD,random,,,
66,0.85,-0.04767373204231262,0.007036447990685701,2.518590211868286,0.0023224949836730957,0.0,dad_terminal,DAD,random,,,
67,0.89375,-0.03053690865635872,0.007928882725536823,2.411496162414551,0.027958380058407784,0.0,dad_terminal,DAD,random,,,
68,0.89375,-0.02317478135228157,0.0032859928905963898,2.3685572147369385,-0.0011797597398981452,0.0,dad_terminal,DAD,random,,,
69,0.84375,-0.025440696626901627,0.005988637451082468,2.335587739944458,-0.0035767604131251574,0.0,dad_terminal,DAD,random,,,
70,0.84375,-0.024963706731796265,0.004329778254032135,2.36236834526062,0.0059826248325407505,0.0,dad_terminal,DAD,random,0.8796875,1,1.0
71,0.84375,-0.029062196612358093,0.003551826812326908,2.432422399520874,0.011668418534100056,0.0,dad_terminal,DAD,random,,,
72,0.8375,-0.023050133138895035,0.006145495921373367,2.5290334224700928,-0.0012331008911132812,0.0,dad_terminal,DAD,random,,,
73,0.85625,-0.031862299889326096,0.006492461543530226,2.60345458984375,-0.006570488214492798,0.0,dad_terminal,DAD,random,,,
74,0.8875,-0.027799397706985474,0.002655619755387306,2.6921331882476807,-0.028596682474017143,0.0,dad_terminal,DAD,random,,,
75,0.8312499999999999,-0.03507164865732193,0.005567226558923721,2.630382537841797,-0.004313915967941284,0.0,dad_terminal,DAD,random,,,
76,0.84375,-0.04298396036028862,0.006090015172958374,2.486812114715576,0.0011969059705734253,0.0,dad_terminal,DAD,random,,,
77,0.8812500000000001,-0.019899213686585426,0.0038387456443160772,2.4192540645599365,0.002107769250869751,0.0,dad_terminal,DAD,random,,,
78,0.8375,-0.026439465582370758,0.005330757703632116,2.3949670791625977,-0.004241272807121277,0.0,dad_terminal,DAD,random,,,
79,0.875,-0.03322969004511833,0.006424421444535255,2.408773899078369,-0.011189565062522888,0.0,dad_terminal,DAD,random,,,
80,0.875,-0.031471721827983856,0.008100797422230244,2.4433541297912598,0.007465913891792297,0.0,dad_terminal,DAD,random,0.8265625000000001,2,0.53125
81,0.86875,-0.019252091646194458,0.006188377737998962,2.477339029312134,-0.007113417144864798,0.0,dad_terminal,DAD,random,,,
82,0.8875,-0.030205976217985153,0.00580456992611289,2.480077028274536,0.016775205731391907,0.0,dad_terminal,DAD,random,,,
83,0.8625,-0.0415835864841938,0.003259580349549651,2.463130235671997,-0.0013357996940612793,0.0,dad_terminal,DAD,random,,,
84,0.825,-0.029206164181232452,0.004970787093043327,2.461871862411499,-0.0016634613275527954,0.0,dad_terminal,DAD,random,,,
85,0.8625,-0.029017629101872444,0.004273239988833666,2.430668592453003,0.004491758998483419,0.0,dad_terminal,DAD,random,,,
86,0.8562500000000001,-0.01693672686815262,0.004669529851526022,2.390976667404175,0.0007805277709849179,0.0,dad_terminal,DAD,random,,,
87,0.85625,-0.02835378423333168,0.004209643229842186,2.394073247909546,-0.004836566746234894,0.0,dad_terminal,DAD,random,,,
88,0.8500000000000001,-0.027503591030836105,0.003637600690126419,2.414513111114502,0.004365282598882914,0.0,dad_terminal,DAD,random,,,
89,0.89375,-0.026907872408628464,0.0045952158980071545,2.4216833114624023,0.00843955297023058,0.0,dad_terminal,DAD,random,,,
90,0.85625,-0.02841397002339363,0.005605916026979685,2.434720516204834,0.011142785660922527,0.0,dad_terminal,DAD,random,0.890625,1,1.0
91,0.825,-0.022471213713288307,0.00523212319239974,2.4632105827331543,0.0038009907584637403,0.0,dad_terminal,DAD,random,,,
92,0.83125,-0.02467605099081993,0.003697185078635812,2.481966733932495,0.007670477032661438,0.0,dad_terminal,DAD,random,,,
93,0.8187500000000001,-0.0326261892914772,0.004013124853372574,2.5186920166015625,-0.0012498249998316169,0.0,dad_terminal,DAD,random,,,
94,0.8625,-0.024358227849006653,0.0065562110394239426,2.564640522003174,-0.011975373141467571,0.0,dad_terminal,DAD,random,,,
95,0.8500000000000001,-0.029208049178123474,0.004854436498135328,2.576117753982544,0.0030358682852238417,0.0,dad_terminal,DAD,random,,,
96,0.9,-0.02669953741133213,0.0024038932751864195,2.5993425846099854,-0.015197237022221088,0.0,dad_terminal,DAD,random,,,
97,0.9,-0.030710190534591675,0.0026850157883018255,2.6115527153015137,0.0012074062833562493,0.0,dad_terminal,DAD,random,,,
98,0.84375,-0.025310546159744263,0.005649530794471502,2.640734910964966,0.0006056030397303402,0.0,dad_terminal,DAD,random,,,
99,0.84375,-0.03610992431640625,0.005294134374707937,2.6798439025878906,-0.01690053939819336,0.0,dad_terminal,DAD,random,,,
100,0.85,-0.018883496522903442,0.0077031985856592655,2.7281713485717773,-0.004935815930366516,0.0,dad_terminal,DAD,random,0.8656250000000001,2,0.734375
101,0.90625,-0.03545856475830078,0.0036149758379906416,2.7615175247192383,-0.010709132067859173,0.0,dad_terminal,DAD,random,,,
102,0.84375,-0.03517803177237511,0.005320962518453598,2.8326940536499023,-0.006622662302106619,0.0,dad_terminal,DAD,random,,,
103,0.88125,-0.025299591943621635,0.00331875029951334,2.8603131771087646,0.01348268985748291,0.0,dad_terminal,DAD,random,,,
104,0.7875000000000001,-0.027089793235063553,0.004895459394901991,2.8656444549560547,0.0020060688257217407,0.0,dad_terminal,DAD,random,,,
105,0.83125,-0.03474780172109604,0.009597034193575382,2.9248104095458984,-6.159146778372815e-06,0.0,dad_terminal,DAD,random,,,
106,0.875,-0.02956845983862877,0.0037355825770646334,2.939422845840454,0.019555965438485146,0.0,dad_terminal,DAD,random,,,
107,0.7999999999999999,-0.030102655291557312,0.005585798528045416,2.9737627506256104,0.007349828723818064,0.0,dad_terminal,DAD,random,,,
108,0.86875,-0.033255837857723236,0.005514555145055056,2.992304563522339,0.002436816692352295,0.0,dad_terminal,DAD,random,,,
109,0.9,-0.03232970088720322,0.004471709486097097,2.9646644592285156,-0.00036762654781341553,0.0,dad_terminal,DAD,random,,,
110,0.8500000000000001,-0.022866759449243546,0.006375968921929598,2.966475486755371,-0.006696248892694712,0.0,dad_terminal,DAD,random,0.9140625,1,1.0
111,0.8125,-0.04249877110123634,0.0068349577486515045,2.992755889892578,0.015051792375743389,0.0,dad_terminal,DAD,random,,,
112,0.825,-0.04823518171906471,0.005946401972323656,3.0094964504241943,0.008899204432964325,0.0,dad_terminal,DAD,random,,,
113,0.86875,-0.055356714874506,0.003325640456750989,2.97198748588562,-0.004533556755632162,0.0,dad_terminal,DAD,random,,,
114,0.91875,-0.07994930446147919,0.002515897387638688,2.8256680965423584,-0.008441654033958912,0.0,dad_terminal,DAD,random,,,
115,0.84375,-0.022594284266233444,0.006571941543370485,2.6051008701324463,0.013983006589114666,0.0,dad_terminal,DAD,random,,,
116,0.9,-0.04008224233984947,0.00516235688701272,2.475370168685913,0.015024155378341675,0.0,dad_terminal,DAD,random,,,
117,0.875,-0.03264438733458519,0.005560008808970451,2.406276226043701,-0.003911226987838745,0.0,dad_terminal,DAD,random,,,
118,0.89375,-0.04694797098636627,0.004199436400085688,2.238840341567993,0.001646118820644915,0.0,dad_terminal,DAD,random,,,
119,0.85625,-0.015910357236862183,0.005223387386649847,2.1654202938079834,0.013647009618580341,0.0,dad_terminal,DAD,random,,,
120,0.8375,-0.033363811671733856,0.004003274720162153,2.190324544906616,0.01100053358823061,0.0,dad_terminal,DAD,random,0.8328125000000001,1,1.0
