rollout_id,theta_test_id,sequence,y_obs,u_ctrl_prior,u_ctrl_final,u_req_true,posterior_mean_U,excess_control,safe_total,changed,reduced,increased
0,15,19 23,2.3591555 3.526414,1.0,0.9,0.2,0.08464733986221007,0.7,True,True,True,False
1,15,16 22,1.6142734 1.1767174,1.0,0.7,0.2,0.18221748002980018,0.49999999999999994,True,True,True,False
2,2,8 6,3.5170544 2.0649449,1.0,0.7,0.3,0.2569811829169964,0.39999999999999997,True,True,True,False
3,1,26 29,1.607369 7.5621211,1.0,0.8,0.1,0.21766226936347416,0.7000000000000001,True,True,True,False
4,2,16 17,1.7930867 2.087905,1.0,0.7,0.3,0.1876857442655629,0.39999999999999997,True,True,True,False
5,8,28 11,6.5698423 1.6527219,1.0,0.5,0.1,0.09999999999999923,0.4,True,True,True,False
6,12,9 0,2.4023617 1.9467683,1.0,0.7,0.6,0.09189846254478666,0.09999999999999998,True,True,True,False
7,12,17 8,1.3557371 3.6383395,1.0,0.9,0.6,0.37844381001525745,0.30000000000000004,True,True,True,False
8,12,7 8,1.3984083 3.6383395,1.0,0.7,0.6,0.277303155714546,0.09999999999999998,True,True,True,False
9,15,8 19,3.4582506 2.3591555,1.0,0.6,0.2,0.1453320301461734,0.39999999999999997,True,True,True,False
10,8,10 9,1.5395562 2.5264073,1.0,1.0,0.1,0.18433649620310713,0.9,True,False,False,False
11,4,9 16,2.1220022 2.5872732,1.0,0.8,0.4,0.40000111084258194,0.4,True,True,True,False
12,14,11 20,2.0031487 2.9552294,1.0,0.7,0.3,0.2531466679934823,0.39999999999999997,True,True,True,False
13,10,21 4,1.5515393 4.5589856,1.0,0.45,0.15,0.05000012734404982,0.30000000000000004,True,True,True,False
14,8,8 4,6.0455258 2.3744184,1.0,0.45,0.1,0.05000000000000003,0.35,True,True,True,False
15,15,17 27,1.0651719 1.3921057,1.0,1.0,0.2,0.3768425277173084,0.8,True,False,False,False
16,0,21 1,1.5312861 1.3582962,1.0,0.6,0.1,0.06978925259267084,0.5,True,True,True,False
17,11,27 20,1.2805677 3.2828164,1.0,0.8,0.1,0.3499467780978977,0.7000000000000001,True,True,True,False
18,13,16 19,2.8226581 2.2785523,1.0,0.9,0.45,0.4294168357533475,0.45,True,True,True,False
19,12,26 18,2.6656461 3.7103533,1.0,0.9,0.6,0.4499999999994143,0.30000000000000004,True,True,True,False
20,7,6 24,3.7803338 6.5902003,1.0,0.9,0.6,0.45000000000000007,0.30000000000000004,True,True,True,False
21,2,19 6,4.2859441 2.0649449,1.0,0.7,0.3,0.27007623933661074,0.39999999999999997,True,True,True,False
22,0,22 1,2.8792056 1.3582962,1.0,0.6,0.1,0.07665397806097335,0.5,True,True,True,False
23,2,21 8,1.8653763 3.5170544,1.0,0.7,0.3,0.2646312223532179,0.39999999999999997,True,True,True,False
24,8,17 12,1.4984699 1.4301331,1.0,1.0,0.1,0.3605518021784546,0.9,True,False,False,False
25,2,26 18,1.7270292 3.6835873,1.0,0.7,0.3,0.25820857826870575,0.39999999999999997,True,True,True,False
26,6,0 13,1.5863051 3.4235065,1.0,0.8,0.6,0.08494744777294447,0.20000000000000007,True,True,True,False
27,7,11 14,3.5173042 6.2470918,1.0,0.9,0.6,0.45,0.30000000000000004,True,True,True,False
28,3,8 6,6.6075995 3.3254262,1.0,0.9,0.5,0.44999999999999996,0.4,True,True,True,False
29,10,28 15,3.6905157 1.5351236,1.0,0.7,0.15,0.07673709845971691,0.5499999999999999,True,True,True,False
30,10,6 4,1.6612649 4.5589856,1.0,0.45,0.15,0.050000001232135244,0.30000000000000004,True,True,True,False
31,6,6 17,3.4916188 1.4644124,1.0,1.0,0.6,0.5999999994922399,0.4,True,False,False,False
32,2,20 5,1.5078788 1.2452981,1.0,1.0,0.3,0.3889066584203905,0.7,True,False,False,False
33,11,28 1,3.4607645 1.5287539,1.0,0.6,0.1,0.12187785583936248,0.5,True,True,True,False
34,12,17 8,1.3557371 3.6383395,1.0,0.9,0.6,0.37844381001525745,0.30000000000000004,True,True,True,False
35,12,3 6,3.7386699 3.7258479,1.0,0.9,0.6,0.450000000000055,0.30000000000000004,True,True,True,False
36,5,22 28,2.6839007 7.0097323,1.0,0.45,0.25,0.05000000459306418,0.2,True,True,True,False
37,13,16 26,2.8226581 2.3972714,1.0,0.9,0.45,0.45098111683350195,0.45,True,True,True,False
38,15,26 3,1.5399567 3.5284348,1.0,0.7,0.2,0.16222865156073812,0.49999999999999994,True,True,True,False
39,14,20 18,2.9552294 4.8607843,1.0,0.45,0.3,0.05575763798390143,0.15000000000000002,True,True,True,False
40,6,18 9,3.4650438 2.8606768,1.0,0.7,0.6,0.2516627339008815,0.09999999999999998,True,True,True,False
41,14,14 19,3.1452859 3.2144959,1.0,1.0,0.3,0.3223243403046944,0.7,True,False,False,False
42,12,11 1,3.3733606 3.7728147,1.0,1.0,0.6,0.5999999989908896,0.4,True,False,False,False
43,13,15 25,2.1765453 2.523836,1.0,0.8,0.45,0.2812349891755905,0.35000000000000003,True,True,True,False
44,5,25 24,1.7529302 2.4097074,1.0,0.9,0.25,0.42560202269055725,0.65,True,True,True,False
45,6,12 26,1.3840214 2.7352675,1.0,1.0,0.6,0.5999998091272842,0.4,True,False,False,False
46,12,4 25,2.410898 2.5168614,1.0,0.7,0.6,0.09862938725049827,0.09999999999999998,True,True,True,False
47,12,5 28,1.8658225 4.1209401,1.0,0.6,0.6,0.10666754873446843,0.0,True,True,True,False
48,0,14 3,3.9817625 3.1593312,1.0,0.7,0.1,0.2998342517719566,0.6,True,True,True,False
49,12,20 16,2.47707 3.3188633,1.0,1.0,0.6,0.5999998083520847,0.4,True,False,False,False
50,15,2 0,0.96958937 2.7559282,1.0,0.8,0.2,0.348777933578943,0.6000000000000001,True,True,True,False
51,2,16 22,1.7930867 2.0830124,1.0,0.7,0.3,0.24940525786624157,0.39999999999999997,True,True,True,False
52,3,25 29,2.0694435 5.097029,1.0,0.9,0.5,0.44977748558396324,0.4,True,True,True,False
53,9,15 20,1.9709299 1.9805283,1.0,1.0,0.35,0.23391015863627798,0.65,True,False,False,False
54,10,24 26,5.0313892 1.5146912,1.0,0.45,0.15,0.050000136069585296,0.30000000000000004,True,True,True,False
55,5,26 14,1.5859387 2.2397796,1.0,0.7,0.25,0.23779625275458294,0.44999999999999996,True,True,True,False
56,4,28 20,3.1386719 1.4020065,1.0,1.0,0.4,0.36233649320297445,0.6,True,False,False,False
57,1,3 21,4.4006335 1.6279917,1.0,0.7,0.1,0.1629607628298676,0.6,True,True,True,False
58,10,22 11,2.4626503 1.5547519,1.0,0.6,0.15,0.06651498706842238,0.44999999999999996,True,True,True,False
59,5,3 24,6.2258794 2.4097074,1.0,0.45,0.25,0.05000000001280797,0.2,True,True,True,False
60,8,15 14,1.4923602 2.5448569,1.0,0.9,0.1,0.3039877356447359,0.8,True,True,True,False
61,3,29 19,5.097029 4.6437555,1.0,0.8,0.5,0.34841165474870356,0.30000000000000004,True,True,True,False
62,8,11 24,1.6527219 2.6180009,1.0,0.7,0.1,0.14951732410115523,0.6,True,True,True,False
63,12,12 17,1.0955735 1.3557371,1.0,1.0,0.6,0.3556204714550464,0.4,True,False,False,False
64,3,26 3,2.8756792 6.5443346,1.0,0.9,0.5,0.4499995818144662,0.4,True,True,True,False
65,6,10 23,1.487048 3.6139497,1.0,0.7,0.6,0.13134433445697424,0.09999999999999998,True,True,True,False
66,10,20 25,1.6348733 1.844417,1.0,0.9,0.15,0.30722042934220656,0.75,True,True,True,False
67,11,17 16,1.0618296 1.3324662,1.0,0.6,0.1,0.1464605598339743,0.5,True,True,True,False
68,1,18 10,4.6104034 2.1475857,1.0,0.9,0.1,0.43679693712107837,0.8,True,True,True,False
69,4,29 21,2.4823531 2.5435389,1.0,0.8,0.4,0.4009498711561694,0.4,True,True,True,False
70,9,11 17,2.0699623 1.5069614,1.0,0.7,0.35,0.28645958507228153,0.35,True,True,True,False
71,12,18 15,3.7103533 2.1473652,1.0,0.8,0.6,0.1968018100812769,0.20000000000000007,True,True,True,False
72,9,9 26,2.6066654 1.9838814,1.0,0.8,0.35,0.34945280869985007,0.45000000000000007,True,True,True,False
73,6,13 0,3.4235065 1.5863051,1.0,0.8,0.6,0.08494744777294448,0.20000000000000007,True,True,True,False
74,0,7 21,2.422434 1.5312861,1.0,0.6,0.1,0.12111623261785055,0.5,True,True,True,False
75,12,7 20,1.3984083 2.47707,1.0,0.9,0.6,0.44999645269798666,0.30000000000000004,True,True,True,False
76,15,14 20,2.3856827 3.6567702,1.0,0.6,0.2,0.1500000339439933,0.39999999999999997,True,True,True,False
77,11,26 6,1.272602 1.5297288,1.0,0.6,0.1,0.09949816018481251,0.5,True,True,True,False
78,1,2 9,1.7565347 6.6701556,1.0,0.8,0.1,0.35,0.7000000000000001,True,True,True,False
79,8,15 9,1.4923602 2.5264073,1.0,0.9,0.1,0.2852732240720749,0.8,True,True,True,False
80,6,10 13,1.487048 3.4235065,1.0,0.7,0.6,0.07453231179940482,0.09999999999999998,True,True,True,False
81,0,22 24,2.8792056 4.2217872,1.0,0.9,0.1,0.42633772981329066,0.8,True,True,True,False
82,1,28 0,4.7810409 2.0357815,1.0,0.9,0.1,0.40875010132079603,0.8,True,True,True,False
83,5,16 8,1.8372587 6.3169841,1.0,0.8,0.25,0.19752008509060873,0.55,True,True,True,False
84,7,10 1,1.4197076 3.8131395,1.0,1.0,0.6,0.5999999999784782,0.4,True,False,False,False
85,1,23 8,4.7398726 4.3516942,1.0,0.9,0.1,0.2720266594788905,0.8,True,True,True,False
86,13,21 4,2.6220487 2.1288887,1.0,0.9,0.45,0.4033427483625638,0.45,True,True,True,False
87,0,17 26,2.4771922 1.6775469,1.0,0.7,0.1,0.21769718528284002,0.6,True,True,True,False
88,15,5 2,2.8911781 0.96958937,1.0,0.8,0.2,0.34996301939927865,0.6000000000000001,True,True,True,False
89,12,15 29,2.1473652 2.7279934,1.0,0.7,0.6,0.13878038325757724,0.09999999999999998,True,True,True,False
90,15,10 13,3.0583384 3.5576398,1.0,0.9,0.2,0.44998575180851025,0.7,True,True,True,False
91,8,21 8,1.5719651 6.0455258,1.0,0.5,0.1,0.0999999986169267,0.4,True,True,True,False
92,14,28 22,5.3474738 1.1250793,1.0,1.0,0.3,0.5982223753345981,0.7,True,False,False,False
93,3,26 7,2.8756792 1.7919033,1.0,1.0,0.5,0.5999999999999737,0.5,True,False,False,False
94,6,15 13,1.7101656 3.4235065,1.0,0.7,0.6,0.07041402978465755,0.09999999999999998,True,True,True,False
95,13,2 18,1.2964327 3.4594536,1.0,0.7,0.45,0.2581886391677214,0.24999999999999994,True,True,True,False
96,9,12 17,1.2759522 1.5069614,1.0,1.0,0.35,0.34998085593838485,0.65,True,False,False,False
97,14,11 2,2.0031487 1.0887471,1.0,0.7,0.3,0.2873138423760921,0.39999999999999997,True,True,True,False
98,3,7 17,1.7919033 1.8982797,1.0,0.7,0.5,0.16140375770059806,0.19999999999999996,True,True,True,False
99,7,28 26,5.0442819 2.7273053,1.0,1.0,0.6,0.599999788240227,0.4,True,False,False,False
100,10,18 10,3.5484049 1.4411571,1.0,0.7,0.15,0.17148533121828277,0.5499999999999999,True,True,True,False
101,4,5 25,1.1501711 1.4507516,1.0,0.9,0.4,0.32888218048045903,0.5,True,True,True,False
102,8,28 13,6.5698423 5.8844586,1.0,0.5,0.1,0.10000023446642653,0.4,True,True,True,False
103,6,27 23,1.6414898 3.6139497,1.0,0.7,0.6,0.26566874719672734,0.09999999999999998,True,True,True,False
104,7,3 18,4.8675677 4.8757595,1.0,1.0,0.6,0.5332654297808354,0.4,True,False,False,False
105,7,21 16,3.205718 3.4442912,1.0,1.0,0.6,0.5999999999999598,0.4,True,False,False,False
106,5,13 5,6.3959038 1.336192,1.0,0.8,0.25,0.3500000000000718,0.55,True,True,True,False
107,3,4 22,4.378986 1.9269438,1.0,0.8,0.5,0.3522715004755228,0.30000000000000004,True,True,True,False
108,7,27 20,1.7945475 1.5641795,1.0,0.9,0.6,0.3608333857081676,0.30000000000000004,True,True,True,False
109,11,14 5,3.6238591 2.8474917,1.0,0.5,0.1,0.10000011871264429,0.4,True,True,True,False
110,13,24 16,2.5014934 2.8226581,1.0,0.9,0.45,0.4531207758287894,0.45,True,True,True,False
111,0,11 2,1.465525 2.2848174,1.0,0.6,0.1,0.14648258198231207,0.5,True,True,True,False
112,15,1 26,1.7068814 1.5399567,1.0,0.7,0.2,0.13494762826205906,0.49999999999999994,True,True,True,False
113,0,7 27,2.422434 3.1701605,1.0,0.9,0.1,0.2720934960638151,0.8,True,True,True,False
114,0,23 27,3.3059818 3.1701605,1.0,0.45,0.1,0.05001306598365069,0.35,True,True,True,False
115,9,10 15,1.7951567 1.9709299,1.0,1.0,0.35,0.24723361948912412,0.65,True,False,False,False
116,11,17 6,1.0618296 1.5297288,1.0,0.6,0.1,0.14970321829664646,0.5,True,True,True,False
117,2,24 8,4.5087008 3.5170544,1.0,0.9,0.3,0.44892317286483646,0.6000000000000001,True,True,True,False
118,5,6 21,1.9323301 1.7403619,1.0,0.7,0.25,0.2511975274993896,0.44999999999999996,True,True,True,False
119,6,27 14,1.6414898 2.7601129,1.0,1.0,0.6,0.5280007036658362,0.4,True,False,False,False
120,14,24 1,3.3990819 2.1707361,1.0,0.7,0.3,0.3001038566079708,0.39999999999999997,True,True,True,False
121,9,14 29,2.5388957 2.8743389,1.0,0.9,0.35,0.22004976770912715,0.55,True,True,True,False
122,15,3 19,3.5284348 2.3591555,1.0,0.9,0.2,0.16313927012717322,0.7,True,True,True,False
123,15,22 2,1.1767174 0.96958937,1.0,1.0,0.2,0.35695844048427494,0.8,True,False,False,False
124,1,8 7,4.3516942 1.7997788,1.0,1.0,0.1,0.33849178855245193,0.9,True,False,False,False
125,11,25 28,3.7397107 3.4607645,1.0,0.7,0.1,0.25016613080405947,0.6,True,True,True,False
126,7,3 4,4.8675677 5.7897808,1.0,0.9,0.6,0.45000000000000007,0.30000000000000004,True,True,True,False
127,9,19 28,2.6251456 7.8673074,1.0,0.9,0.35,0.44802960707877554,0.55,True,True,True,False
128,15,13 25,3.5576398 3.7263186,1.0,0.7,0.2,0.25258530993678924,0.49999999999999994,True,True,True,False
129,7,25 3,1.5989383 4.8675677,1.0,1.0,0.6,0.5088542701425888,0.4,True,False,False,False
130,11,16 15,1.3324662 2.9300665,1.0,0.5,0.1,0.06254576028041141,0.4,True,True,True,False
131,12,1 17,3.7728147 1.3557371,1.0,1.0,0.6,0.5999999999984917,0.4,True,False,False,False
132,2,21 22,1.8653763 2.0830124,1.0,0.7,0.3,0.2502991183039961,0.39999999999999997,True,True,True,False
133,13,10 19,1.9869409 2.2785523,1.0,0.7,0.45,0.12115363936553387,0.24999999999999994,True,True,True,False
134,12,18 8,3.7103533 3.6383395,1.0,0.8,0.6,0.25948376423310543,0.20000000000000007,True,True,True,False
135,15,22 11,1.1767174 1.8020077,1.0,0.7,0.2,0.2277199923050109,0.49999999999999994,True,True,True,False
136,0,8 10,3.1703208 1.672622,1.0,0.9,0.1,0.42463293020658144,0.8,True,True,True,False
137,6,23 5,3.6139497 1.3993104,1.0,0.7,0.6,0.17610673645599947,0.09999999999999998,True,True,True,False
138,3,16 5,3.0501904 1.839562,1.0,1.0,0.5,0.5981632415132337,0.5,True,False,False,False
139,12,19 22,2.540901 1.4930347,1.0,0.9,0.6,0.14772878926295738,0.30000000000000004,True,True,True,False
140,0,1 24,1.3582962 4.2217872,1.0,0.5,0.1,0.10000000000020176,0.4,True,True,True,False
141,2,9 5,4.1117091 1.2452981,1.0,0.9,0.3,0.341706765481366,0.6000000000000001,True,True,True,False
142,14,20 8,2.9552294 4.8154975,1.0,0.7,0.3,0.19623768787379323,0.39999999999999997,True,True,True,False
143,13,0 23,1.754975 3.5519003,1.0,0.8,0.45,0.2411932925360998,0.35000000000000003,True,True,True,False
144,3,23 14,6.9635654 4.5622236,1.0,0.8,0.5,0.34999813903056715,0.30000000000000004,True,True,True,False
145,5,18 26,6.4712684 1.5859387,1.0,0.45,0.25,0.052751099364470984,0.2,True,True,True,False
146,14,29 21,3.50967 1.9320603,1.0,0.7,0.3,0.30044155191506083,0.39999999999999997,True,True,True,False
147,0,5 13,1.5600879 3.1412905,1.0,0.9,0.1,0.4330629732997707,0.8,True,True,True,False
148,3,9 29,4.3786281 5.097029,1.0,0.8,0.5,0.35103120014405037,0.30000000000000004,True,True,True,False
149,14,19 16,3.2144959 1.8808917,1.0,0.7,0.3,0.26756911522205057,0.39999999999999997,True,True,True,False
150,6,20 6,1.6499857 3.4916188,1.0,1.0,0.6,0.5999207749915113,0.4,True,False,False,False
151,10,6 22,1.6612649 2.4626503,1.0,0.6,0.15,0.11106519822660646,0.44999999999999996,True,True,True,False
152,10,23 14,3.5458288 4.6278355,1.0,0.9,0.15,0.4499999999996665,0.75,True,True,True,False
153,14,7 21,1.0388548 1.9320603,1.0,0.8,0.3,0.3040026693895284,0.5,True,True,True,False
154,12,16 26,3.3188633 2.6656461,1.0,1.0,0.6,0.5999990560547089,0.4,True,False,False,False
155,9,22 26,1.6792478 1.9838814,1.0,0.8,0.35,0.3323887049105802,0.45000000000000007,True,True,True,False
156,5,9 20,2.1497084 1.554186,1.0,0.8,0.25,0.3991526342843231,0.55,True,True,True,False
157,0,23 27,3.3059818 3.1701605,1.0,0.45,0.1,0.05001306598365069,0.35,True,True,True,False
158,14,0 10,2.2809266 2.3202188,1.0,0.9,0.3,0.2482685116246319,0.6000000000000001,True,True,True,False
159,6,15 6,1.7101656 3.4916188,1.0,1.0,0.6,0.5999977933438752,0.4,True,False,False,False
160,13,1 21,3.0390604 2.6220487,1.0,0.9,0.45,0.449450598725185,0.45,True,True,True,False
161,5,28 6,7.0097323 1.9323301,1.0,0.8,0.25,0.33695808255094717,0.55,True,True,True,False
162,13,3 14,3.2291653 2.304225,1.0,0.9,0.45,0.24173123590624218,0.45,True,True,True,False
163,6,27 16,1.6414898 3.3005836,1.0,1.0,0.6,0.5999999999378338,0.4,True,False,False,False
164,2,12 0,1.8757521 1.2195825,1.0,0.6,0.3,0.12840252710294417,0.3,True,True,True,False
165,13,9 4,2.2671721 2.1288887,1.0,0.8,0.45,0.2724759903714193,0.35000000000000003,True,True,True,False
166,11,29 20,3.8971194 3.2828164,1.0,0.5,0.1,0.10160553945084676,0.4,True,True,True,False
167,0,20 8,1.7438455 3.1703208,1.0,0.9,0.1,0.4374026394157195,0.8,True,True,True,False
168,15,14 26,2.3856827 1.5399567,1.0,0.7,0.2,0.1664624255574289,0.49999999999999994,True,True,True,False
169,4,15 18,1.2897441 3.0104782,1.0,1.0,0.4,0.33950039629238804,0.6,True,False,False,False
170,0,5 9,1.5600879 4.0719035,1.0,0.9,0.1,0.3800778268864894,0.8,True,True,True,False
171,7,2 29,1.419378 6.9466067,1.0,0.9,0.6,0.4499997348346358,0.30000000000000004,True,True,True,False
172,1,1 28,1.6606164 4.7810409,1.0,0.6,0.1,0.14764435203910367,0.5,True,True,True,False
173,5,15 10,1.4235519 1.4204704,1.0,1.0,0.25,0.35153201597210465,0.75,True,False,False,False
174,14,25 16,3.3220099 1.8808917,1.0,0.7,0.3,0.25080734336263605,0.39999999999999997,True,True,True,False
175,10,25 21,1.844417 1.5515393,1.0,0.7,0.15,0.08597275729987096,0.5499999999999999,True,True,True,False
176,7,6 24,3.7803338 6.5902003,1.0,0.9,0.6,0.45000000000000007,0.30000000000000004,True,True,True,False
177,12,0 21,1.9467683 3.1444627,1.0,1.0,0.6,0.5999999967972445,0.4,True,False,False,False
178,14,1 20,2.1707361 2.9552294,1.0,0.7,0.3,0.26790246838831616,0.39999999999999997,True,True,True,False
179,15,4 27,2.1479588 1.3921057,1.0,0.9,0.2,0.36801870269881826,0.7,True,True,True,False
180,6,3 5,3.2679895 1.3993104,1.0,0.45,0.6,0.06063969603677551,-0.14999999999999997,False,True,True,False
181,0,5 8,1.5600879 3.1703208,1.0,0.9,0.1,0.4378349681233604,0.8,True,True,True,False
182,15,0 27,2.7559282 1.3921057,1.0,0.8,0.2,0.3490729757278047,0.6000000000000001,True,True,True,False
183,3,25 3,2.0694435 6.5443346,1.0,0.7,0.5,0.30000000053933945,0.19999999999999996,True,True,True,False
184,9,29 12,2.8743389 1.2759522,1.0,1.0,0.35,0.18292125858628178,0.65,True,False,False,False
185,1,0 16,2.0357815 1.7618589,1.0,0.7,0.1,0.2685013546827402,0.6,True,True,True,False
186,14,2 29,1.0887471 3.50967,1.0,1.0,0.3,0.3979364032869639,0.7,True,False,False,False
187,5,23 22,6.7983067 2.6839007,1.0,0.45,0.25,0.050001056823895204,0.2,True,True,True,False
188,1,26 17,1.607369 1.9027735,1.0,0.7,0.1,0.23912523905272448,0.6,True,True,True,False
189,10,28 22,3.6905157 2.4626503,1.0,0.8,0.15,0.2950748332815914,0.65,True,True,True,False
190,13,27 10,1.5930907 1.9869409,1.0,0.8,0.45,0.18896449829124504,0.35000000000000003,True,True,True,False
191,4,1 10,2.6302408 1.1538772,1.0,0.8,0.4,0.3500274540643321,0.4,True,True,True,False
192,4,14 18,2.2151918 3.0104782,1.0,0.6,0.4,0.15121363091789275,0.19999999999999996,True,True,True,False
193,2,22 0,2.0830124 1.2195825,1.0,0.6,0.3,0.12557479954550477,0.3,True,True,True,False
194,5,15 26,1.4235519 1.5859387,1.0,0.7,0.25,0.25474491407475386,0.44999999999999996,True,True,True,False
195,13,20 28,2.3613632 3.4959863,1.0,0.8,0.45,0.3355009388141311,0.35000000000000003,True,True,True,False
196,9,29 26,2.8743389 1.9838814,1.0,0.8,0.35,0.34875984645182173,0.45000000000000007,True,True,True,False
197,13,20 5,2.3613632 1.8433564,1.0,0.9,0.45,0.3077631586646197,0.45,True,True,True,False
198,15,4 15,2.1479588 3.194774,1.0,0.6,0.2,0.1513787021735186,0.39999999999999997,True,True,True,False
199,2,25 23,1.6025426 3.7395786,1.0,0.8,0.3,0.2837889183635149,0.5,True,True,True,False
200,13,13 12,3.3278181 1.2963715,1.0,0.9,0.45,0.32077506645024534,0.45,True,True,True,False
201,13,26 10,2.3972714 1.9869409,1.0,0.9,0.45,0.45061977289827226,0.45,True,True,True,False
202,11,14 0,3.6238591 2.7658776,1.0,0.5,0.1,0.10000009472112356,0.4,True,True,True,False
203,1,22 28,2.0397477 4.7810409,1.0,1.0,0.1,0.5600102296076319,0.9,True,False,False,False
204,12,1 8,3.7728147 3.6383395,1.0,0.9,0.6,0.45000005979587665,0.30000000000000004,True,True,True,False
205,14,6 29,2.112034 3.50967,1.0,0.7,0.3,0.29966996585534855,0.39999999999999997,True,True,True,False
206,8,10 7,1.5395562 1.3412047,1.0,1.0,0.1,0.4595242870917905,0.9,True,False,False,False
207,13,27 7,1.5930907 1.3149995,1.0,1.0,0.45,0.34884985394900303,0.55,True,False,False,False
208,7,7 0,1.2963933 1.2863106,1.0,1.0,0.6,0.4066553270497595,0.4,True,False,False,False
209,2,27 26,2.5557732 1.7270292,1.0,0.6,0.3,0.1253064989722633,0.3,True,True,True,False
210,10,19 18,4.8576873 3.5484049,1.0,0.9,0.15,0.44999999528931206,0.75,True,True,True,False
211,13,23 6,3.5519003 2.8389773,1.0,0.9,0.45,0.4282613929229294,0.45,True,True,True,False
212,10,4 6,4.5589856 1.6612649,1.0,0.45,0.15,0.050000001232135244,0.30000000000000004,True,True,True,False
213,10,23 11,3.5458288 1.5547519,1.0,0.45,0.15,0.050685773273510606,0.30000000000000004,True,True,True,False
214,1,17 27,1.9027735 2.2663511,1.0,0.6,0.1,0.1510306479816627,0.5,True,True,True,False
215,3,25 22,2.0694435 1.9269438,1.0,1.0,0.5,0.4951339544245775,0.5,True,False,False,False
216,7,14 25,6.2470918 1.5989383,1.0,0.9,0.6,0.10046197038667898,0.30000000000000004,True,True,True,False
217,8,14 13,2.5448569 5.8844586,1.0,0.45,0.1,0.050000000000000135,0.35,True,True,True,False
218,4,19 20,2.1304801 1.4020065,1.0,0.7,0.4,0.12575749034709643,0.29999999999999993,True,True,True,False
219,3,13 22,6.6498785 1.9269438,1.0,0.9,0.5,0.4452036776010238,0.4,True,True,True,False
220,6,1 2,3.4367724 1.2528591,1.0,1.0,0.6,0.5998243904874913,0.4,True,False,False,False
221,10,11 9,1.5547519 4.6274838,1.0,0.45,0.15,0.050000000336829435,0.30000000000000004,True,True,True,False
222,4,17 25,1.5841516 1.4507516,1.0,0.9,0.4,0.36165163462160244,0.5,True,True,True,False
223,10,5 15,1.550303 1.5351236,1.0,0.9,0.15,0.3025041356173691,0.75,True,True,True,False
224,12,0 26,1.9467683 2.6656461,1.0,1.0,0.6,0.5997796227343596,0.4,True,False,False,False
225,10,8 7,3.4200776 2.118963,1.0,0.8,0.15,0.3016464485015244,0.65,True,True,True,False
226,5,16 28,1.8372587 7.0097323,1.0,0.8,0.25,0.2563085949337899,0.55,True,True,True,False
227,9,6 0,2.1894806 1.6498601,1.0,0.7,0.35,0.2999748726945587,0.35,True,True,True,False
228,6,19 16,3.0413201 3.3005836,1.0,1.0,0.6,0.5999999999825943,0.4,True,False,False,False
229,1,17 4,1.9027735 6.5666226,1.0,0.8,0.1,0.35,0.7000000000000001,True,True,True,False
230,13,24 13,2.5014934 3.3278181,1.0,0.9,0.45,0.28415512599914483,0.45,True,True,True,False
231,2,16 21,1.7930867 1.8653763,1.0,0.7,0.3,0.25678409094336274,0.39999999999999997,True,True,True,False
232,6,14 0,2.7601129 1.5863051,1.0,1.0,0.6,0.42512637194824177,0.4,True,False,False,False
233,13,9 5,2.2671721 1.8433564,1.0,0.7,0.45,0.15501566383108745,0.24999999999999994,True,True,True,False
234,8,11 26,1.6527219 1.5023147,1.0,0.7,0.1,0.13058163709953086,0.6,True,True,True,False
235,11,14 11,3.6238591 1.495125,1.0,0.5,0.1,0.10000763176873059,0.4,True,True,True,False
236,7,22 2,1.569799 1.419378,1.0,1.0,0.6,0.36379901639197554,0.4,True,False,False,False
237,5,13 11,6.3959038 1.820603,1.0,0.45,0.25,0.05028675510118519,0.2,True,True,True,False
238,14,8 20,4.8154975 2.9552294,1.0,0.7,0.3,0.19623768787379325,0.39999999999999997,True,True,True,False
239,7,4 16,5.7897808 3.4442912,1.0,0.9,0.6,0.45000000000000007,0.30000000000000004,True,True,True,False
240,7,23 26,5.0415509 2.7273053,1.0,1.0,0.6,0.5999999994136239,0.4,True,False,False,False
241,12,23 20,3.8851297 2.47707,1.0,0.6,0.6,0.15003784508768298,0.0,True,True,True,False
242,3,15 24,1.8277896 4.7970452,1.0,0.9,0.5,0.4486245919851805,0.4,True,True,True,False
243,7,3 6,4.8675677 3.7803338,1.0,1.0,0.6,0.6,0.4,True,False,False,False
244,12,27 29,1.5657502 2.7279934,1.0,1.0,0.6,0.17238926522683534,0.4,True,False,False,False
245,2,10 5,1.3476764 1.2452981,1.0,1.0,0.3,0.3875516757670123,0.7,True,False,False,False
246,10,18 6,3.5484049 1.6612649,1.0,0.45,0.15,0.050610687346433744,0.30000000000000004,True,True,True,False
247,1,10 2,2.1475857 1.7565347,1.0,0.6,0.1,0.06358254524734616,0.5,True,True,True,False
248,5,8 1,6.3169841 2.0659038,1.0,0.8,0.25,0.34999988975015717,0.55,True,True,True,False
249,7,18 1,4.8757595 3.8131395,1.0,1.0,0.6,0.6,0.4,True,False,False,False
250,1,6 10,1.5548587 2.1475857,1.0,0.6,0.1,0.06686377049347315,0.5,True,True,True,False
251,6,2 4,1.2528591 2.8619442,1.0,1.0,0.6,0.47020311827606254,0.4,True,False,False,False
252,11,28 7,3.4607645 1.0771264,1.0,0.9,0.1,0.39208352926621093,0.8,True,True,True,False
253,3,11 6,3.3365949 3.3254262,1.0,1.0,0.5,0.582823222300781,0.5,True,False,False,False
254,6,5 29,1.3993104 3.2726603,1.0,1.0,0.6,0.5738044394950335,0.4,True,False,False,False
255,4,23 1,2.9995239 2.6302408,1.0,0.8,0.4,0.38591779805018944,0.4,True,True,True,False
256,3,19 17,4.6437555 1.8982797,1.0,0.9,0.5,0.3623168095128862,0.4,True,True,True,False
257,0,12 0,2.4378229 1.5777901,1.0,0.7,0.1,0.302884550988573,0.6,True,True,True,False
258,10,7 4,2.118963 4.5589856,1.0,0.45,0.15,0.05000012098392317,0.30000000000000004,True,True,True,False
259,7,27 4,1.7945475 5.7897808,1.0,0.9,0.6,0.4494683778826642,0.30000000000000004,True,True,True,False
260,15,1 14,1.7068814 2.3856827,1.0,0.6,0.2,0.1424499686514634,0.39999999999999997,True,True,True,False
261,11,28 26,3.4607645 1.272602,1.0,0.6,0.1,0.06712591147059557,0.5,True,True,True,False
262,8,11 26,1.6527219 1.5023147,1.0,0.7,0.1,0.13058163709953086,0.6,True,True,True,False
263,3,1 3,3.4409415 6.5443346,1.0,0.9,0.5,0.45000000000000007,0.4,True,True,True,False
264,2,12 2,1.8757521 1.8211125,1.0,0.7,0.3,0.15661817773547163,0.39999999999999997,True,True,True,False
265,5,11 15,1.820603 1.4235519,1.0,0.7,0.25,0.25312069356022054,0.44999999999999996,True,True,True,False
266,7,23 12,5.0415509 1.4930371,1.0,1.0,0.6,0.5751150243579796,0.4,True,False,False,False
267,11,24 9,3.5921375 3.4468698,1.0,0.8,0.1,0.3062968731744616,0.7000000000000001,True,True,True,False
268,8,8 27,6.0455258 1.8648816,1.0,0.5,0.1,0.1001427564716435,0.4,True,True,True,False
269,0,8 22,3.1703208 2.8792056,1.0,0.45,0.1,0.050021325724895385,0.35,True,True,True,False
270,7,9 21,6.0662189 3.205718,1.0,0.9,0.6,0.44999999999999996,0.30000000000000004,True,True,True,False
271,6,0 27,1.5863051 1.6414898,1.0,1.0,0.6,0.40925140403821064,0.4,True,False,False,False
272,6,19 17,3.0413201 1.4644124,1.0,1.0,0.6,0.45898600677408813,0.4,True,False,False,False
273,1,20 17,2.4941376 1.9027735,1.0,0.9,0.1,0.14187619376163368,0.8,True,True,True,False
274,14,3 5,4.7523811 2.5361282,1.0,0.7,0.3,0.12183419900825926,0.39999999999999997,True,True,True,False
275,9,27 1,1.5887649 2.2256867,1.0,0.8,0.35,0.3071452129900141,0.45000000000000007,True,True,True,False
276,4,22 18,1.641602 3.0104782,1.0,0.7,0.4,0.25589526041229327,0.29999999999999993,True,True,True,False
277,10,5 10,1.550303 1.4411571,1.0,0.9,0.15,0.2991297776208006,0.75,True,True,True,False
278,3,12 8,1.7717824 6.6075995,1.0,0.9,0.5,0.34506419517692966,0.4,True,True,True,False
279,14,9 14,3.0584979 3.1452859,1.0,1.0,0.3,0.3389178736872903,0.7,True,False,False,False
280,12,27 28,1.5657502 4.1209401,1.0,0.9,0.6,0.4492793239843772,0.30000000000000004,True,True,True,False
281,13,20 3,2.3613632 3.2291653,1.0,0.8,0.45,0.3402754564025554,0.35000000000000003,True,True,True,False
282,13,12 5,1.2963715 1.8433564,1.0,0.7,0.45,0.20992590025832186,0.24999999999999994,True,True,True,False
283,8,17 14,1.4984699 2.5448569,1.0,1.0,0.1,0.3448717116365365,0.9,True,False,False,False
284,10,19 4,4.8576873 4.5589856,1.0,0.7,0.15,0.18200427815836917,0.5499999999999999,True,True,True,False
285,15,29 4,2.531939 2.1479588,1.0,0.8,0.2,0.2715912491338984,0.6000000000000001,True,True,True,False
286,5,26 17,1.5859387 2.4592839,1.0,0.6,0.25,0.15104675533269382,0.35,True,True,True,False
287,15,2 5,0.96958937 2.8911781,1.0,0.8,0.2,0.34996301939927865,0.6000000000000001,True,True,True,False
288,6,9 2,2.8606768 1.2528591,1.0,1.0,0.6,0.46300616096462943,0.4,True,False,False,False
289,0,5 0,1.5600879 1.5777901,1.0,1.0,0.1,0.37525590475439274,0.9,True,False,False,False
290,14,17 26,1.0704139 1.7771191,1.0,0.8,0.3,0.31516605649904095,0.5,True,True,True,False
291,9,1 12,2.2256867 1.2759522,1.0,0.8,0.35,0.30649124328363936,0.45000000000000007,True,True,True,False
292,5,29 27,2.5644885 2.923024,1.0,0.6,0.25,0.14856681641642686,0.35,True,True,True,False
293,12,9 17,2.4023617 1.3557371,1.0,1.0,0.6,0.24583432006305012,0.4,True,False,False,False
294,0,29 25,4.3823537 1.9449308,1.0,0.8,0.1,0.33449994218324863,0.7000000000000001,True,True,True,False
295,12,20 2,2.47707 1.089887,1.0,0.8,0.6,0.3071930644974415,0.20000000000000007,True,True,True,False
296,3,6 23,3.3254262 6.9635654,1.0,0.9,0.5,0.45,0.4,True,True,True,False
297,0,26 17,1.6775469 2.4771922,1.0,0.7,0.1,0.21769718528284004,0.6,True,True,True,False
298,1,23 14,4.7398726 6.8558542,1.0,0.9,0.1,0.44999999998263646,0.8,True,True,True,False
299,12,17 6,1.3557371 3.7258479,1.0,1.0,0.6,0.5999999999998888,0.4,True,False,False,False
300,8,14 6,2.5448569 1.7317839,1.0,0.7,0.1,0.20101298364526704,0.6,True,True,True,False
301,1,15 12,2.1542699 1.764631,1.0,1.0,0.1,0.2319253336777851,0.9,True,False,False,False
302,4,12 11,1.4623382 2.5372823,1.0,0.8,0.4,0.3510110023561702,0.4,True,True,True,False
303,10,14 0,4.6278355 1.5304861,1.0,0.9,0.15,0.4462846153414382,0.75,True,True,True,False
304,14,24 4,3.3990819 3.0622133,1.0,0.9,0.3,0.30227602080524063,0.6000000000000001,True,True,True,False
305,13,20 2,2.3613632 1.2964327,1.0,0.9,0.45,0.4490163185636197,0.45,True,True,True,False
306,4,23 3,2.9995239 2.9428771,1.0,1.0,0.4,0.29303573497975943,0.6,True,False,False,False
307,7,15 7,1.4055212 1.2963933,1.0,1.0,0.6,0.40847904911782407,0.4,True,False,False,False
308,11,22 0,1.2417394 2.7658776,1.0,0.8,0.1,0.34937657631678787,0.7000000000000001,True,True,True,False
309,15,15 14,3.194774 2.3856827,1.0,0.6,0.2,0.15004932105582983,0.39999999999999997,True,True,True,False
310,15,2 25,0.96958937 3.7263186,1.0,0.8,0.2,0.34999979535067405,0.6000000000000001,True,True,True,False
311,14,19 0,3.2144959 2.2809266,1.0,0.9,0.3,0.3779111377530503,0.6000000000000001,True,True,True,False
312,1,25 3,2.5362502 4.4006335,1.0,0.9,0.1,0.433203178697048,0.8,True,True,True,False
313,9,6 8,2.1894806 7.0773198,1.0,0.7,0.35,0.299475381438119,0.35,True,True,True,False
314,1,23 16,4.7398726 1.7618589,1.0,0.7,0.1,0.17536535598750969,0.6,True,True,True,False
315,5,7 3,2.2503787 6.2258794,1.0,0.45,0.25,0.050000000150197225,0.2,True,True,True,False
316,7,18 19,4.8757595 6.3193346,1.0,0.9,0.6,0.45,0.30000000000000004,True,True,True,False
317,10,11 23,1.5547519 3.5458288,1.0,0.45,0.15,0.050685773273510606,0.30000000000000004,True,True,True,False
318,3,26 3,2.8756792 6.5443346,1.0,0.9,0.5,0.4499995818144662,0.4,True,True,True,False
319,10,28 1,3.6905157 1.6416483,1.0,0.45,0.15,0.050409792768355687,0.30000000000000004,True,True,True,False
320,14,14 11,3.1452859 2.0031487,1.0,0.7,0.3,0.28739569533137,0.39999999999999997,True,True,True,False
321,7,11 10,3.5173042 1.4197076,1.0,1.0,0.6,0.5999996159438821,0.4,True,False,False,False
322,14,14 21,3.1452859 1.9320603,1.0,0.7,0.3,0.3006345166660454,0.39999999999999997,True,True,True,False
323,11,29 1,3.8971194 1.5287539,1.0,0.5,0.1,0.1001875364022905,0.4,True,True,True,False
324,3,21 8,3.0362288 6.6075995,1.0,0.9,0.5,0.44999999999999984,0.4,True,True,True,False
325,15,7 15,1.0514502 3.194774,1.0,0.8,0.2,0.34999800184320196,0.6000000000000001,True,True,True,False
326,10,25 28,1.844417 3.6905157,1.0,0.7,0.15,0.06443291944601384,0.5499999999999999,True,True,True,False
327,8,26 16,1.5023147 1.5028329,1.0,0.6,0.1,0.10531350956110955,0.5,True,True,True,False
328,4,2 18,1.4375457 3.0104782,1.0,0.7,0.4,0.23006877630428912,0.29999999999999993,True,True,True,False
329,8,7 5,1.3412047 1.4319765,1.0,1.0,0.1,0.4178317567892177,0.9,True,False,False,False
330,7,8 10,4.6499279 1.4197076,1.0,0.9,0.6,0.2643668909481063,0.30000000000000004,True,True,True,False
331,1,9 26,6.6701556 1.607369,1.0,0.6,0.1,0.2003196472910415,0.5,True,True,True,False
332,12,11 2,3.3733606 1.089887,1.0,1.0,0.6,0.59874486920889,0.4,True,False,False,False
333,14,28 3,5.3474738 4.7523811,1.0,1.0,0.3,0.5621645681290889,0.7,True,False,False,False
334,0,3 23,3.1593312 3.3059818,1.0,0.9,0.1,0.29122210994713804,0.8,True,True,True,False
335,7,0 14,1.2863106 6.2470918,1.0,0.9,0.6,0.1117279878217062,0.30000000000000004,True,True,True,False
336,4,27 1,1.8634232 2.6302408,1.0,0.8,0.4,0.35032237522398835,0.4,True,True,True,False
337,5,28 7,7.0097323 2.2503787,1.0,0.45,0.25,0.0500000002649024,0.2,True,True,True,False
338,11,24 28,3.5921375 3.4607645,1.0,0.8,0.1,0.30699545863794114,0.7000000000000001,True,True,True,False
339,1,1 0,1.6606164 2.0357815,1.0,0.6,0.1,0.06315693087534698,0.5,True,True,True,False
340,13,6 2,2.8389773 1.2964327,1.0,0.9,0.45,0.4475247355043638,0.45,True,True,True,False
341,13,9 10,2.2671721 1.9869409,1.0,0.7,0.45,0.14136797665520723,0.24999999999999994,True,True,True,False
342,15,14 20,2.3856827 3.6567702,1.0,0.6,0.2,0.1500000339439933,0.39999999999999997,True,True,True,False
343,1,20 29,2.4941376 7.5621211,1.0,0.6,0.1,0.2000001666755732,0.5,True,True,True,False
344,14,21 0,1.9320603 2.2809266,1.0,0.7,0.3,0.25520923701647724,0.39999999999999997,True,True,True,False
345,3,29 25,5.097029 2.0694435,1.0,0.9,0.5,0.44977748558396324,0.4,True,True,True,False
346,9,26 1,1.9838814 2.2256867,1.0,0.8,0.35,0.29704302769199714,0.45000000000000007,True,True,True,False
347,4,28 19,3.1386719 2.1304801,1.0,0.6,0.4,0.14999502362974806,0.19999999999999996,True,True,True,False
348,6,14 26,2.7601129 2.7352675,1.0,1.0,0.6,0.5999968276413074,0.4,True,False,False,False
349,13,2 4,1.2964327 2.1288887,1.0,0.8,0.45,0.3148906016986389,0.35000000000000003,True,True,True,False
350,4,8 5,2.9382677 1.1501711,1.0,1.0,0.4,0.3111711610065951,0.6,True,False,False,False
351,11,7 6,1.0771264 1.5297288,1.0,0.6,0.1,0.1342777201851216,0.5,True,True,True,False
352,9,19 23,2.6251456 7.6213253,1.0,0.7,0.35,0.2581231771182533,0.35,True,True,True,False
353,13,9 18,2.2671721 3.4594536,1.0,0.9,0.45,0.0879975477667373,0.45,True,True,True,False
354,6,13 18,3.4235065 3.4650438,1.0,0.8,0.6,0.10558506209726864,0.20000000000000007,True,True,True,False
355,3,4 3,4.378986 6.5443346,1.0,0.8,0.5,0.34964969303241655,0.30000000000000004,True,True,True,False
356,14,16 23,1.8808917 4.9296863,1.0,0.7,0.3,0.29197668021335854,0.39999999999999997,True,True,True,False
357,3,24 27,4.7970452 2.1542534,1.0,0.8,0.5,0.35023288877012687,0.30000000000000004,True,True,True,False
358,9,18 9,7.4100504 2.6066654,1.0,0.9,0.35,0.27535694678028205,0.55,True,True,True,False
359,3,3 16,6.5443346 3.0501904,1.0,0.9,0.5,0.44999999999999984,0.4,True,True,True,False
360,8,11 4,1.6527219 2.3744184,1.0,0.7,0.1,0.14219684655576503,0.6,True,True,True,False
361,4,7 25,1.3611866 1.4507516,1.0,1.0,0.4,0.3504789386125983,0.6,True,False,False,False
362,15,21 10,1.7495473 3.0583384,1.0,0.6,0.2,0.15015253795724615,0.39999999999999997,True,True,True,False
363,12,11 7,3.3733606 1.3984083,1.0,1.0,0.6,0.5999999984608378,0.4,True,False,False,False
364,5,6 1,1.9323301 2.0659038,1.0,0.7,0.25,0.26441573229771653,0.44999999999999996,True,True,True,False
365,15,29 15,2.531939 3.194774,1.0,0.6,0.2,0.15045487225779663,0.39999999999999997,True,True,True,False
366,5,6 3,1.9323301 6.2258794,1.0,0.8,0.25,0.32041531493163533,0.55,True,True,True,False
367,2,21 16,1.8653763 1.7930867,1.0,0.7,0.3,0.2567840909433627,0.39999999999999997,True,True,True,False
368,14,26 8,1.7771191 4.8154975,1.0,0.7,0.3,0.2999917545215015,0.39999999999999997,True,True,True,False
369,4,1 0,2.6302408 1.1343399,1.0,0.8,0.4,0.3500899888210415,0.4,True,True,True,False
370,4,24 16,2.2385342 2.5872732,1.0,0.8,0.4,0.4000001233113362,0.4,True,True,True,False
371,6,27 3,1.6414898 3.2679895,1.0,0.9,0.6,0.12245077029735921,0.30000000000000004,True,True,True,False
372,13,22 23,1.2831477 3.5519003,1.0,0.9,0.45,0.4054823288592936,0.45,True,True,True,False
373,6,5 16,1.3993104 3.3005836,1.0,1.0,0.6,0.5999915444656928,0.4,True,False,False,False
374,7,2 28,1.419378 5.0442819,1.0,0.45,0.6,0.0711231194374737,-0.14999999999999997,False,True,True,False
375,0,25 4,1.9449308 3.8362146,1.0,0.8,0.1,0.3333971744271488,0.7000000000000001,True,True,True,False
376,2,8 18,3.5170544 3.6835873,1.0,0.8,0.3,0.2748060988690544,0.5,True,True,True,False
377,11,13 14,3.1142834 3.6238591,1.0,0.6,0.1,0.11581393948893931,0.5,True,True,True,False
378,7,16 10,3.4442912 1.4197076,1.0,1.0,0.6,0.5999999995941746,0.4,True,False,False,False
379,3,3 2,6.5443346 1.7110883,1.0,0.9,0.5,0.10599949405698206,0.4,True,True,True,False
380,6,0 26,1.5863051 2.7352675,1.0,1.0,0.6,0.5999857897389282,0.4,True,False,False,False
381,13,15 16,2.1765453 2.8226581,1.0,0.9,0.45,0.4499669434690717,0.45,True,True,True,False
382,0,24 12,4.2217872 2.4378229,1.0,0.9,0.1,0.33764836502634754,0.8,True,True,True,False
383,13,16 6,2.8226581 2.8389773,1.0,0.9,0.45,0.4478249105688935,0.45,True,True,True,False
384,6,8 29,3.4390135 3.2726603,1.0,0.7,0.6,0.2498809168251019,0.09999999999999998,True,True,True,False
385,0,1 0,1.3582962 1.5777901,1.0,0.45,0.1,0.052377041263781794,0.35,True,True,True,False
386,8,7 14,1.3412047 2.5448569,1.0,1.0,0.1,0.24557716502880297,0.9,True,False,False,False
387,12,22 28,1.4930347 4.1209401,1.0,0.9,0.6,0.4497538255025625,0.30000000000000004,True,True,True,False
388,8,18 14,6.2837951 2.5448569,1.0,0.45,0.1,0.05000000000000006,0.35,True,True,True,False
389,9,28 2,7.8673074 1.3286622,1.0,0.9,0.35,0.44893486566827445,0.55,True,True,True,False
390,1,3 17,4.4006335 1.9027735,1.0,1.0,0.1,0.599954571230726,0.9,True,False,False,False
391,11,26 9,1.272602 3.4468698,1.0,0.6,0.1,0.1270899759640783,0.5,True,True,True,False
392,10,16 12,1.405529 2.2366009,1.0,0.6,0.15,0.05816733755177325,0.44999999999999996,True,True,True,False
393,7,4 15,5.7897808 1.4055212,1.0,0.9,0.6,0.4470612262492698,0.30000000000000004,True,True,True,False
394,2,9 29,4.1117091 4.6478927,1.0,0.9,0.3,0.42462327822551915,0.6000000000000001,True,True,True,False
395,3,28 29,7.2500149 5.097029,1.0,0.8,0.5,0.34999999915098656,0.30000000000000004,True,True,True,False
396,14,6 11,2.112034 2.0031487,1.0,0.7,0.3,0.2726111138753608,0.39999999999999997,True,True,True,False
397,1,16 23,1.7618589 4.7398726,1.0,0.7,0.1,0.17536535598750969,0.6,True,True,True,False
398,8,4 10,2.3744184 1.5395562,1.0,0.9,0.1,0.37822467284205397,0.8,True,True,True,False
399,10,15 29,1.5351236 5.3623766,1.0,0.9,0.15,0.44858748874849774,0.75,True,True,True,False
400,1,19 24,6.8187249 7.0938988,1.0,0.8,0.1,0.3499999999853399,0.7000000000000001,True,True,True,False
401,1,24 21,7.0938988 1.6279917,1.0,0.45,0.1,0.05060544664555547,0.35,True,True,True,False
402,15,8 18,3.4582506 3.5246116,1.0,0.8,0.2,0.18876764916179342,0.6000000000000001,True,True,True,False
403,13,16 3,2.8226581 3.2291653,1.0,0.9,0.45,0.44998508724904346,0.45,True,True,True,False
404,12,0 11,1.9467683 3.3733606,1.0,1.0,0.6,0.599999902886341,0.4,True,False,False,False
405,11,26 13,1.272602 3.1142834,1.0,0.6,0.1,0.0993687015212559,0.5,True,True,True,False
406,13,26 10,2.3972714 1.9869409,1.0,0.9,0.45,0.45061977289827226,0.45,True,True,True,False
407,9,10 2,1.7951567 1.3286622,1.0,1.0,0.35,0.2124769507382298,0.65,True,False,False,False
408,10,23 24,3.5458288 5.0313892,1.0,0.9,0.15,0.44999999999943924,0.75,True,True,True,False
409,7,27 15,1.7945475 1.4055212,1.0,0.9,0.6,0.38191964332202916,0.30000000000000004,True,True,True,False
410,2,28 6,3.8219033 2.0649449,1.0,0.7,0.3,0.257046155240492,0.39999999999999997,True,True,True,False
411,12,21 10,3.1444627 2.1719322,1.0,1.0,0.6,0.5999999647503433,0.4,True,False,False,False
412,4,16 22,2.5872732 1.641602,1.0,0.9,0.4,0.44796157324923774,0.5,True,True,True,False
413,13,1 12,3.0390604 1.2963715,1.0,0.9,0.45,0.44806395106372254,0.45,True,True,True,False
414,15,9 29,2.2730449 2.531939,1.0,0.9,0.2,0.2639103637923259,0.7,True,True,True,False
415,15,10 14,3.0583384 2.3856827,1.0,0.6,0.2,0.15005560020210984,0.39999999999999997,True,True,True,False
416,5,21 17,1.7403619 2.4592839,1.0,0.7,0.25,0.18781348193790753,0.44999999999999996,True,True,True,False
417,14,17 20,1.0704139 2.9552294,1.0,0.8,0.3,0.34808156551980357,0.5,True,True,True,False
418,15,6 15,1.6694745 3.194774,1.0,0.6,0.2,0.14999955241178659,0.39999999999999997,True,True,True,False
419,3,22 8,1.9269438 6.6075995,1.0,0.9,0.5,0.4497084643799373,0.4,True,True,True,False
420,9,16 6,2.2341326 2.1894806,1.0,0.8,0.35,0.3198002979292065,0.45000000000000007,True,True,True,False
421,3,19 1,4.6437555 3.4409415,1.0,0.9,0.5,0.45,0.4,True,True,True,False
422,2,27 7,2.5557732 1.8228165,1.0,0.45,0.3,0.05005030911877441,0.15000000000000002,True,True,True,False
423,8,9 0,2.5264073 1.4494162,1.0,1.0,0.1,0.17616324282425805,0.9,True,False,False,False
424,9,27 18,1.5887649 7.4100504,1.0,0.9,0.35,0.26913259814911616,0.55,True,True,True,False
425,7,11 7,3.5173042 1.2963933,1.0,1.0,0.6,0.5999999998912013,0.4,True,False,False,False
426,7,2 16,1.419378 3.4442912,1.0,1.0,0.6,0.5999999999999992,0.4,True,False,False,False
427,0,18 5,3.2731853 1.5600879,1.0,0.9,0.1,0.436984542341787,0.8,True,True,True,False
428,6,12 8,1.3840214 3.4390135,1.0,0.7,0.6,0.2693246921441315,0.09999999999999998,True,True,True,False
429,1,4 28,6.5666226 4.7810409,1.0,0.9,0.1,0.4499999646016198,0.8,True,True,True,False
430,1,27 20,2.2663511 2.4941376,1.0,0.45,0.1,0.05101704907900262,0.35,True,True,True,False
431,9,14 7,2.5388957 1.3150183,1.0,1.0,0.35,0.18722208378473104,0.65,True,False,False,False
432,1,0 1,2.0357815 1.6606164,1.0,0.6,0.1,0.06315693087534699,0.5,True,True,True,False
433,14,13 25,4.5510903 3.3220099,1.0,0.45,0.3,0.050054116885002164,0.15000000000000002,True,True,True,False
434,5,7 1,2.2503787 2.0659038,1.0,0.7,0.25,0.2999466307906597,0.44999999999999996,True,True,True,False
435,6,5 1,1.3993104 3.4367724,1.0,1.0,0.6,0.47768632760262797,0.4,True,False,False,False
436,14,29 24,3.50967 3.3990819,1.0,0.9,0.3,0.3096148890738194,0.6000000000000001,True,True,True,False
437,1,22 18,2.0397477 4.6104034,1.0,1.0,0.1,0.5999999100769038,0.9,True,False,False,False
438,11,15 27,2.9300665 1.2805677,1.0,0.8,0.1,0.3479418295039321,0.7000000000000001,True,True,True,False
439,0,7 8,2.422434 3.1703208,1.0,0.45,0.1,0.05003726138879279,0.35,True,True,True,False
440,9,22 5,1.6792478 1.8844566,1.0,1.0,0.35,0.2962882689632605,0.65,True,False,False,False
441,15,24 22,2.5819448 1.1767174,1.0,1.0,0.2,0.3876464161182088,0.8,True,False,False,False
442,5,29 15,2.5644885 1.4235519,1.0,0.9,0.25,0.2997819106560109,0.65,True,True,True,False
443,7,5 13,1.3095017 4.8034628,1.0,1.0,0.6,0.5704968663952722,0.4,True,False,False,False
444,0,25 19,1.9449308 4.0449999,1.0,0.8,0.1,0.33276451063224693,0.7000000000000001,True,True,True,False
445,2,18 15,3.6835873 1.3442041,1.0,0.8,0.3,0.2728483944946299,0.5,True,True,True,False
446,0,0 6,1.5777901 1.5396343,1.0,0.6,0.1,0.08307372197485924,0.5,True,True,True,False
447,8,2 10,1.4873224 1.5395562,1.0,0.9,0.1,0.28480004367990547,0.8,True,True,True,False
448,13,21 7,2.6220487 1.3149995,1.0,0.9,0.45,0.4493471527271124,0.45,True,True,True,False
449,9,20 0,1.9805283 1.6498601,1.0,1.0,0.35,0.2141835718920821,0.65,True,False,False,False
450,2,1 9,2.0930464 4.1117091,1.0,0.7,0.3,0.2651139577805828,0.39999999999999997,True,True,True,False
451,11,17 18,1.0618296 3.3751984,1.0,0.9,0.1,0.39793095828131053,0.8,True,True,True,False
452,14,24 9,3.3990819 3.0584979,1.0,0.9,0.3,0.29761221646002917,0.6000000000000001,True,True,True,False
453,5,19 1,2.2761974 2.0659038,1.0,0.7,0.25,0.28306889894522863,0.44999999999999996,True,True,True,False
454,9,2 11,1.3286622 2.0699623,1.0,0.7,0.35,0.2917328494656849,0.35,True,True,True,False
455,5,17 23,2.4592839 6.7983067,1.0,0.45,0.25,0.050000111046793576,0.2,True,True,True,False
456,6,10 28,1.487048 3.7912301,1.0,0.7,0.6,0.20832840161808583,0.09999999999999998,True,True,True,False
457,9,0 22,1.6498601 1.6792478,1.0,1.0,0.35,0.33180203956420706,0.65,True,False,False,False
458,12,2 3,1.089887 3.7386699,1.0,0.9,0.6,0.3279078517908675,0.30000000000000004,True,True,True,False
459,4,25 5,1.4507516 1.1501711,1.0,0.9,0.4,0.32888218048045903,0.5,True,True,True,False
460,6,24 29,3.1357686 3.2726603,1.0,1.0,0.6,0.40801661856447013,0.4,True,False,False,False
461,2,25 8,1.6025426 3.5170544,1.0,0.8,0.3,0.27662219224065654,0.5,True,True,True,False
462,15,24 2,2.5819448 0.96958937,1.0,1.0,0.2,0.39329224763421455,0.8,True,False,False,False
463,2,12 16,1.8757521 1.7930867,1.0,0.7,0.3,0.24934268272484675,0.39999999999999997,True,True,True,False
464,8,25 22,1.8078719 1.6849052,1.0,0.9,0.1,0.31466936663971373,0.8,True,True,True,False
465,6,3 4,3.2679895 2.8619442,1.0,1.0,0.6,0.39510404825333834,0.4,True,False,False,False
466,6,24 18,3.1357686 3.4650438,1.0,0.8,0.6,0.2598750648843229,0.20000000000000007,True,True,True,False
467,1,11 4,1.802396 6.5666226,1.0,0.6,0.1,0.20002473628725073,0.5,True,True,True,False
468,13,5 4,1.8433564 2.1288887,1.0,0.6,0.45,0.15074277691004892,0.14999999999999997,True,True,True,False
469,14,3 12,4.7523811 1.1340135,1.0,1.0,0.3,0.4962307278976692,0.7,True,False,False,False
470,11,10 8,2.6819316 3.1623444,1.0,0.7,0.1,0.2999999855511254,0.6,True,True,True,False
471,13,10 0,1.9869409 1.754975,1.0,1.0,0.45,0.3027509331453617,0.55,True,False,False,False
472,8,20 18,1.6091098 6.2837951,1.0,0.8,0.1,0.35000000000000003,0.7000000000000001,True,True,True,False
473,3,14 20,4.5622236 2.0633709,1.0,0.8,0.5,0.35308093660362966,0.30000000000000004,True,True,True,False
474,12,22 18,1.4930347 3.7103533,1.0,0.7,0.6,0.2802426599396335,0.09999999999999998,True,True,True,False
475,5,0 18,1.3503532 6.4712684,1.0,0.8,0.25,0.34999999999999987,0.55,True,True,True,False
476,9,28 13,7.8673074 7.1701098,1.0,0.9,0.35,0.4495057857129521,0.55,True,True,True,False
477,1,14 20,6.8558542 2.4941376,1.0,0.6,0.1,0.20000000000000004,0.5,True,True,True,False
478,5,17 23,2.4592839 6.7983067,1.0,0.45,0.25,0.050000111046793576,0.2,True,True,True,False
479,8,29 19,2.8238037 2.6176716,1.0,0.9,0.1,0.21879436188453583,0.8,True,True,True,False
480,10,1 10,1.6416483 1.4411571,1.0,0.7,0.15,0.10170048591014452,0.5499999999999999,True,True,True,False
481,14,5 13,2.5361282 4.5510903,1.0,0.45,0.3,0.05001592440454489,0.15000000000000002,True,True,True,False
482,6,7 15,1.2888409 1.7101656,1.0,1.0,0.6,0.41878837898226273,0.4,True,False,False,False
483,11,19 6,3.4744119 1.5297288,1.0,0.5,0.1,0.10053005947766144,0.4,True,True,True,False
484,0,16 22,1.5104831 2.8792056,1.0,0.6,0.1,0.11717682665161866,0.5,True,True,True,False
485,0,2 4,2.2848174 3.8362146,1.0,0.9,0.1,0.3275339147803723,0.8,True,True,True,False
486,11,19 23,3.4744119 3.244221,1.0,0.8,0.1,0.25014113512846325,0.7000000000000001,True,True,True,False
487,8,13 16,5.8844586 1.5028329,1.0,0.5,0.1,0.10000000000000554,0.4,True,True,True,False
488,2,24 17,4.5087008 2.087905,1.0,0.7,0.3,0.30063552412890376,0.39999999999999997,True,True,True,False
489,14,14 20,3.1452859 2.9552294,1.0,0.8,0.3,0.3071953660444137,0.5,True,True,True,False
490,10,20 16,1.6348733 1.405529,1.0,0.5,0.15,0.06482058712727001,0.35,True,True,True,False
491,10,16 3,1.405529 3.5070444,1.0,0.6,0.15,0.08366266415478943,0.44999999999999996,True,True,True,False
492,0,17 14,2.4771922 3.9817625,1.0,0.7,0.1,0.30221970660538877,0.6,True,True,True,False
493,7,10 4,1.4197076 5.7897808,1.0,0.9,0.6,0.44608360921729473,0.30000000000000004,True,True,True,False
494,9,28 17,7.8673074 1.5069614,1.0,0.9,0.35,0.4497062616770101,0.55,True,True,True,False
495,12,13 21,3.6328081 3.1444627,1.0,0.9,0.6,0.4500000004931051,0.30000000000000004,True,True,True,False
496,6,22 16,1.4365868 3.3005836,1.0,1.0,0.6,0.5999999935409938,0.4,True,False,False,False
497,8,17 12,1.4984699 1.4301331,1.0,1.0,0.1,0.3605518021784546,0.9,True,False,False,False
498,2,24 1,4.5087008 2.0930464,1.0,0.7,0.3,0.250207520030482,0.39999999999999997,True,True,True,False
499,2,27 24,2.5557732 4.5087008,1.0,0.7,0.3,0.30000033578426344,0.39999999999999997,True,True,True,False
500,5,26 24,1.5859387 2.4097074,1.0,0.7,0.25,0.22537214292856025,0.44999999999999996,True,True,True,False
501,2,27 15,2.5557732 1.3442041,1.0,0.8,0.3,0.3373663505040653,0.5,True,True,True,False
502,8,18 26,6.2837951 1.5023147,1.0,0.5,0.1,0.09999998809420751,0.4,True,True,True,False
503,2,7 14,1.8228165 4.3070965,1.0,0.8,0.3,0.34998308850349935,0.5,True,True,True,False
504,12,15 27,2.1473652 1.5657502,1.0,0.9,0.6,0.31474804569678305,0.30000000000000004,True,True,True,False
505,5,20 28,1.554186 7.0097323,1.0,0.8,0.25,0.34999999999999337,0.55,True,True,True,False
506,5,24 9,2.4097074 2.1497084,1.0,0.8,0.25,0.2712907307877665,0.55,True,True,True,False
507,6,21 3,3.1369087 3.2679895,1.0,1.0,0.6,0.5999897365436863,0.4,True,False,False,False
508,1,29 8,7.5621211 4.3516942,1.0,0.9,0.1,0.4457171281138888,0.8,True,True,True,False
509,8,1 4,1.5181398 2.3744184,1.0,0.6,0.1,0.09701548276142083,0.5,True,True,True,False
510,0,16 20,1.5104831 1.7438455,1.0,0.6,0.1,0.06446953620478274,0.5,True,True,True,False
511,8,1 29,1.5181398 2.8238037,1.0,0.6,0.1,0.08433975617373582,0.5,True,True,True,False
512,14,13 12,4.5510903 1.1340135,1.0,0.9,0.3,0.29078095112557073,0.6000000000000001,True,True,True,False
513,14,22 9,1.1250793 3.0584979,1.0,1.0,0.3,0.4855744930312137,0.7,True,False,False,False
514,7,24 4,6.5902003 5.7897808,1.0,0.9,0.6,0.4195222527646909,0.30000000000000004,True,True,True,False
515,15,12 19,1.1074755 2.3591555,1.0,1.0,0.2,0.3338983772413022,0.8,True,False,False,False
516,5,18 19,6.4712684 2.2761974,1.0,0.45,0.25,0.0500000000002433,0.2,True,True,True,False
517,8,28 0,6.5698423 1.4494162,1.0,0.8,0.1,0.35000000000000003,0.7000000000000001,True,True,True,False
518,1,2 7,1.7565347 1.7997788,1.0,0.7,0.1,0.16313060371040145,0.6,True,True,True,False
519,0,5 10,1.5600879 1.672622,1.0,1.0,0.1,0.37341307543230334,0.9,True,False,False,False
520,7,11 17,3.5173042 1.4676337,1.0,1.0,0.6,0.5999999999985383,0.4,True,False,False,False
521,6,26 17,2.7352675 1.4644124,1.0,1.0,0.6,0.5999998261618317,0.4,True,False,False,False
522,0,10 23,1.672622 3.3059818,1.0,0.9,0.1,0.4211754902425836,0.8,True,True,True,False
523,6,18 17,3.4650438 1.4644124,1.0,0.7,0.6,0.2566526070403663,0.09999999999999998,True,True,True,False
524,11,20 14,3.2828164 3.6238591,1.0,0.5,0.1,0.10000054750031837,0.4,True,True,True,False
525,11,21 29,1.451333 3.8971194,1.0,0.6,0.1,0.16226157654563106,0.5,True,True,True,False
526,3,24 27,4.7970452 2.1542534,1.0,0.8,0.5,0.35023288877012687,0.30000000000000004,True,True,True,False
527,0,1 13,1.3582962 3.1412905,1.0,0.6,0.1,0.06789729878439152,0.5,True,True,True,False
528,2,22 15,2.0830124 1.3442041,1.0,0.6,0.3,0.13137100343550762,0.3,True,True,True,False
529,12,0 8,1.9467683 3.6383395,1.0,0.6,0.6,0.1539277853983444,0.0,True,True,True,False
530,1,9 0,6.6701556 2.0357815,1.0,0.6,0.1,0.2000000000000263,0.5,True,True,True,False
531,3,19 4,4.6437555 4.378986,1.0,0.8,0.5,0.3511667073198466,0.30000000000000004,True,True,True,False
532,8,20 10,1.6091098 1.5395562,1.0,0.9,0.1,0.29448105255578916,0.8,True,True,True,False
533,9,18 27,7.4100504 1.5887649,1.0,0.9,0.35,0.2691325981491161,0.55,True,True,True,False
534,6,1 5,3.4367724 1.3993104,1.0,1.0,0.6,0.47768632760262797,0.4,True,False,False,False
535,14,11 6,2.0031487 2.112034,1.0,0.7,0.3,0.2726111138753608,0.39999999999999997,True,True,True,False
536,4,21 18,2.5435389 3.0104782,1.0,0.9,0.4,0.4483143186213983,0.5,True,True,True,False
537,8,2 7,1.4873224 1.3412047,1.0,1.0,0.1,0.3498512889664486,0.9,True,False,False,False
538,4,11 28,2.5372823 3.1386719,1.0,0.8,0.4,0.39496726595815995,0.4,True,True,True,False
539,1,29 10,7.5621211 2.1475857,1.0,0.6,0.1,0.20000000031387064,0.5,True,True,True,False
540,10,11 19,1.5547519 4.8576873,1.0,0.45,0.15,0.05000000001382127,0.30000000000000004,True,True,True,False
541,0,4 25,3.8362146 1.9449308,1.0,0.8,0.1,0.3333971744271489,0.7000000000000001,True,True,True,False
542,13,25 26,2.523836 2.3972714,1.0,0.9,0.45,0.449418736716213,0.45,True,True,True,False
543,7,3 29,4.8675677 6.9466067,1.0,0.9,0.6,0.45,0.30000000000000004,True,True,True,False
544,5,8 2,6.3169841 2.2900251,1.0,0.45,0.25,0.05000000176281885,0.2,True,True,True,False
545,4,7 21,1.3611866 2.5435389,1.0,0.9,0.4,0.44949372830539813,0.5,True,True,True,False
546,8,5 12,1.4319765 1.4301331,1.0,1.0,0.1,0.38666776093232486,0.9,True,False,False,False
547,3,7 17,1.7919033 1.8982797,1.0,0.7,0.5,0.16140375770059806,0.19999999999999996,True,True,True,False
548,3,13 10,6.6498785 1.8756346,1.0,0.7,0.5,0.14698277254011943,0.19999999999999996,True,True,True,False
549,8,10 23,1.5395562 6.3211862,1.0,0.8,0.1,0.35000000000000003,0.7000000000000001,True,True,True,False
550,15,29 10,2.531939 3.0583384,1.0,0.6,0.2,0.15051251750955683,0.39999999999999997,True,True,True,False
551,15,19 11,2.3591555 1.8020077,1.0,0.7,0.2,0.25487105390228165,0.49999999999999994,True,True,True,False
552,15,26 3,1.5399567 3.5284348,1.0,0.7,0.2,0.16222865156073812,0.49999999999999994,True,True,True,False
553,15,6 7,1.6694745 1.0514502,1.0,0.7,0.2,0.16448745980656976,0.49999999999999994,True,True,True,False
554,13,28 0,3.4959863 1.754975,1.0,0.8,0.45,0.23106005376852398,0.35000000000000003,True,True,True,False
555,14,18 5,4.8607843 2.5361282,1.0,0.45,0.3,0.05278659063580157,0.15000000000000002,True,True,True,False
556,1,24 3,7.0938988 4.4006335,1.0,0.9,0.1,0.44999986573542755,0.8,True,True,True,False
557,9,20 18,1.9805283 7.4100504,1.0,0.7,0.35,0.25012028821744586,0.35,True,True,True,False
558,9,7 19,1.3150183 2.6251456,1.0,1.0,0.35,0.200938986695913,0.65,True,False,False,False
559,3,4 10,4.378986 1.8756346,1.0,0.8,0.5,0.3531103878404336,0.30000000000000004,True,True,True,False
560,6,20 19,1.6499857 3.0413201,1.0,1.0,0.6,0.5015406199515108,0.4,True,False,False,False
561,1,28 5,4.7810409 2.1584526,1.0,0.9,0.1,0.38183707608666845,0.8,True,True,True,False
562,13,22 23,1.2831477 3.5519003,1.0,0.9,0.45,0.4054823288592936,0.45,True,True,True,False
563,0,13 3,3.1412905 3.1593312,1.0,0.9,0.1,0.29666937027829454,0.8,True,True,True,False
564,8,17 8,1.4984699 6.0455258,1.0,0.8,0.1,0.2707130496391595,0.7000000000000001,True,True,True,False
565,1,7 12,1.7997788 1.764631,1.0,0.7,0.1,0.16702070788838222,0.6,True,True,True,False
566,11,7 29,1.0771264 3.8971194,1.0,0.8,0.1,0.26936581754212313,0.7000000000000001,True,True,True,False
567,14,27 29,1.4014717 3.50967,1.0,1.0,0.3,0.44248784512186634,0.7,True,False,False,False
568,6,26 21,2.7352675 3.1369087,1.0,1.0,0.6,0.5999998288888283,0.4,True,False,False,False
569,10,26 27,1.5146912 3.0108825,1.0,0.6,0.15,0.11842627414641636,0.44999999999999996,True,True,True,False
570,9,12 0,1.2759522 1.6498601,1.0,0.9,0.35,0.2899223235686118,0.55,True,True,True,False
571,9,27 3,1.5887649 7.1659891,1.0,0.7,0.35,0.25066072526124433,0.35,True,True,True,False
572,14,0 5,2.2809266 2.5361282,1.0,0.8,0.3,0.18508166263660428,0.5,True,True,True,False
573,11,15 19,2.9300665 3.4744119,1.0,0.7,0.1,0.29978298538004455,0.6,True,True,True,False
574,6,5 12,1.3993104 1.3840214,1.0,1.0,0.6,0.39755496504129617,0.4,True,False,False,False
575,13,6 5,2.8389773 1.8433564,1.0,0.9,0.45,0.4308476422879322,0.45,True,True,True,False
576,8,8 17,6.0455258 1.4984699,1.0,0.8,0.1,0.2707130496391595,0.7000000000000001,True,True,True,False
577,7,19 5,6.3193346 1.3095017,1.0,0.9,0.6,0.3988837390273932,0.30000000000000004,True,True,True,False
578,9,2 15,1.3286622 1.9709299,1.0,1.0,0.35,0.18880044206680638,0.65,True,False,False,False
579,10,12 10,2.2366009 1.4411571,1.0,0.7,0.15,0.29883334593685795,0.5499999999999999,True,True,True,False
580,15,8 26,3.4582506 1.5399567,1.0,0.7,0.2,0.0722693838847317,0.49999999999999994,True,True,True,False
581,5,9 19,2.1497084 2.2761974,1.0,0.8,0.25,0.26082150752072986,0.55,True,True,True,False
582,12,6 8,3.7258479 3.6383395,1.0,0.9,0.6,0.45000156479726566,0.30000000000000004,True,True,True,False
583,5,29 20,2.5644885 1.554186,1.0,0.9,0.25,0.3933479148848473,0.65,True,True,True,False
584,3,20 17,2.0633709 1.8982797,1.0,1.0,0.5,0.3556962876734335,0.5,True,False,False,False
585,5,21 4,1.7403619 2.3474303,1.0,0.7,0.25,0.2320377912184704,0.44999999999999996,True,True,True,False
586,6,1 8,3.4367724 3.4390135,1.0,0.9,0.6,0.4500000005824925,0.30000000000000004,True,True,True,False
587,10,20 9,1.6348733 4.6274838,1.0,0.9,0.15,0.40122619734220055,0.75,True,True,True,False
588,9,23 24,7.6213253 2.7034001,1.0,0.7,0.35,0.2577040548181503,0.35,True,True,True,False
589,5,29 23,2.5644885 6.7983067,1.0,0.45,0.25,0.05000000607261512,0.2,True,True,True,False
590,4,27 10,1.8634232 1.1538772,1.0,0.9,0.4,0.3534047123161219,0.5,True,True,True,False
591,13,28 22,3.4959863 1.2831477,1.0,0.9,0.45,0.4121310901682285,0.45,True,True,True,False
592,2,19 3,4.2859441 3.5011785,1.0,0.7,0.3,0.3040224305772854,0.39999999999999997,True,True,True,False
593,10,1 13,1.6416483 3.4668156,1.0,0.45,0.15,0.05062779141773009,0.30000000000000004,True,True,True,False
594,10,17 10,2.3913248 1.4411571,1.0,0.7,0.15,0.2990738671889445,0.5499999999999999,True,True,True,False
595,9,26 23,1.9838814 7.6213253,1.0,0.9,0.35,0.2668566175542376,0.55,True,True,True,False
596,8,2 8,1.4873224 6.0455258,1.0,0.5,0.1,0.1004088722343417,0.4,True,True,True,False
597,13,29 4,2.3242861 2.1288887,1.0,0.8,0.45,0.21977590491191049,0.35000000000000003,True,True,True,False
598,15,5 19,2.8911781 2.3591555,1.0,0.7,0.2,0.1553044665835113,0.49999999999999994,True,True,True,False
599,8,7 1,1.3412047 1.5181398,1.0,0.5,0.1,0.08993580972122542,0.4,True,True,True,False
600,15,4 8,2.1479588 3.4582506,1.0,0.6,0.2,0.06759802997091884,0.39999999999999997,True,True,True,False
601,15,14 29,2.3856827 2.531939,1.0,1.0,0.2,0.267070371091213,0.8,True,False,False,False
602,8,6 15,1.7317839 1.4923602,1.0,0.7,0.1,0.24538598683755528,0.6,True,True,True,False
603,2,17 5,2.087905 1.2452981,1.0,0.6,0.3,0.1429091870549105,0.3,True,True,True,False
604,4,22 29,1.641602 2.4823531,1.0,0.7,0.4,0.2678501008556019,0.29999999999999993,True,True,True,False
605,10,9 17,4.6274838 2.3913248,1.0,0.45,0.15,0.05000000086572357,0.30000000000000004,True,True,True,False
606,11,0 7,2.7658776 1.0771264,1.0,0.8,0.1,0.349193450669328,0.7000000000000001,True,True,True,False
607,2,22 0,2.0830124 1.2195825,1.0,0.6,0.3,0.12557479954550477,0.3,True,True,True,False
608,3,19 12,4.6437555 1.7717824,1.0,0.9,0.5,0.42582603309701544,0.4,True,True,True,False
609,9,25 23,2.16414 7.6213253,1.0,0.7,0.35,0.25000581917649484,0.35,True,True,True,False
610,8,12 3,1.4301331 5.8243144,1.0,0.5,0.1,0.10097877034603117,0.4,True,True,True,False
611,8,3 0,5.8243144 1.4494162,1.0,0.8,0.1,0.3499999999995329,0.7000000000000001,True,True,True,False
612,1,17 29,1.9027735 7.5621211,1.0,0.8,0.1,0.35,0.7000000000000001,True,True,True,False
613,7,4 28,5.7897808 5.0442819,1.0,0.9,0.6,0.45,0.30000000000000004,True,True,True,False
614,0,15 19,1.7443911 4.0449999,1.0,0.8,0.1,0.3337417013314946,0.7000000000000001,True,True,True,False
615,4,16 27,2.5872732 1.8634232,1.0,0.9,0.4,0.44865700357652005,0.5,True,True,True,False
616,0,29 25,4.3823537 1.9449308,1.0,0.8,0.1,0.33449994218324863,0.7000000000000001,True,True,True,False
617,5,9 24,2.1497084 2.4097074,1.0,0.8,0.25,0.27129073078776655,0.55,True,True,True,False
618,15,1 18,1.7068814 3.5246116,1.0,0.45,0.2,0.05059978170474077,0.25,True,True,True,False
619,15,5 11,2.8911781 1.8020077,1.0,0.6,0.2,0.15024411410243863,0.39999999999999997,True,True,True,False
620,1,12 11,1.764631 1.802396,1.0,0.7,0.1,0.2325958933062083,0.6,True,True,True,False
621,11,27 15,1.2805677 2.9300665,1.0,0.8,0.1,0.3479418295039321,0.7000000000000001,True,True,True,False
622,14,3 12,4.7523811 1.1340135,1.0,1.0,0.3,0.4962307278976692,0.7,True,False,False,False
623,3,8 29,6.6075995 5.097029,1.0,0.8,0.5,0.34999998528602705,0.30000000000000004,True,True,True,False
624,15,8 13,3.4582506 3.5576398,1.0,0.8,0.2,0.23802395070859,0.6000000000000001,True,True,True,False
625,14,19 28,3.2144959 5.3474738,1.0,0.7,0.3,0.30000000037061275,0.39999999999999997,True,True,True,False
626,15,8 1,3.4582506 1.7068814,1.0,0.45,0.2,0.0521762576461282,0.25,True,True,True,False
627,10,12 3,2.2366009 3.5070444,1.0,0.8,0.15,0.24096266244191095,0.65,True,True,True,False
628,13,9 21,2.2671721 2.6220487,1.0,0.9,0.45,0.44265822642343083,0.45,True,True,True,False
629,15,18 13,3.5246116 3.5576398,1.0,0.8,0.2,0.22200720783354722,0.6000000000000001,True,True,True,False
630,5,24 0,2.4097074 1.3503532,1.0,0.9,0.25,0.4029667515506835,0.65,True,True,True,False
631,0,23 25,3.3059818 1.9449308,1.0,0.9,0.1,0.4483028158552056,0.8,True,True,True,False
632,10,14 12,4.6278355 2.2366009,1.0,0.45,0.15,0.050000066530742446,0.30000000000000004,True,True,True,False
633,2,18 9,3.6835873 4.1117091,1.0,0.7,0.3,0.3000418092111078,0.39999999999999997,True,True,True,False
634,7,20 22,1.5641795 1.569799,1.0,1.0,0.6,0.3788699528948637,0.4,True,False,False,False
635,9,2 8,1.3286622 7.0773198,1.0,0.9,0.35,0.44646220214090426,0.55,True,True,True,False
636,8,12 21,1.4301331 1.5719651,1.0,0.6,0.1,0.10834460794093573,0.5,True,True,True,False
637,15,21 18,1.7495473 3.5246116,1.0,0.7,0.2,0.23959747298164294,0.49999999999999994,True,True,True,False
638,4,21 16,2.5435389 2.5872732,1.0,0.9,0.4,0.4379059284068427,0.5,True,True,True,False
639,7,7 21,1.2963933 3.205718,1.0,1.0,0.6,0.5999999997796702,0.4,True,False,False,False
640,0,10 15,1.672622 1.7443911,1.0,1.0,0.1,0.34396739070523485,0.9,True,False,False,False
641,13,10 12,1.9869409 1.2963715,1.0,0.8,0.45,0.2093848255286086,0.35000000000000003,True,True,True,False
642,1,21 2,1.6279917 1.7565347,1.0,0.7,0.1,0.19066267689620464,0.6,True,True,True,False
643,11,25 19,3.7397107 3.4744119,1.0,0.7,0.1,0.29999913022762376,0.6,True,True,True,False
644,11,19 4,3.4744119 3.3671458,1.0,0.8,0.1,0.31894972157246054,0.7000000000000001,True,True,True,False
645,1,3 14,4.4006335 6.8558542,1.0,0.9,0.1,0.44999801152897606,0.8,True,True,True,False
646,13,12 29,1.2963715 2.3242861,1.0,0.8,0.45,0.3715897891873622,0.35000000000000003,True,True,True,False
647,4,17 1,1.5841516 2.6302408,1.0,0.8,0.4,0.3502342188946085,0.4,True,True,True,False
648,11,14 23,3.6238591 3.244221,1.0,0.6,0.1,0.11483429667652482,0.5,True,True,True,False
649,11,25 12,3.7397107 1.0970816,1.0,0.8,0.1,0.34999989696950284,0.7000000000000001,True,True,True,False
650,7,7 14,1.2963933 6.2470918,1.0,0.9,0.6,0.449409869336765,0.30000000000000004,True,True,True,False
651,12,29 10,2.7279934 2.1719322,1.0,0.45,0.6,0.05038893432589543,-0.14999999999999997,False,True,True,False
652,2,24 0,4.5087008 1.2195825,1.0,0.9,0.3,0.29384769824443624,0.6000000000000001,True,True,True,False
653,15,22 12,1.1767174 1.1074755,1.0,1.0,0.2,0.3648554198864262,0.8,True,False,False,False
654,5,18 29,6.4712684 2.5644885,1.0,0.45,0.25,0.050000000000431644,0.2,True,True,True,False
655,11,18 11,3.3751984 1.495125,1.0,0.6,0.1,0.07996331910055361,0.5,True,True,True,False
656,0,14 15,3.9817625 1.7443911,1.0,0.8,0.1,0.33965280338708725,0.7000000000000001,True,True,True,False
657,4,17 9,1.5841516 2.1220022,1.0,0.7,0.4,0.20917952419567454,0.29999999999999993,True,True,True,False
658,11,22 17,1.2417394 1.0618296,1.0,1.0,0.1,0.3630070985653583,0.9,True,False,False,False
659,13,2 25,1.2964327 2.523836,1.0,0.9,0.45,0.42307347627222874,0.45,True,True,True,False
660,6,21 5,3.1369087 1.3993104,1.0,1.0,0.6,0.5999941839108675,0.4,True,False,False,False
661,0,10 22,1.672622 2.8792056,1.0,0.9,0.1,0.19541566900497886,0.8,True,True,True,False
662,7,24 1,6.5902003 3.8131395,1.0,0.9,0.6,0.44999999999999996,0.30000000000000004,True,True,True,False
663,5,0 20,1.3503532 1.554186,1.0,1.0,0.25,0.32239587714686224,0.75,True,False,False,False
664,11,29 24,3.8971194 3.5921375,1.0,0.8,0.1,0.297357276625224,0.7000000000000001,True,True,True,False
665,11,6 20,1.5297288 3.2828164,1.0,0.6,0.1,0.1499765324915754,0.5,True,True,True,False
666,1,20 27,2.4941376 2.2663511,1.0,0.45,0.1,0.05101704907900262,0.35,True,True,True,False
667,10,9 25,4.6274838 1.844417,1.0,0.9,0.15,0.40819776051470996,0.75,True,True,True,False
668,15,10 29,3.0583384 2.531939,1.0,0.6,0.2,0.15051251750955683,0.39999999999999997,True,True,True,False
669,1,15 6,2.1542699 1.5548587,1.0,0.6,0.1,0.13586988003363099,0.5,True,True,True,False
670,4,13 14,2.8619127 2.2151918,1.0,0.6,0.4,0.1500983621517702,0.19999999999999996,True,True,True,False
671,8,8 5,6.0455258 1.4319765,1.0,0.8,0.1,0.35,0.7000000000000001,True,True,True,False
672,7,26 29,2.7273053 6.9466067,1.0,0.9,0.6,0.44999999999985996,0.30000000000000004,True,True,True,False
673,6,12 15,1.3840214 1.7101656,1.0,1.0,0.6,0.4600289156155419,0.4,True,False,False,False
674,4,15 20,1.2897441 1.4020065,1.0,1.0,0.4,0.3397604053479434,0.6,True,False,False,False
675,13,24 22,2.5014934 1.2831477,1.0,1.0,0.45,0.39000567394603713,0.55,True,False,False,False
676,14,27 14,1.4014717 3.1452859,1.0,1.0,0.3,0.4615565091787145,0.7,True,False,False,False
677,11,23 26,3.244221 1.272602,1.0,0.6,0.1,0.09792757071802853,0.5,True,True,True,False
678,10,8 27,3.4200776 3.0108825,1.0,0.8,0.15,0.3133539438925796,0.65,True,True,True,False
679,15,29 22,2.531939 1.1767174,1.0,1.0,0.2,0.3142493124154824,0.8,True,False,False,False
680,5,2 5,2.2900251 1.336192,1.0,0.8,0.25,0.2765183202392583,0.55,True,True,True,False
681,13,15 7,2.1765453 1.3149995,1.0,0.9,0.45,0.39872650353044814,0.45,True,True,True,False
682,14,10 12,2.3202188 1.1340135,1.0,0.8,0.3,0.2626148791643614,0.5,True,True,True,False
683,2,3 8,3.5011785 3.5170544,1.0,0.8,0.3,0.2600462254287317,0.5,True,True,True,False
684,0,15 5,1.7443911 1.5600879,1.0,1.0,0.1,0.37831326176870206,0.9,True,False,False,False
685,3,17 9,1.8982797 4.3786281,1.0,0.8,0.5,0.35023966729663375,0.30000000000000004,True,True,True,False
686,8,1 8,1.5181398 6.0455258,1.0,0.5,0.1,0.09999999230289247,0.4,True,True,True,False
687,15,22 17,1.1767174 1.0651719,1.0,1.0,0.2,0.35022330392202383,0.8,True,False,False,False
688,1,16 0,1.7618589 2.0357815,1.0,0.7,0.1,0.2685013546827402,0.6,True,True,True,False
689,9,15 21,1.9709299 2.1608522,1.0,0.8,0.35,0.370983262207509,0.45000000000000007,True,True,True,False
690,10,18 9,3.5484049 4.6274838,1.0,0.9,0.15,0.4499999994664071,0.75,True,True,True,False
691,15,20 15,3.6567702 3.194774,1.0,0.8,0.2,0.35004369479043096,0.6000000000000001,True,True,True,False
692,5,5 7,1.336192 2.2503787,1.0,0.8,0.25,0.27613860427809356,0.55,True,True,True,False
693,0,3 17,3.1593312 2.4771922,1.0,0.8,0.1,0.08343030458552089,0.7000000000000001,True,True,True,False
694,6,9 20,2.8606768 1.6499857,1.0,1.0,0.6,0.3721329766399484,0.4,True,False,False,False
695,8,24 6,2.6180009 1.7317839,1.0,0.7,0.1,0.17956070641161415,0.6,True,True,True,False
696,14,15 19,2.6699228 3.2144959,1.0,0.8,0.3,0.3358565217348068,0.5,True,True,True,False
697,9,9 20,2.6066654 1.9805283,1.0,0.8,0.35,0.23657952596187465,0.45000000000000007,True,True,True,False
698,5,27 4,2.923024 2.3474303,1.0,0.6,0.25,0.1491543623760694,0.35,True,True,True,False
699,6,18 1,3.4650438 3.4367724,1.0,0.9,0.6,0.45000007320305047,0.30000000000000004,True,True,True,False
700,4,9 6,2.1220022 2.7495015,1.0,0.8,0.4,0.40000008760461536,0.4,True,True,True,False
701,13,15 6,2.1765453 2.8389773,1.0,0.9,0.45,0.42515115763961786,0.45,True,True,True,False
702,9,11 7,2.0699623 1.3150183,1.0,0.7,0.35,0.2993184841087113,0.35,True,True,True,False
703,14,15 10,2.6699228 2.3202188,1.0,0.8,0.3,0.13386626083108058,0.5,True,True,True,False
704,4,0 2,1.1343399 1.4375457,1.0,0.9,0.4,0.33579108778097316,0.5,True,True,True,False
705,11,25 24,3.7397107 3.5921375,1.0,0.7,0.1,0.2999920606170935,0.6,True,True,True,False
706,8,11 13,1.6527219 5.8844586,1.0,0.5,0.1,0.10000000002861852,0.4,True,True,True,False
707,11,13 6,3.1142834 1.5297288,1.0,0.6,0.1,0.11934529929784873,0.5,True,True,True,False
708,9,29 24,2.8743389 2.7034001,1.0,0.9,0.35,0.22838228856541243,0.55,True,True,True,False
709,2,23 14,3.7395786 4.3070965,1.0,0.9,0.3,0.4213050857966311,0.6000000000000001,True,True,True,False
710,2,17 5,2.087905 1.2452981,1.0,0.6,0.3,0.1429091870549105,0.3,True,True,True,False
711,15,3 14,3.5284348 2.3856827,1.0,0.9,0.2,0.1513001855156314,0.7,True,True,True,False
712,14,0 26,2.2809266 1.7771191,1.0,0.8,0.3,0.25257728134541696,0.5,True,True,True,False
713,8,8 27,6.0455258 1.8648816,1.0,0.5,0.1,0.1001427564716435,0.4,True,True,True,False
714,5,23 13,6.7983067 6.3959038,1.0,0.8,0.25,0.3296087497126512,0.55,True,True,True,False
715,14,7 20,1.0388548 2.9552294,1.0,0.8,0.3,0.3331916906515872,0.5,True,True,True,False
716,4,4 22,2.0410421 1.641602,1.0,0.7,0.4,0.2541479951140936,0.29999999999999993,True,True,True,False
717,6,25 23,1.8603891 3.6139497,1.0,0.7,0.6,0.10778924402891044,0.09999999999999998,True,True,True,False
718,5,3 21,6.2258794 1.7403619,1.0,0.45,0.25,0.0508538062219345,0.2,True,True,True,False
719,12,25 17,2.5168614 1.3557371,1.0,0.9,0.6,0.3807077180135061,0.30000000000000004,True,True,True,False
720,5,22 15,2.6839007 1.4235519,1.0,0.8,0.25,0.2498291390158698,0.55,True,True,True,False
721,4,21 6,2.5435389 2.7495015,1.0,0.9,0.4,0.4363506512579183,0.5,True,True,True,False
722,12,5 21,1.8658225 3.1444627,1.0,1.0,0.6,0.5999999994054711,0.4,True,False,False,False
723,2,21 5,1.8653763 1.2452981,1.0,0.7,0.3,0.27713635820984833,0.39999999999999997,True,True,True,False
724,12,22 17,1.4930347 1.3557371,1.0,1.0,0.6,0.3401659138438351,0.4,True,False,False,False
725,10,28 22,3.6905157 2.4626503,1.0,0.8,0.15,0.2950748332815914,0.65,True,True,True,False
726,5,4 28,2.3474303 7.0097323,1.0,0.45,0.25,0.05000000004968456,0.2,True,True,True,False
727,9,2 17,1.3286622 1.5069614,1.0,1.0,0.35,0.36058932208208105,0.65,True,False,False,False
728,0,9 22,4.0719035 2.8792056,1.0,0.9,0.1,0.44926638340026537,0.8,True,True,True,False
729,7,22 21,1.569799 3.205718,1.0,1.0,0.6,0.5999999999991822,0.4,True,False,False,False
730,10,23 9,3.5458288 4.6274838,1.0,0.9,0.15,0.44999999999997137,0.75,True,True,True,False
731,3,26 14,2.8756792 4.5622236,1.0,0.9,0.5,0.44999999999999996,0.4,True,True,True,False
732,10,20 21,1.6348733 1.5515393,1.0,0.7,0.15,0.07794622008694041,0.5499999999999999,True,True,True,False
733,10,26 4,1.5146912 4.5589856,1.0,0.45,0.15,0.050000829474307826,0.30000000000000004,True,True,True,False
734,15,27 10,1.3921057 3.0583384,1.0,0.8,0.2,0.35010001604491464,0.6000000000000001,True,True,True,False
735,3,8 20,6.6075995 2.0633709,1.0,0.7,0.5,0.2921186264314995,0.19999999999999996,True,True,True,False
736,7,6 22,3.7803338 1.569799,1.0,1.0,0.6,0.6,0.4,True,False,False,False
737,11,3 5,3.0668441 2.8474917,1.0,0.7,0.1,0.29982021478387755,0.6,True,True,True,False
738,12,11 17,3.3733606 1.3557371,1.0,1.0,0.6,0.5999989274616316,0.4,True,False,False,False
739,15,28 19,3.6121814 2.3591555,1.0,0.9,0.2,0.11154195530764807,0.7,True,True,True,False
740,8,6 28,1.7317839 6.5698423,1.0,0.5,0.1,0.09999999999999964,0.4,True,True,True,False
741,1,23 14,4.7398726 6.8558542,1.0,0.9,0.1,0.44999999998263646,0.8,True,True,True,False
742,7,1 22,3.8131395 1.569799,1.0,1.0,0.6,0.6,0.4,True,False,False,False
743,6,21 23,3.1369087 3.6139497,1.0,1.0,0.6,0.5251095356539632,0.4,True,False,False,False
744,10,24 2,5.0313892 2.1882561,1.0,0.45,0.15,0.05004649238852986,0.30000000000000004,True,True,True,False
745,10,5 21,1.550303 1.5515393,1.0,0.7,0.15,0.10763789149126751,0.5499999999999999,True,True,True,False
746,14,2 16,1.0887471 1.8808917,1.0,0.7,0.3,0.2752820524769282,0.39999999999999997,True,True,True,False
747,11,5 13,2.8474917 3.1142834,1.0,0.7,0.1,0.2999905591896232,0.6,True,True,True,False
748,12,25 16,2.5168614 3.3188633,1.0,1.0,0.6,0.5999999996652148,0.4,True,False,False,False
749,14,0 15,2.2809266 2.6699228,1.0,0.8,0.3,0.16539148938480888,0.5,True,True,True,False
750,11,0 1,2.7658776 1.5287539,1.0,0.6,0.1,0.14937591761821067,0.5,True,True,True,False
751,14,14 18,3.1452859 4.8607843,1.0,0.7,0.3,0.3000000145459574,0.39999999999999997,True,True,True,False
752,9,11 29,2.0699623 2.8743389,1.0,0.7,0.35,0.296688534378451,0.35,True,True,True,False
753,5,7 3,2.2503787 6.2258794,1.0,0.45,0.25,0.050000000150197225,0.2,True,True,True,False
754,10,4 0,4.5589856 1.5304861,1.0,0.9,0.15,0.44723567468856507,0.75,True,True,True,False
755,10,8 25,3.4200776 1.844417,1.0,0.7,0.15,0.0851102846784357,0.5499999999999999,True,True,True,False
756,12,9 21,2.4023617 3.1444627,1.0,1.0,0.6,0.5997651417517271,0.4,True,False,False,False
757,8,21 23,1.5719651 6.3211862,1.0,0.5,0.1,0.09999999999984491,0.4,True,True,True,False
758,7,22 3,1.569799 4.8675677,1.0,1.0,0.6,0.3222749538292468,0.4,True,False,False,False
759,5,23 11,6.7983067 1.820603,1.0,0.45,0.25,0.050109452392296736,0.2,True,True,True,False
760,6,7 23,1.2888409 3.6139497,1.0,0.7,0.6,0.2722559507507232,0.09999999999999998,True,True,True,False
761,11,1 10,1.5287539 2.6819316,1.0,0.5,0.1,0.08338572423323158,0.4,True,True,True,False
762,12,0 6,1.9467683 3.7258479,1.0,1.0,0.6,0.5999999999999999,0.4,True,False,False,False
763,2,20 22,1.5078788 2.0830124,1.0,0.5,0.3,0.10357606324414186,0.2,True,True,True,False
764,4,6 2,2.7495015 1.4375457,1.0,0.9,0.4,0.44657647396918987,0.5,True,True,True,False
765,2,9 0,4.1117091 1.2195825,1.0,0.9,0.3,0.3329357500517789,0.6000000000000001,True,True,True,False
766,3,24 6,4.7970452 3.3254262,1.0,0.9,0.5,0.45,0.4,True,True,True,False
767,1,16 5,1.7618589 2.1584526,1.0,0.7,0.1,0.25476335047072635,0.6,True,True,True,False
768,1,7 3,1.7997788 4.4006335,1.0,1.0,0.1,0.5998532961163817,0.9,True,False,False,False
769,8,4 27,2.3744184 1.8648816,1.0,0.9,0.1,0.29202083368338505,0.8,True,True,True,False
770,3,23 11,6.9635654 3.3365949,1.0,0.9,0.5,0.45,0.4,True,True,True,False
771,0,27 26,3.1701605 1.6775469,1.0,0.7,0.1,0.06474824757027532,0.6,True,True,True,False
772,0,26 2,1.6775469 2.2848174,1.0,0.7,0.1,0.17703464831047527,0.6,True,True,True,False
773,3,13 26,6.6498785 2.8756792,1.0,0.9,0.5,0.44998300189149804,0.4,True,True,True,False
774,12,2 9,1.089887 2.4023617,1.0,1.0,0.6,0.38794140829083706,0.4,True,False,False,False
775,9,8 28,7.0773198 7.8673074,1.0,0.9,0.35,0.44942683779722703,0.55,True,True,True,False
776,5,19 0,2.2761974 1.3503532,1.0,0.9,0.25,0.3998606249725427,0.65,True,True,True,False
777,2,14 17,4.3070965 2.087905,1.0,0.7,0.3,0.30121204856109873,0.39999999999999997,True,True,True,False
778,15,23 12,3.526414 1.1074755,1.0,0.9,0.2,0.4055806845736772,0.7,True,True,True,False
779,1,18 20,4.6104034 2.4941376,1.0,0.9,0.1,0.37644542589605723,0.8,True,True,True,False
780,1,5 10,2.1584526 2.1475857,1.0,0.9,0.1,0.253550060755099,0.8,True,True,True,False
781,1,6 18,1.5548587 4.6104034,1.0,0.6,0.1,0.12731227102109785,0.5,True,True,True,False
782,11,3 4,3.0668441 3.3671458,1.0,0.6,0.1,0.20194656504398129,0.5,True,True,True,False
783,8,9 7,2.5264073 1.3412047,1.0,1.0,0.1,0.25888751649882613,0.9,True,False,False,False
784,14,17 2,1.0704139 1.0887471,1.0,1.0,0.3,0.35940098478039795,0.7,True,False,False,False
785,8,10 15,1.5395562 1.4923602,1.0,0.9,0.1,0.2937160941654294,0.8,True,True,True,False
786,3,24 29,4.7970452 5.097029,1.0,0.8,0.5,0.3455819619888249,0.30000000000000004,True,True,True,False
787,10,20 15,1.6348733 1.5351236,1.0,0.9,0.15,0.2970655930696985,0.75,True,True,True,False
788,0,28 19,3.2948451 4.0449999,1.0,0.7,0.1,0.2962972549279239,0.6,True,True,True,False
789,12,9 5,2.4023617 1.8658225,1.0,0.7,0.6,0.16467575458237854,0.09999999999999998,True,True,True,False
790,1,28 1,4.7810409 1.6606164,1.0,0.6,0.1,0.14764435203910367,0.5,True,True,True,False
791,3,15 20,1.8277896 2.0633709,1.0,1.0,0.5,0.21814683010829602,0.5,True,False,False,False
792,11,10 14,2.6819316 3.6238591,1.0,0.5,0.1,0.10000001778515094,0.4,True,True,True,False
793,11,6 17,1.5297288 1.0618296,1.0,0.6,0.1,0.14970321829664646,0.5,True,True,True,False
794,15,29 19,2.531939 2.3591555,1.0,0.9,0.2,0.26316507558959934,0.7,True,True,True,False
795,3,10 21,1.8756346 3.0362288,1.0,1.0,0.5,0.5999997678709444,0.5,True,False,False,False
796,8,25 8,1.8078719 6.0455258,1.0,0.8,0.1,0.35,0.7000000000000001,True,True,True,False
797,13,26 3,2.3972714 3.2291653,1.0,0.9,0.45,0.4498602124371197,0.45,True,True,True,False
798,2,27 3,2.5557732 3.5011785,1.0,0.8,0.3,0.32719650108865256,0.5,True,True,True,False
799,1,17 23,1.9027735 4.7398726,1.0,1.0,0.1,0.5999988438698921,0.9,True,False,False,False
800,1,11 7,1.802396 1.7997788,1.0,0.7,0.1,0.2402660490208012,0.6,True,True,True,False
801,14,16 1,1.8808917 2.1707361,1.0,0.7,0.3,0.2790580341239192,0.39999999999999997,True,True,True,False
802,15,1 19,1.7068814 2.3591555,1.0,0.6,0.2,0.1439638903578231,0.39999999999999997,True,True,True,False
803,7,23 19,5.0415509 6.3193346,1.0,0.9,0.6,0.44999999999999996,0.30000000000000004,True,True,True,False
804,15,26 22,1.5399567 1.1767174,1.0,0.7,0.2,0.20421313074386319,0.49999999999999994,True,True,True,False
805,4,15 4,1.2897441 2.0410421,1.0,0.7,0.4,0.13045245647605627,0.29999999999999993,True,True,True,False
806,0,4 17,3.8362146 2.4771922,1.0,0.7,0.1,0.301182206674904,0.6,True,True,True,False
807,11,1 26,1.5287539 1.272602,1.0,0.6,0.1,0.09187891993255924,0.5,True,True,True,False
808,10,12 20,2.2366009 1.6348733,1.0,0.7,0.15,0.2998174324994137,0.5499999999999999,True,True,True,False
809,4,1 14,2.6302408 2.2151918,1.0,0.8,0.4,0.3999869267064993,0.4,True,True,True,False
810,8,7 10,1.3412047 1.5395562,1.0,1.0,0.1,0.45952428709179055,0.9,True,False,False,False
811,6,4 22,2.8619442 1.4365868,1.0,1.0,0.6,0.4660071318669242,0.4,True,False,False,False
812,14,27 19,1.4014717 3.2144959,1.0,1.0,0.3,0.47810722062791305,0.7,True,False,False,False
813,14,14 25,3.1452859 3.3220099,1.0,0.8,0.3,0.3031140177511196,0.5,True,True,True,False
814,4,4 5,2.0410421 1.1501711,1.0,0.7,0.4,0.11366148473716126,0.29999999999999993,True,True,True,False
815,15,19 12,2.3591555 1.1074755,1.0,1.0,0.2,0.3338983772413022,0.8,True,False,False,False
816,8,14 27,2.5448569 1.8648816,1.0,0.9,0.1,0.349677009291428,0.8,True,True,True,False
817,9,28 18,7.8673074 7.4100504,1.0,0.9,0.35,0.44249958042497645,0.55,True,True,True,False
818,8,0 12,1.4494162 1.4301331,1.0,1.0,0.1,0.42390375692999727,0.9,True,False,False,False
819,7,12 24,1.4930371 6.5902003,1.0,0.9,0.6,0.4499741554349072,0.30000000000000004,True,True,True,False
820,13,2 14,1.2964327 2.304225,1.0,0.7,0.45,0.30364394095111347,0.24999999999999994,True,True,True,False
821,10,25 28,1.844417 3.6905157,1.0,0.7,0.15,0.06443291944601384,0.5499999999999999,True,True,True,False
822,14,23 29,4.9296863 3.50967,1.0,0.7,0.3,0.3000000007474913,0.39999999999999997,True,True,True,False
823,5,0 4,1.3503532 2.3474303,1.0,0.9,0.25,0.40232083958855275,0.65,True,True,True,False
824,9,20 12,1.9805283 1.2759522,1.0,0.7,0.35,0.2604612006575169,0.35,True,True,True,False
825,4,21 6,2.5435389 2.7495015,1.0,0.9,0.4,0.4363506512579183,0.5,True,True,True,False
826,15,28 26,3.6121814 1.5399567,1.0,0.6,0.2,0.06079283136546125,0.39999999999999997,True,True,True,False
827,7,1 22,3.8131395 1.569799,1.0,1.0,0.6,0.6,0.4,True,False,False,False
828,12,10 18,2.1719322 3.7103533,1.0,0.6,0.6,0.1578203817737273,0.0,True,True,True,False
829,3,10 23,1.8756346 6.9635654,1.0,0.7,0.5,0.12471711873154505,0.19999999999999996,True,True,True,False
830,14,4 29,3.0622133 3.50967,1.0,1.0,0.3,0.30705555473393903,0.7,True,False,False,False
831,8,14 15,2.5448569 1.4923602,1.0,0.9,0.1,0.30398773564473586,0.8,True,True,True,False
832,4,16 6,2.5872732 2.7495015,1.0,0.9,0.4,0.4284957160088388,0.5,True,True,True,False
833,0,29 25,4.3823537 1.9449308,1.0,0.8,0.1,0.33449994218324863,0.7000000000000001,True,True,True,False
834,5,25 11,1.7529302 1.820603,1.0,0.7,0.25,0.25024363135886435,0.44999999999999996,True,True,True,False
835,11,14 26,3.6238591 1.272602,1.0,0.5,0.1,0.10049177379364971,0.4,True,True,True,False
836,14,12 8,1.1340135 4.8154975,1.0,1.0,0.3,0.5161086253945053,0.7,True,False,False,False
837,13,7 6,1.3149995 2.8389773,1.0,0.9,0.45,0.4462609866275833,0.45,True,True,True,False
838,14,6 28,2.112034 5.3474738,1.0,0.7,0.3,0.29999999999985555,0.39999999999999997,True,True,True,False
839,6,22 10,1.4365868 1.487048,1.0,1.0,0.6,0.40785584510907924,0.4,True,False,False,False
840,15,16 18,1.6142734 3.5246116,1.0,0.45,0.2,0.0506655971158313,0.25,True,True,True,False
841,5,27 10,2.923024 1.4204704,1.0,0.7,0.25,0.296453486875141,0.44999999999999996,True,True,True,False
842,6,10 9,1.487048 2.8606768,1.0,1.0,0.6,0.3817315078900701,0.4,True,False,False,False
843,3,17 7,1.8982797 1.7919033,1.0,0.7,0.5,0.16140375770059806,0.19999999999999996,True,True,True,False
844,14,1 8,2.1707361 4.8154975,1.0,0.7,0.3,0.2999999999878239,0.39999999999999997,True,True,True,False
845,1,25 7,2.5362502 1.7997788,1.0,1.0,0.1,0.1695419003150538,0.9,True,False,False,False
846,0,20 6,1.7438455 1.5396343,1.0,0.6,0.1,0.06178133112365205,0.5,True,True,True,False
847,4,20 10,1.4020065 1.1538772,1.0,1.0,0.4,0.32759045063389713,0.6,True,False,False,False
848,14,27 6,1.4014717 2.112034,1.0,0.7,0.3,0.29675563480314016,0.39999999999999997,True,True,True,False
849,11,18 19,3.3751984 3.4744119,1.0,0.8,0.1,0.3930009168610311,0.7000000000000001,True,True,True,False
850,13,9 1,2.2671721 3.0390604,1.0,0.9,0.45,0.4339322891307423,0.45,True,True,True,False
851,11,26 28,1.272602 3.4607645,1.0,0.6,0.1,0.06712591147059557,0.5,True,True,True,False
852,7,7 22,1.2963933 1.569799,1.0,1.0,0.6,0.35330459255877633,0.4,True,False,False,False
853,5,0 7,1.3503532 2.2503787,1.0,0.8,0.25,0.29839124167444225,0.55,True,True,True,False
854,6,13 17,3.4235065 1.4644124,1.0,0.7,0.6,0.2650554616149901,0.09999999999999998,True,True,True,False
855,14,7 15,1.0388548 2.6699228,1.0,0.8,0.3,0.3155652454673286,0.5,True,True,True,False
856,15,24 16,2.5819448 1.6142734,1.0,0.7,0.2,0.1469982111331115,0.49999999999999994,True,True,True,False
857,1,26 4,1.607369 6.5666226,1.0,0.6,0.1,0.20014148334280157,0.5,True,True,True,False
858,6,6 28,3.4916188 3.7912301,1.0,0.9,0.6,0.4500001399308895,0.30000000000000004,True,True,True,False
859,4,0 2,1.1343399 1.4375457,1.0,0.9,0.4,0.33579108778097316,0.5,True,True,True,False
860,13,29 1,2.3242861 3.0390604,1.0,0.8,0.45,0.40000334680333904,0.35000000000000003,True,True,True,False
861,7,2 17,1.419378 1.4676337,1.0,1.0,0.6,0.3657879815602293,0.4,True,False,False,False
862,12,4 5,2.410898 1.8658225,1.0,0.7,0.6,0.16651470835261906,0.09999999999999998,True,True,True,False
863,4,25 14,1.4507516 2.2151918,1.0,0.7,0.4,0.26060516903532577,0.29999999999999993,True,True,True,False
864,5,13 29,6.3959038 2.5644885,1.0,0.45,0.25,0.050000000034403684,0.2,True,True,True,False
865,13,8 17,3.4578031 1.3129914,1.0,0.8,0.45,0.396712756249952,0.35000000000000003,True,True,True,False
866,4,23 28,2.9995239 3.1386719,1.0,1.0,0.4,0.26648411608956557,0.6,True,False,False,False
867,11,19 17,3.4744119 1.0618296,1.0,0.8,0.1,0.326401318595529,0.7000000000000001,True,True,True,False
868,14,22 11,1.1250793 2.0031487,1.0,0.7,0.3,0.291016940710994,0.39999999999999997,True,True,True,False
869,9,8 7,7.0773198 1.3150183,1.0,0.9,0.35,0.4387435724751051,0.55,True,True,True,False
870,2,6 20,2.0649449 1.5078788,1.0,0.7,0.3,0.26749744654322083,0.39999999999999997,True,True,True,False
871,5,29 19,2.5644885 2.2761974,1.0,0.8,0.25,0.2685924483895157,0.55,True,True,True,False
872,8,20 16,1.6091098 1.5028329,1.0,0.5,0.1,0.05986696294926318,0.4,True,True,True,False
873,2,25 1,1.6025426 2.0930464,1.0,0.7,0.3,0.2670733007780608,0.39999999999999997,True,True,True,False
874,14,8 25,4.8154975 3.3220099,1.0,0.7,0.3,0.2697269441255336,0.39999999999999997,True,True,True,False
875,14,1 25,2.1707361 3.3220099,1.0,0.7,0.3,0.2760266862797355,0.39999999999999997,True,True,True,False
876,14,0 23,2.2809266 4.9296863,1.0,0.45,0.3,0.050014985874774355,0.15000000000000002,True,True,True,False
877,9,5 10,1.8844566 1.7951567,1.0,1.0,0.35,0.26480058385716876,0.65,True,False,False,False
878,3,29 0,5.097029 1.8198357,1.0,0.8,0.5,0.3500430518391011,0.30000000000000004,True,True,True,False
879,3,26 3,2.8756792 6.5443346,1.0,0.9,0.5,0.4499995818144662,0.4,True,True,True,False
880,9,11 19,2.0699623 2.6251456,1.0,0.7,0.35,0.29754755272572675,0.35,True,True,True,False
881,4,19 29,2.1304801 2.4823531,1.0,0.8,0.4,0.23889474663867497,0.4,True,True,True,False
882,13,7 3,1.3149995 3.2291653,1.0,0.9,0.45,0.1339162262849591,0.45,True,True,True,False
883,8,6 16,1.7317839 1.5028329,1.0,0.6,0.1,0.12776927304213156,0.5,True,True,True,False
884,5,24 12,2.4097074 2.4568679,1.0,0.6,0.25,0.14987966684018242,0.35,True,True,True,False
885,7,26 4,2.7273053 5.7897808,1.0,0.9,0.6,0.44999999999999996,0.30000000000000004,True,True,True,False
886,13,1 12,3.0390604 1.2963715,1.0,0.9,0.45,0.44806395106372254,0.45,True,True,True,False
887,0,4 19,3.8362146 4.0449999,1.0,0.8,0.1,0.3262034944378749,0.7000000000000001,True,True,True,False
888,5,22 23,2.6839007 6.7983067,1.0,0.45,0.25,0.050001056823895204,0.2,True,True,True,False
889,9,1 11,2.2256867 2.0699623,1.0,0.7,0.35,0.2870510115421432,0.35,True,True,True,False
890,12,29 8,2.7279934 3.6383395,1.0,0.9,0.6,0.1388014396164522,0.30000000000000004,True,True,True,False
891,1,23 3,4.7398726 4.4006335,1.0,0.9,0.1,0.22748272778428197,0.8,True,True,True,False
892,15,20 3,3.6567702 3.5284348,1.0,0.9,0.2,0.4499999999999673,0.7,True,True,True,False
893,6,16 1,3.3005836 3.4367724,1.0,1.0,0.6,0.5999128662146386,0.4,True,False,False,False
894,5,6 10,1.9323301 1.4204704,1.0,0.7,0.25,0.25404195356985315,0.44999999999999996,True,True,True,False
895,9,15 16,1.9709299 2.2341326,1.0,0.8,0.35,0.34294940215874314,0.45000000000000007,True,True,True,False
896,3,24 5,4.7970452 1.839562,1.0,0.8,0.5,0.3506514592626851,0.30000000000000004,True,True,True,False
897,12,20 21,2.47707 3.1444627,1.0,1.0,0.6,0.5999962534270584,0.4,True,False,False,False
898,8,24 25,2.6180009 1.8078719,1.0,0.9,0.1,0.36363818968137973,0.8,True,True,True,False
899,0,6 16,1.5396343 1.5104831,1.0,0.6,0.1,0.10379811543107817,0.5,True,True,True,False
900,15,0 20,2.7559282 3.6567702,1.0,0.8,0.2,0.3514759779885291,0.6000000000000001,True,True,True,False
901,0,10 24,1.672622 4.2217872,1.0,0.8,0.1,0.3418289359414153,0.7000000000000001,True,True,True,False
902,14,8 16,4.8154975 1.8808917,1.0,0.7,0.3,0.29999760771344447,0.39999999999999997,True,True,True,False
903,9,11 26,2.0699623 1.9838814,1.0,0.7,0.35,0.2601020464418677,0.35,True,True,True,False
904,15,14 12,2.3856827 1.1074755,1.0,1.0,0.2,0.38277328487733625,0.8,True,False,False,False
905,5,28 29,7.0097323 2.5644885,1.0,0.45,0.25,0.050000000026391836,0.2,True,True,True,False
906,0,4 20,3.8362146 1.7438455,1.0,0.8,0.1,0.3289242841342779,0.7000000000000001,True,True,True,False
907,2,18 9,3.6835873 4.1117091,1.0,0.7,0.3,0.3000418092111078,0.39999999999999997,True,True,True,False
908,12,21 10,3.1444627 2.1719322,1.0,1.0,0.6,0.5999999647503433,0.4,True,False,False,False
909,15,24 27,2.5819448 1.3921057,1.0,1.0,0.2,0.4163862906855952,0.8,True,False,False,False
910,3,5 14,1.839562 4.5622236,1.0,0.8,0.5,0.35039284838948104,0.30000000000000004,True,True,True,False
911,6,15 16,1.7101656 3.3005836,1.0,1.0,0.6,0.5999997674134601,0.4,True,False,False,False
912,7,23 13,5.0415509 4.8034628,1.0,1.0,0.6,0.3350578830579146,0.4,True,False,False,False
913,11,2 24,0.96612327 3.5921375,1.0,0.8,0.1,0.3171256838106357,0.7000000000000001,True,True,True,False
914,15,3 13,3.5284348 3.5576398,1.0,0.8,0.2,0.2694456374332626,0.6000000000000001,True,True,True,False
915,12,11 14,3.3733606 2.3850779,1.0,0.9,0.6,0.4956585683579621,0.30000000000000004,True,True,True,False
916,11,21 29,1.451333 3.8971194,1.0,0.6,0.1,0.16226157654563106,0.5,True,True,True,False
917,10,17 12,2.3913248 2.2366009,1.0,0.8,0.15,0.1633368283494288,0.65,True,True,True,False
918,3,17 16,1.8982797 3.0501904,1.0,1.0,0.5,0.5999999127580392,0.5,True,False,False,False
919,8,10 19,1.5395562 2.6176716,1.0,0.9,0.1,0.18986344546325748,0.8,True,True,True,False
920,9,4 17,2.4861123 1.5069614,1.0,1.0,0.35,0.36012946194863854,0.65,True,False,False,False
921,11,9 20,3.4468698 3.2828164,1.0,0.7,0.1,0.15633845831669607,0.6,True,True,True,False
922,8,15 14,1.4923602 2.5448569,1.0,0.9,0.1,0.3039877356447359,0.8,True,True,True,False
923,0,2 14,2.2848174 3.9817625,1.0,0.9,0.1,0.34474433887037736,0.8,True,True,True,False
924,11,27 6,1.2805677 1.5297288,1.0,0.6,0.1,0.1494145715440088,0.5,True,True,True,False
925,15,17 2,1.0651719 0.96958937,1.0,1.0,0.2,0.3500628287927806,0.8,True,False,False,False
926,12,0 3,1.9467683 3.7386699,1.0,0.6,0.6,0.1459741615700934,0.0,True,True,True,False
927,10,1 14,1.6416483 4.6278355,1.0,0.45,0.15,0.05000000734228924,0.30000000000000004,True,True,True,False
928,14,16 25,1.8808917 3.3220099,1.0,0.7,0.3,0.25080734336263605,0.39999999999999997,True,True,True,False
929,7,21 1,3.205718 3.8131395,1.0,1.0,0.6,0.5999999999999969,0.4,True,False,False,False
930,14,24 9,3.3990819 3.0584979,1.0,0.9,0.3,0.29761221646002917,0.6000000000000001,True,True,True,False
931,13,17 29,1.3129914 2.3242861,1.0,0.8,0.45,0.38396916816645504,0.35000000000000003,True,True,True,False
932,8,19 14,2.6176716 2.5448569,1.0,0.9,0.1,0.2187254470331973,0.8,True,True,True,False
933,11,9 2,3.4468698 0.96612327,1.0,0.8,0.1,0.2886664436186063,0.7000000000000001,True,True,True,False
934,11,3 28,3.0668441 3.4607645,1.0,0.9,0.1,0.30179053622260676,0.8,True,True,True,False
935,7,2 8,1.419378 4.6499279,1.0,1.0,0.6,0.2114618908532364,0.4,True,False,False,False
936,12,21 27,3.1444627 1.5657502,1.0,1.0,0.6,0.5999999923577373,0.4,True,False,False,False
937,15,2 10,0.96958937 3.0583384,1.0,0.8,0.2,0.3503367132214863,0.6000000000000001,True,True,True,False
938,11,18 23,3.3751984 3.244221,1.0,0.9,0.1,0.28169721312331797,0.8,True,True,True,False
939,12,15 3,2.1473652 3.7386699,1.0,0.6,0.6,0.1457472764681487,0.0,True,True,True,False
940,12,19 13,2.540901 3.6328081,1.0,0.9,0.6,0.12345128852249143,0.30000000000000004,True,True,True,False
941,7,24 21,6.5902003 3.205718,1.0,0.9,0.6,0.45,0.30000000000000004,True,True,True,False
942,7,16 29,3.4442912 6.9466067,1.0,0.9,0.6,0.45000000000000007,0.30000000000000004,True,True,True,False
943,13,12 2,1.2963715 1.2964327,1.0,1.0,0.45,0.34101832449735686,0.55,True,False,False,False
944,3,27 14,2.1542534 4.5622236,1.0,0.8,0.5,0.3500714613960919,0.30000000000000004,True,True,True,False
945,6,0 19,1.5863051 3.0413201,1.0,1.0,0.6,0.35930957703142924,0.4,True,False,False,False
946,13,10 1,1.9869409 3.0390604,1.0,0.9,0.45,0.44991464058127917,0.45,True,True,True,False
947,11,10 17,2.6819316 1.0618296,1.0,0.8,0.1,0.3484008211437863,0.7000000000000001,True,True,True,False
948,12,6 16,3.7258479 3.3188633,1.0,1.0,0.6,0.5999999999998757,0.4,True,False,False,False
949,0,27 18,3.1701605 3.2731853,1.0,0.45,0.1,0.05007267961055417,0.35,True,True,True,False
950,10,26 25,1.5146912 1.844417,1.0,0.7,0.15,0.10857927125295488,0.5499999999999999,True,True,True,False
951,0,11 27,1.465525 3.1701605,1.0,0.6,0.1,0.145426062821298,0.5,True,True,True,False
952,2,14 17,4.3070965 2.087905,1.0,0.7,0.3,0.30121204856109873,0.39999999999999997,True,True,True,False
953,2,24 13,4.5087008 3.622464,1.0,0.9,0.3,0.3114651898224977,0.6000000000000001,True,True,True,False
954,8,1 12,1.5181398 1.4301331,1.0,0.6,0.1,0.10027447372848901,0.5,True,True,True,False
955,13,18 2,3.4594536 1.2964327,1.0,0.7,0.45,0.2581886391677214,0.24999999999999994,True,True,True,False
956,7,2 17,1.419378 1.4676337,1.0,1.0,0.6,0.3657879815602293,0.4,True,False,False,False
957,5,25 24,1.7529302 2.4097074,1.0,0.9,0.25,0.42560202269055725,0.65,True,True,True,False
958,15,29 22,2.531939 1.1767174,1.0,1.0,0.2,0.3142493124154824,0.8,True,False,False,False
959,11,2 25,0.96612327 3.7397107,1.0,0.8,0.1,0.34999989984217567,0.7000000000000001,True,True,True,False
960,5,9 22,2.1497084 2.6839007,1.0,0.6,0.25,0.1497106467122069,0.35,True,True,True,False
961,3,28 2,7.2500149 1.7110883,1.0,0.45,0.5,0.05000091572659396,-0.04999999999999999,False,True,True,False
962,1,2 6,1.7565347 1.5548587,1.0,0.6,0.1,0.1461611559975541,0.5,True,True,True,False
963,4,29 26,2.4823531 2.0967598,1.0,0.8,0.4,0.40000094853018814,0.4,True,True,True,False
964,6,2 24,1.2528591 3.1357686,1.0,1.0,0.6,0.46725414173968544,0.4,True,False,False,False
965,15,5 14,2.8911781 2.3856827,1.0,0.6,0.2,0.15092423956448267,0.39999999999999997,True,True,True,False
966,12,1 0,3.7728147 1.9467683,1.0,1.0,0.6,0.5999999999999998,0.4,True,False,False,False
967,6,20 15,1.6499857 1.7101656,1.0,1.0,0.6,0.3430158347875511,0.4,True,False,False,False
968,3,29 8,5.097029 6.6075995,1.0,0.8,0.5,0.34999998528602705,0.30000000000000004,True,True,True,False
969,15,5 4,2.8911781 2.1479588,1.0,0.7,0.2,0.17090400787852517,0.49999999999999994,True,True,True,False
970,1,12 5,1.764631 2.1584526,1.0,0.9,0.1,0.298243538157629,0.8,True,True,True,False
971,14,13 14,4.5510903 3.1452859,1.0,0.8,0.3,0.33365832625465947,0.5,True,True,True,False
972,6,23 8,3.6139497 3.4390135,1.0,0.8,0.6,0.19189582892750517,0.20000000000000007,True,True,True,False
973,7,7 3,1.2963933 4.8675677,1.0,0.7,0.6,0.3055219902160622,0.09999999999999998,True,True,True,False
974,4,10 9,1.1538772 2.1220022,1.0,0.7,0.4,0.15713274608591957,0.29999999999999993,True,True,True,False
975,4,10 12,1.1538772 1.4623382,1.0,0.9,0.4,0.34313952169811895,0.5,True,True,True,False
976,8,17 11,1.4984699 1.6527219,1.0,0.5,0.1,0.10378129130071115,0.4,True,True,True,False
977,11,3 10,3.0668441 2.6819316,1.0,0.7,0.1,0.3000000308005313,0.6,True,True,True,False
978,10,14 23,4.6278355 3.5458288,1.0,0.9,0.15,0.4499999999996665,0.75,True,True,True,False
979,2,27 17,2.5557732 2.087905,1.0,0.45,0.3,0.050008542417762855,0.15000000000000002,True,True,True,False
980,15,22 23,1.1767174 3.526414,1.0,0.9,0.2,0.40237068076364146,0.7,True,True,True,False
981,13,27 7,1.5930907 1.3149995,1.0,1.0,0.45,0.34884985394900303,0.55,True,False,False,False
982,9,19 29,2.6251456 2.8743389,1.0,0.9,0.35,0.22496742086422553,0.55,True,True,True,False
983,10,16 19,1.405529 4.8576873,1.0,0.45,0.15,0.050000000045387655,0.30000000000000004,True,True,True,False
984,5,13 15,6.3959038 1.4235519,1.0,0.8,0.25,0.3500000000001044,0.55,True,True,True,False
985,13,13 25,3.3278181 2.523836,1.0,0.8,0.45,0.37831711818921887,0.35000000000000003,True,True,True,False
986,0,17 16,2.4771922 1.5104831,1.0,0.6,0.1,0.13131495890253037,0.5,True,True,True,False
987,5,17 12,2.4592839 2.4568679,1.0,0.8,0.25,0.27975560029810687,0.55,True,True,True,False
988,14,20 19,2.9552294 3.2144959,1.0,0.8,0.3,0.3094206051997448,0.5,True,True,True,False
989,8,10 2,1.5395562 1.4873224,1.0,0.9,0.1,0.28480004367990547,0.8,True,True,True,False
990,5,13 2,6.3959038 2.2900251,1.0,0.45,0.25,0.050000001919773024,0.2,True,True,True,False
991,6,4 22,2.8619442 1.4365868,1.0,1.0,0.6,0.4660071318669242,0.4,True,False,False,False
992,9,29 22,2.8743389 1.6792478,1.0,0.9,0.35,0.3839397272014308,0.55,True,True,True,False
993,13,12 3,1.2963715 3.2291653,1.0,0.9,0.45,0.27408501450399597,0.45,True,True,True,False
994,12,27 12,1.5657502 1.0955735,1.0,1.0,0.6,0.35451278915032314,0.4,True,False,False,False
995,4,9 21,2.1220022 2.5435389,1.0,0.8,0.4,0.4000463448864466,0.4,True,True,True,False
996,5,18 8,6.4712684 6.3169841,1.0,0.8,0.25,0.3498899443859194,0.55,True,True,True,False
997,10,22 21,2.4626503 1.5515393,1.0,0.6,0.15,0.0923563840948495,0.44999999999999996,True,True,True,False
998,1,12 10,1.764631 2.1475857,1.0,1.0,0.1,0.20333154426287373,0.9,True,False,False,False
999,10,21 5,1.5515393 1.550303,1.0,0.7,0.15,0.10763789149126751,0.5499999999999999,True,True,True,False
